Earl_59,"MT @jphilman0206: It's always darkest before dawn. Don't Stand Down, STAND UP! #ChooseCruz &amp; we win https://t.co/kCXZYmQ20P #CruzCrew #PJNET"
HillaryCt4,RT @FloridaforHRC: Well written. The 1996 Article Every Millennial Should Read - Truth..we lived it. #ImWithHer https://t.co/7gszZzmKZl htt‚Ä¶
CaskieW,RT @Network_Citizen: MT @Saint_Obama: Ted Cruz is attacked by the MSM DNC &amp; GOP. Ted's my Guy! https://t.co/yHyVdRgVCE #CruzCrew #PJNET
leilaibi,RT @WayneDupreeShow: Boston Globe smears GOP front-runner Donald Trump with fake Sunday front-page headline https://t.co/AYgT1aLpMo #TrumpT‚Ä¶
deedee862,"@ACLU where's ur fight when we Americans of all colors are being ignored,lied to and our voices ignored #saveamerica https://t.co/vCK0QO0TpX"
AccelerateTiwt,RT @NadelParis: Finger waggin' PinocchioCommunist needs2go #ImWithHer #millennialsforhillary #NewYorkPrimary https://t.co/6lveV70TZ3 https:‚Ä¶
Verona83,RT @ImagineAnna: Delicate #Cruzbots cant handle disagreement. They're worse than liberals. They crave talk radio safe spaces! #CruzCrew #Wa‚Ä¶
NelsyUmanzor,"RT @WeNeedHillary: Wyoming Caucus Results https://t.co/8TJkWlcFCY
7-7 TIE on delegates
#ShesWithUs #ImWithHer #TNTweeters #FleeTheBern http‚Ä¶"
RepStevenSmith,"Great research, Mitch. Hopefully @tedcruz and the #CruzCrew will read the Constitution someday. https://t.co/ghGrEJmyvW"
telvia_hurtado,"RT @AwakeDeborah: The Truth is like a lion. . . .
Blessed Sunday y'all!üííüíñüå∫üå∑üå∏
#LionTed
#CruzCrew
#NYPrimary https://t.co/ao5hHcc6Rg"
mznannalouise,RT @amrightnow: Trump About You @realDonaldTrump #realdonaldtrump #VoteTrump2016 #TrumpTrain Watch https://t.co/j58e8aacrE https://t.co/dyu‚Ä¶
LucySullivan888,"RT @Campaign_Trump: NEW Emerson College New York Poll!
Trump 56%
Cruz 22% - loser
Kasich 17% - boozer
#MakeAmericaGreatAgain! https://t.co/‚Ä¶"
starknightz,"He tweeted this after the steal!!
Celebrates the steal!
#Colorado
#TrumpTrain
#Trump2016 https://t.co/Ggin1RiTSp"
ImaLindatoo,"RT @realDonaldTrump: ""@governor_savage: @realDonaldTrump is the only person who can save us from this corrupt political mess. #MakeAmericaG‚Ä¶"
YockeyWendy,RT @CliffWilkin: MT @bcwilliams92: Rush - #TedCruz Fought the Washington Establishment. Trump Donated to it. https://t.co/d3qxoVYzlp #CruzC‚Ä¶
heatherhook_,when you start a weight loss challenge but everyone and their mom has a birthday celebration this week
DrSueDVM,RT @Shooters_Wife: .@tedcruz: RT if you're tired of being called anti-immigrant because you want people to come here legally &amp; to enforce t‚Ä¶
deedee862,"RT @22Americanfirst: #Trump2016 #Trump #TrumpTrain #MakeAmericaGreatAgain #DonaldTrump #OnlyTrump #PresidentTrump #WomenForTrump
   https:/‚Ä¶"
IfAnthonyWasOk,"RT @RichardAngwin: Don't drink the Clinton media Kool-Aid‚Ñ¢. Bernie needs 56.5% of remaining pledged delegates.
#FeelTheBern #ImWithHer http‚Ä¶"
sarahbarnswte,RT @NadelParis: Finger waggin' PinocchioCommunist needs2go #ImWithHer #millennialsforhillary #NewYorkPrimary https://t.co/6lveV70TZ3 https:‚Ä¶
NelsyUmanzor,"RT @WeNeedHillary: Is Hillary Clinton qualified to be president? https://t.co/BLRhSVwd8r
#ShesWithUs #ImWithHer #TNTweeters https://t.co/b7‚Ä¶"
burberryant,"RT @GodlessNZ: #JaneSanders beautiful inside &amp; out will be smart, strong, dignified #FLOTUS &amp; #JOTUS we &lt;3 you two #FeelTheBern https://t.c‚Ä¶"
OnsightIT,RT @VeryVeriViral: The historic rise of #FeelTheBern Trailing #ImWithHer by 4.4 pts for #Democratic Presidential Nom! #ResistCapitalism htt‚Ä¶
RainforthRegina,RT @trump_world: TRUMP - Real Life HERO - Standing up to protect our AMERICA - @realDonaldTrump #MakeAmericaGreatAgain #Trump2016 https://t‚Ä¶
AnthonyJRomano,"RT @realDonaldTrump: ""@jlopez05391: @realDonaldTrump Rochester loves you! See you tomorrow! #MakeAmericaGreatAgain #Trump2016 #TrumpTrain""‚Ä¶"
ZVandeebgrr,RT @NadelParis: Finger waggin' PinocchioCommunist needs2go #ImWithHer #millennialsforhillary #NewYorkPrimary https://t.co/6lveV70TZ3 https:‚Ä¶
AmazonTraveler,"How many ""saints"" have to die by gun violence for there to be action for reasonable gun control? #ImWithHer  https://t.co/EoTxDkFmiH"
Trumphanatic,"RT @amrightnow: ""The Real Trump"" ""Trump About You"" Make #1 https://t.co/j58e8aacrE  #MakeAmericaGreatAgain https://t.co/gTjJcc6sXN"
PastorSwovey,RT @Able_49: MT @Saint_Obama: Ted Cruz is attacked by the MSM DNC &amp; GOP. Ted's my Guy! https://t.co/bMyNlgTP3q #CruzCrew #PJNET
WineGuyVenice,"RT @amrightnow: ""The Real Trump"" ""Trump About You"" Make #1 https://t.co/j58e8aacrE  #MakeAmericaGreatAgain https://t.co/gTjJcc6sXN"
NelsyUmanzor,"RT @WeNeedHillary: White House: Clinton qualified to be president https://t.co/8zBLtaL8XZ
#ShesWithUs #ImWithHer #TNTweeters https://t.co/v‚Ä¶"
msikiaji,RT @viciousbabushka: Hulk Smash #tcot #UniteBlue #StopTrump #pjnet #ImWithHer #FeelTheBern https://t.co/cXTpdb8Upm
CaitDawg385,@Jake_Converse  are you going live ever again? I feel like I'm not getting YouNow notifs anymore!
AmberGirl3,".@KFoleyFL Is that a threat? How are Trump supporters going to be held ""accountable?"" #MakeAmericaGreatAgain #UScitizensFirst #BuildTheWall"
DrSueDVM,RT @RichardJSunkle: #CruzCrew https://t.co/7DfrZpujjA
simonithink,RT @nepafortrump: #WeThePeople of PENNSYLVANIA support @realDonaldTrump &amp; PA DELEGATE @George_Blauer (PA-17) to #MakeAmericaGreatAgain http‚Ä¶
BonnieTreon,RT @skyoversc: #BernieOrBust https://t.co/W6FX3Nt4aM
meetnpatatas,RT @TweetingYarnie: Oregon Independent voters u have to be reg as Dem to vote for Bernie&gt; https://t.co/QiHMj3q7Xa #Portland #ORprimary  htt‚Ä¶
ctzen66,"RT @Eyesore42: #LyingTed has zero chance, get over it #CruzBots! #CruzCrew #NeverTed #TrumpTrain https://t.co/OZksN0DcWn"
burberryant,RT @Flipzon: #ImWithHer #ImWithJane #FeelTheBern https://t.co/RX6YmoyGrs
JoanFr2,RT @scalpatriot: Soros is investing in frustrating the American political process and Cruz is willfully participating  https://t.co/Zjc88mz‚Ä¶
AnitaDWhitee,RT @nepafortrump: @realDonaldTrump @governor_savage @DanScavino @CLewandowski_ @heytana @michaelglassner https://t.co/lpMQq1agBd https://t.‚Ä¶
ReneeRose723,"#FeelTheBern
#NotMeUs
#NYPrimary https://t.co/pWXF5V4om3"
paverpete1,"RT @jstines3: .@TedCruz AIPAC speech earned cheering standing ovations! https://t.co/H35F5sEi8G 

#CruzCrew #PJNET# TCOT  https://t.co/xlxV‚Ä¶"
deculley,Becoming clear that the #TrumpTrain is a 1 man operation that is being outmaneuvered on all fronts.
AspartameBoy,RT @LivNow: Truckers have epic plan if brokered convention occurs https://t.co/34AlaknLQs @realDonaldTrump #MakeAmericaGreatAgain
GlennMorrisUSA,"RT @TheGOPReport: The whole GOP would have looked golden if they said ""Trump can help clean the mess in Washington"" from the beginning http‚Ä¶"
CodysdadEd,GOD BLESS A TRUE AMERICAN STANDING FOR THE HIS RIGHTS IN NJ. JOSEPH HORNICK IS THAT MAN! EVERYONE #VOTETRUMP #NY #PA https://t.co/FaHHgJ74jZ
6kmoeqie,RT @NadelParis: Finger waggin' PinocchioCommunist needs2go #ImWithHer #millennialsforhillary #NewYorkPrimary https://t.co/6lveV70TZ3 https:‚Ä¶
firstmal,"RT @realDonaldTrump: ""@governor_savage: @realDonaldTrump is the only person who can save us from this corrupt political mess. #MakeAmericaG‚Ä¶"
tivids,RT @maxlydic: #TrumpTrain riders 6 hrs 7 mins to the Trump Rally Rochester  NY 3 PM EDT 4-10-16 https://t.co/dlpofoD9IS https://t.co/bJyPQ8‚Ä¶
508zamo,RT @kupajo322: @nytimes https://t.co/x7Y7RTpfQ2
jessheehan,This is a Philadelphia mural. #FeelTheBern #ImWithHer #Philly #BernieSanders #Hillary2016 üì∑ @Chris_Pozzi https://t.co/Zp160c18lf
keithjmilladr57,RT @NadelParis: Finger waggin' PinocchioCommunist needs2go #ImWithHer #millennialsforhillary #NewYorkPrimary https://t.co/6lveV70TZ3 https:‚Ä¶
magsagain2,RT @skyoversc: #BernieOrBust https://t.co/hrHwerfpoh
CaskieW,RT @Trumplersux1: #NYPrimary #NewYorkValues #NewYorkPrimary #NeverTrump #DumpTrump #CruzCrew  https://t.co/qkWPRNHy84
NelsyUmanzor,RT @jupiter896: #ImWithHer #ShesMostQualified #ITrustHillary #Vote4Hillary #SheWillWin #BernieCantwin #UniteBlue #TNTweeters  https://t.co/‚Ä¶
Wascally7Wabbit,"RT @RichardAngwin: Don't drink the Clinton media Kool-Aid‚Ñ¢. Bernie needs 56.5% of remaining pledged delegates.
#FeelTheBern #ImWithHer http‚Ä¶"
EddieHabiibz,RT @NadelParis: Finger waggin' PinocchioCommunist needs2go #ImWithHer #millennialsforhillary #NewYorkPrimary https://t.co/6lveV70TZ3 https:‚Ä¶
MatthewDraud,RT @skyoversc: #BernieOrBust https://t.co/1U79g5Zqy8
blotsofcfie,RT @NadelParis: Finger waggin' PinocchioCommunist needs2go #ImWithHer #millennialsforhillary #NewYorkPrimary https://t.co/6lveV70TZ3 https:‚Ä¶
AmyGreggthatsme,"RT @noopdoggy: ALL voters that have already voted 4 Trump,CHANGE YOUR VOTING STATUS 2 INDEPENDANT this week,OFFICIAL #RNC_DUMP RT! https://‚Ä¶"
JohnNutzmna,RT @NadelParis: Finger waggin' PinocchioCommunist needs2go #ImWithHer #millennialsforhillary #NewYorkPrimary https://t.co/6lveV70TZ3 https:‚Ä¶
hermibaby,"RT @realDonaldTrump: ""@governor_savage: @realDonaldTrump is the only person who can save us from this corrupt political mess. #MakeAmericaG‚Ä¶"
Sheep2Wolves,"RT @WDFx2EU: Gratz, #CruzCrew, you got your establishment #Rhino https://t.co/HnFsA9TdFY"
JohnsonColleeg,RT @NadelParis: Finger waggin' PinocchioCommunist needs2go #ImWithHer #millennialsforhillary #NewYorkPrimary https://t.co/6lveV70TZ3 https:‚Ä¶
ranzo151,RT @Libertea2012: RT: It's a Revolution | @BernieSanders (Web) #FeelTheBern #NYforBernie‚Ä¶ https://t.co/5hBKaJlrd2 #BernieStrong https://t.c‚Ä¶
wrs1260,RT @MichelleMeyer10: .@WDFx2EU @DrDaveOrts #TrumpTrain RT @cologop blocked Larry Wayne Lindsey from being @realDonaldTrump delegate #CO htt‚Ä¶
oanneh,"RT @TrumpNewMedia: .@realDonaldTrump GOP will steal this election from #DonaldTrump #FightBack
https://t.co/JKGdz9D3QV
#VoteTrump
#tcot htt‚Ä¶"
stksans,RT @jvwdigital: #ImWithHer #Lane_RYS16  https://t.co/WLrgWc3Quf
relaxedinthenow,RT @ArmyDawg77: Interesting article!Thanks for sharing! That's a super-delegate I would like in our camp! #FeelTheBern #BernieOrBust https:‚Ä¶
TedBeaumont,RT @Studs4TrumpOahu: #VoteTrump #MakeAmericaGreatAgain  https://t.co/efZIR3djw5
NelsyUmanzor,RT @ninamills: Prepara para votar por Hillary. #TNTweeters #TNTvote #NYPrimary  #NJPrimary #CTPrimary #ImWithHer #MDPrimary #DEPrimary
afshiontube,RT @NadelParis: Finger waggin' PinocchioCommunist needs2go #ImWithHer #millennialsforhillary #NewYorkPrimary https://t.co/6lveV70TZ3 https:‚Ä¶
NelsyUmanzor,RT @ninamills: #ImWithHer #NYPrimary #TNTweeters #CTPrimary #NJPrimary https://t.co/WnXVxC6FNl
Gelsomino357,"RT @trump_world: ""My superpac? The american people!""
@realDonaldTrump¬†
GO TRUMP!
WE GOT YOUR BACK!
#MakeAmericaGreatAgain
#Trump2016 https:‚Ä¶"
gobiadel,RT @NadelParis: Finger waggin' PinocchioCommunist needs2go #ImWithHer #millennialsforhillary #NewYorkPrimary https://t.co/6lveV70TZ3 https:‚Ä¶
freestuff909,RT @tedcruz: Thank you Colorado for another resounding victory! https://t.co/PXWWcifJKK #ChooseCruz #CruzCrew https://t.co/zhMVq5QpeH
withitinBC,#BernieSanders seeks world Peace #VoteBernie or go to #hellary #Poughkeepsie #rockland #mountvernon #Tappanzee #TZB https://t.co/lfuSvpNaKL
MsGoody91,#noalramclocksunday #papa is off to a shoot so me and #Leo crawled in bed with #nana then we‚Ä¶ https://t.co/kOMG4NLTQF
NelsyUmanzor,RT @ninamills: #TNTweeters #TNTvote #AINF #ImWithHer #Brooklyn #NYPrimary #NJPrimary #DEPrimary https://t.co/pKc8EpirHD
resist_r,The Green Equitable Deal https://t.co/55IER7cqTo
BeePolitics,"#ImWithHer for many reasons, dedication to service is one: https://t.co/c3AIucX8Y4  #Vote4Hillary #CAPrimary #Hillary2016 #AmeriCorps"
TrumpNation00,"""Lyin' Ted Cruz's lies are catching up to him! #VoteTrump @realDonaldTrump #MakeAmericaGreatAgain https://t.co/4bq2Au9zFS"""
AmyGreggthatsme,RT @ClownGroovy: ThnkYou COLORADO 4 Lying StealingDelegates &amp; Votes &amp; InGeneral Resembling Congress with TREASONOUS DISHONESTY! Phegh https‚Ä¶
mosby2011,"RT @BikinInMaine: MT @jphilman0206: We need a POTUS to Unite us behind American Values, Constitution, &amp; Liberty https://t.co/eTcb7vdfMM #Cr‚Ä¶"
203Haze,The Awakening. Revolution is now. America Rising. #WeAreBernie #StillSanders  #BernieOrBust  #KeepItInTheGround https://t.co/sh1qePETUs
NoFortunate,Is @SenSanders recent strategy hurting him? What Gould have been a +10 delegate victory in WY was a draw. #ImWithHer
fcapparelli,"RT @ReaganiteGOPer: With #Colorado in the bag, 
last 160 delegates went this way: 
Cruz 152 
Trump 8
Kasich 0
#TrumpTanking #TrumpTrain #Tr‚Ä¶"
NelsyUmanzor,"RT @mcspocky: Keith Olbermann endorses‚Ä¶ https://t.co/iUp3b752qq
#UniteBlue #TopProg #p2 #TNTweeters #ImWithHer #FeelTheBern https://t.co/ia‚Ä¶"
TammyBretzket,RT @ArRuple: It's no longer a question of who or whenüî¥‚ö™üîµIt's Donald and the time is NOW! #AlwaysTrump ‚úî #MakeAmericaGreatAgain ‚úî https://t.‚Ä¶
mohammedabsnuha,RT @NadelParis: Finger waggin' PinocchioCommunist needs2go #ImWithHer #millennialsforhillary #NewYorkPrimary https://t.co/6lveV70TZ3 https:‚Ä¶
bearcrawford,"RT @DonJTrump4Pres: A great quote from a great man!

#NYPrimary #AmericaFirst #TrumpTrain #Trump2016 https://t.co/ltbq0y2cY9"
AnthonyJRomano,"RT @realDonaldTrump: ""@governor_savage: @realDonaldTrump is the only person who can save us from this corrupt political mess. #MakeAmericaG‚Ä¶"
Patta47cake,RT @slipcases: #Bernbot with sock account tries to lecture Hillary Clinton. Forgets the irony. https://t.co/GkBfPtZ80J
MelTheInfidel,"Donald Trump‚Äôs Kids Donate to Democrats. The apples don't fall far from the tree. #NewYorkPrimary 
üá∫üá∏ #ChooseCruz üá∫üá∏ https://t.co/Ovm0x43XgT"
Davisx3m,RT @skyoversc: #BernieOrBust https://t.co/W6FX3Nt4aM
22emails,Lol. #WhichHillary #WitchHillary #HillaryForPrison #22emails https://t.co/xdO8pubA9o
Kodie2038Donna,@clasgolf1 @mr_oogy_boogy @gary_slavens good one! #CrushCruzNY #crushkasich let's kick butt #TrumpTrain #WomenforTrump #MenforTrump
jbr5100,RT @TrumpStudents: We are now in Montana and Idaho! The movement continues to grow. We will win the White House! #Trump2016 #TeamTrump #Mak‚Ä¶
TrippSteve,"RT @realCalvinHobbs: Hal Moroz Lawyer, Author and Veterans Advocate Endorses Donald Trump for President https://t.co/I2feUHjSFg #NY #vets h‚Ä¶"
wrs1260,RT @MichelleMeyer10: #BreakingNews Tragedy @NFL @iWillSmith murdered in road rage incident his wife also shot but has survived. Pray for th‚Ä¶
dnauerbach13,RT @TimBartender: HRC supporters brag about results from a rigged election. Then they wonder why I'm #BernieorBust #FeelTheBern https://t.c‚Ä¶
NelsyUmanzor,RT @ninamills: #ImWithHer #YesHills #NYPrimary #NJPrimary #MDPrimary #DEPrimary #CTPrimary #TNTweeters https://t.co/5xN3BfuscW
AmeriJeepRang2,RT @CliffWilkin: MT @TexanCat #WeThePeople have asked for this brand of leadership for years. It's time: VOTE CRUZ! https://t.co/PujHpQ9NaG‚Ä¶
pasusupa55,https://t.co/6YtAl2vFZx
ohiomail,RT @MMViverito: And then there is this...#ImWithHer #EstoyConElla #EstamosConElla #WeAreWithHer cc: @HillaryClinton https://t.co/6c4aq5xyua
waltermoore5,"RT @healthandcents: The Life-Saving Power of üî´‚ÄºÔ∏èSecond Amendment Prevented Beheading in Oklahoma 

https://t.co/wp5Vk4NTLt
.@realDonaldTrum‚Ä¶"
Bill_in_schneks,Well guess what - most Americans (other than obama) know that Iran is a shit hole country filled with terrorists  https://t.co/Xt5hWOMGcc
jimmygarner,RT @trump_world: TRUMP - Real Life HERO - Standing up to protect our AMERICA - @realDonaldTrump #MakeAmericaGreatAgain #Trump2016 https://t‚Ä¶
BexvonAltena,RT @realDonaldTrump: Thank you! #MakeAmericaGreatAgain https://t.co/sVUWI7JoGn
mommags2579,RT @TrumpStudents: We are now in Montana and Idaho! The movement continues to grow. We will win the White House! #Trump2016 #TeamTrump #Mak‚Ä¶
g_gib1n3os,RT @NadelParis: Finger waggin' PinocchioCommunist needs2go #ImWithHer #millennialsforhillary #NewYorkPrimary https://t.co/6lveV70TZ3 https:‚Ä¶
ft14051,RT @adnilxa: I agree with George #ImWithHer https://t.co/kQlUN6xLSB
tonyvaughan,"""All the chance that I need is oneinamillion and they can call me brilliant if i succeed"" - Ani DiFranco, Swan Dive https://t.co/2c3mbZV1JC"
peregrineparty,RT @AmyMek: Globalists r so threatened by Trump they pay rent-a-mobs 2 disrupt. #TrumpTrain is about 2 derail their gravy Train! https://t.‚Ä¶
_MarvinByrd,RT @lightnk51: Thumbs Up https://t.co/yeUmP2gAmL
hotsy7,"RT @RepStevenSmith: Great research, Mitch. Hopefully @tedcruz and the #CruzCrew will read the Constitution someday. https://t.co/ghGrEJmyvW"
sunbeltgirl,MT @cruzgrassroots: Only #TedCruz published a Plan to Shrink Government. #TCOT #TLOT https://t.co/DAfQRAyGGH #CruzCrew #PJNET
HarveyAckerman,"Excuse me,  but you #StopTrump  &amp; #nevertrump people need to consider what you going to do when you wake up!
#VoteTrump #NY"
SayPabon,RT @Berlinrugby: Told ya he was at 56% probably will be more like 60% soon  https://t.co/Ev9nbqJPUF
BexvonAltena,"RT @JudgeMoroz: Not since President Reagan has the @GOP been so poised to #MakeAmericaGreatAgain as it is with @realDonaldTrump  
https://t‚Ä¶"
billnsher42197,"RT @sizzlesride: YIP Here's his plan:  https://t.co/vipCUOjyXX
#ChooseCruz  #Jobs  https://t.co/eVAJzVrptP"
Ryan_C_Roberts,@SEPTVEN sound cloud is money AF
dzdncnfzd3,RT @farmerdarrell: .@osbornecrew (tha babyüçºknows) #NeverHillary!! @BrightMoments @dzdncnfzd3 @Vtcozy @Maxplatypus @Kkigar #BernieOrBust htt‚Ä¶
castruita_c,"RT @JudgeMoroz: Behold the real #CruzCrew ...

And @tedcruz will do &amp; say whatever it takes to please his donors. https://t.co/GB0lVuckmT"
_belle_curve_,"RT @Europe4Sanders: Hi #ImWithHer -it's never too late to change your life- join the revolution! #BridgeToBernie https://t.co/v9fW9gtUJi
ht‚Ä¶"
b13853s,RT @vmpcott: #TedCruz tells Rush Limbaugh in 2013 he Never Supported AMNESTY  6/19/2013 https://t.co/NyLpUUBBMh via @YouTube #CRUZCREW #PJN‚Ä¶
dontunderstands,"$14 trillion in new taxes over ten years, or about 10% of GDP https://t.co/fKPV83PwwV #FeelTheBern #neverhillary #ImWithHer"
BxBabnayMe,RT @NadelParis: Finger waggin' PinocchioCommunist needs2go #ImWithHer #millennialsforhillary #NewYorkPrimary https://t.co/6lveV70TZ3 https:‚Ä¶
_PatJohnson_,RT @AmberForAmerica: MT @KayQuirk1: Proud to endorse @heidiscruz as First Lady! https://t.co/i525o5sWCl #CruzCrew #PJNET
alpine106,RT @DanScavino: WELCOME TO THE #TrumpTrainüöÇüá∫üá∏ @kirstiealley! #Trump2016 #MAGA  https://t.co/vDTHXWJ5eG
RichTrenk,Running in Portland Maine for the American Kidney Fund https://t.co/6OuHoclW4o
izzybugatti,RT @BilldeBlasio: She's always been a show stopper. Thanks to @HillaryClinton for taking #InnerCircle to the next level. #ImWithHer https:/‚Ä¶
kellydee66,RT @geosplace: Now is the perfect time to challenge the RINO's. The #TrumpTrain is their vehicle. It's a revolution. https://t.co/3V7idBjZrr
stopthepcbs,RT @Shooters_Wife: .@tedcruz: RT if you're tired of being called anti-immigrant because you want people to come here legally &amp; to enforce t‚Ä¶
ZubinF,RT @pellett48: @sasha3taylor @msnbc Bernie became Dem 2 use party &amp; now wants Dems 2 change rules 2 suit him #HillYes https://t.co/rW3C8sJH‚Ä¶
trgore,TED CRUZ IS NOT A LEGAL U.S. CITIZEN  https://t.co/oYnCz7MTOl #Cruz #CruzCrew #Cruz2016 #CruzSexScandal #BusTed #TrusTed #IllegalSenateSeat
waltermoore5,RT @nepafortrump: @realDonaldTrump @governor_savage @DanScavino @CLewandowski_ @heytana @michaelglassner https://t.co/lpMQq1agBd https://t.‚Ä¶
LarrynCosmo,"RT @WayneEdH: Bernie gets ZERO Net Delegates in Wyoming!
Plus HRC has +4 superdelegates in WY.
#ImWithHer
. https://t.co/YPlUZoeARp"
KevlarDj,"RT @ElseMarilyn: #NYValues 
#NYPrimary  #PAprimary  #AlwaysTrump #PresidentTrump
#TrumpTrain #Trump2016 
#NeverCruz 
Love it! https://t.co/‚Ä¶"
Franield,RT @TomDangora: @HillaryClinton is more than qualified #ImWithHer https://t.co/zWktgzFUHG
203Haze,The Awakening. Revolution is now. America Rising. #WeAreBernie #StillSanders  #BernieOrBust  #KeepItInTheGround https://t.co/74FNLV47Hg
williamecurley,"New Jersey, you MUST register as democrats to #VoteBernie! Also, volunteer! https://t.co/wA8nF9Vydo https://t.co/1RmVOSWbmc"
burberryant,RT @Europe4Sanders: ‚Äº Berners in Cali ‚Äº #Bernie2016 #FeelTheBern #BirdieSanders #BernieOrBust #CaliforniaForBernie #CApol #CApolitics https‚Ä¶
Djl31production,True and @realDonaldTrump will work for America #MakeAmericaGreatAgain #Trump2016 #AlwaysTrump https://t.co/mB0bMxmdJs
Montana0323,"RT @Campaign_Trump: #TrumpTrain riders 19 hrs to the Trump Rally Rochester  NY 3 PM EDT Common-Sense
https://t.co/xgapKniKvS https://t.co/R‚Ä¶"
CythWR,RT @rafealcuzr66: #CruzCrew: RT ABC: Ted Cruz completes sweep of Colorado delegates https://t.co/NrJZ7YRosc https://t.co/Kj0sUubjUM
pastormarkburns,Thank you for this video.  #NeverAgain #Trump2016 #TrumpTrain #VoteTrump https://t.co/R3W6xTm39x
usanjusa1,RT @TrumpNewMedia: @realDonaldTrump Cannot #TRUST politicians 'Only #DonaldTrump can &amp; will #MakeAmericaGreatAgain for all Americans'! http‚Ä¶
mcdirk,"RT @PaladinCornelia: 2 weeks ago I tweeted this on #ImWithHer and became brunt of a huge, organized Berniebot attack.  #EndCyBurnBullying h‚Ä¶"
KCforTruth,RT @RichardJSunkle: #CruzCrew https://t.co/7DfrZpujjA
PastorSwovey,"RT @Able_49: MT @_CFJ_:  31 months BEFORE announcing running for4 President, Trump STOOD WITH DREAMers. https://t.co/23lj5lFJSM #CruzCrew #‚Ä¶"
wolfeprowler1,RT @TimBartender: HRC supporters brag about results from a rigged election. Then they wonder why I'm #BernieorBust #FeelTheBern https://t.c‚Ä¶
203Haze,The Awakening. Revolution is now. America Rising. #WeAreBernie #StillSanders  #BernieOrBust  #KeepItInTheGround https://t.co/CYPGWsEUfP
Conserv4Bernie,"RT @Europe4Sanders: Hi #ImWithHer -it's never too late to change your life- join the revolution! #BridgeToBernie https://t.co/v9fW9gtUJi
ht‚Ä¶"
precisepools,"RT @RichardAngwin: Don't drink the Clinton media Kool-Aid‚Ñ¢. Bernie needs 56.5% of remaining pledged delegates.
#FeelTheBern #ImWithHer http‚Ä¶"
JennavilaAvila,"RT @realDonaldTrump: ""@governor_savage: @realDonaldTrump is the only person who can save us from this corrupt political mess. #MakeAmericaG‚Ä¶"
Signal_Studiot,RT @NadelParis: Finger waggin' PinocchioCommunist needs2go #ImWithHer #millennialsforhillary #NewYorkPrimary https://t.co/6lveV70TZ3 https:‚Ä¶
billnsher42197,RT @sow_with_vision: MT @ToddHagopian: GOP deserves better than a protest candidate!!! https://t.co/7IIALA0F4J #CruzCrew #PJNET
joshdunlap1974,RT @geosplace: Now is the perfect time to challenge the RINO's. The #TrumpTrain is their vehicle. It's a revolution. https://t.co/3V7idBjZrr
Bernardvatch,RT @NadelParis: Finger waggin' PinocchioCommunist needs2go #ImWithHer #millennialsforhillary #NewYorkPrimary https://t.co/6lveV70TZ3 https:‚Ä¶
NizamovRus,"RT @bad_bad_bernie: I would rather vote #BernieOrBust and not get it, than vote #HillaryClinton and get it. 

#truth #NoHillary #NoTrump #S‚Ä¶"
Paul_Halyl,RT @NadelParis: Finger waggin' PinocchioCommunist needs2go #ImWithHer #millennialsforhillary #NewYorkPrimary https://t.co/6lveV70TZ3 https:‚Ä¶
GenGoTravel,Thoughts of #spring: The Keukenhof #garden blooms in #Holland. #travel #travelphoto #wanderlust #GenGoTips https://t.co/efUuO9ojzC
usanjusa1,"RT @TrumpNewMedia: @realDonaldTrump YOU WANNA BE RICH #VOTETRUMP. YOU WANNA STAY ON FOOD STAMPS AND WELFARE, VOTE KASICH, CRUZ!
#Trump http‚Ä¶"
sarahwiesbrokcp,RT @NadelParis: Finger waggin' PinocchioCommunist needs2go #ImWithHer #millennialsforhillary #NewYorkPrimary https://t.co/6lveV70TZ3 https:‚Ä¶
Bill_in_schneks,Iran - we don't trust you either. Our idiot president loves our enemies though so he'll negotiate with you https://t.co/Xt5hWOMGcc
jim72182,@kirstiealley to each their own #ImWithHer
KFoleyFL,"A threat, albeit an empty one, is your people telling me they are going to shoot me.  https://t.co/ET3n9s7Ym4"
tisBunny,"RT @MG4NoH8: Bernie Sanders should celebrate his win by #ReleaseTheReturns. 

Seriously. Why is this so hard?

#ImWithHer #FleeTheBern"
RKGREEN1,"RT @DanScavino: #TrumpTrainüöÇüí®üá∫üá∏üá∫üá∏üá∫üá∏üá∫üá∏üóΩ
WELCOME AMERICA'S MAYOR, Rudy Giuliani! #Trump2016 #MAGA 
#NewYorkValues https://t.co/4BvNiCAboU"
_CFJ_,"RT @DrSueDVM: Cruz wins all 34 #Colorado #GOPdelegates! üá∫üá∏üá∫üá∏üá∫üá∏
 
#NewYorkPrimary #ChooseCruz #CruzCrew #tcot #ccot
#PrayForAmerica https://‚Ä¶"
Kodie2038Donna,RT @bing_lbing: #OnlyTrump @realDonaldTrump #MakeAmericaGreatAgain #TrumpTrain üá∫üá∏üá∫üá∏üá∫üá∏üöÇüí®üí®üí®üá∫üá∏üá∫üá∏üá∫üá∏ https://t.co/n1gnzRiKhL
bates512,RT @AmberForAmerica: MT @KayQuirk1: Proud to endorse @heidiscruz as First Lady! https://t.co/i525o5sWCl #CruzCrew #PJNET
magsagain2,RT @skyoversc: #BernieOrBust https://t.co/1LoaINlSlY
kaarcc,RT @NadelParis: Finger waggin' PinocchioCommunist needs2go #ImWithHer #millennialsforhillary #NewYorkPrimary https://t.co/6lveV70TZ3 https:‚Ä¶
boomerforbernie,RT @203Haze: The Awakening. Revolution is now. America Rising. #WeAreBernie #StillSanders  #BernieOrBust  #KeepItInTheGround https://t.co/7‚Ä¶
MccullouchC,RT @nepafortrump: #WeThePeople of PENNSYLVANIA support @realDonaldTrump &amp; PA DELEGATE @George_Blauer (PA-17) to #MakeAmericaGreatAgain http‚Ä¶
kaiaka,RT @nepafortrump: #WeThePeople of PENNSYLVANIA support @realDonaldTrump &amp; PA DELEGATE @George_Blauer (PA-17) to #MakeAmericaGreatAgain http‚Ä¶
CruzinAhead,"Why did the chicken cross the road?
He was scared to debate @tedcruz!!

#NeverTrump #ChooseCruz #DuckingDonald https://t.co/xaw13ecEm5"
stinnett_doug,"RT @Koxinga8: Nearly three-quarters of Republicans think #Trump will be the nominee https://t.co/cZhMSMeCYH via @MailOnline
#TrumpTrain #Tr‚Ä¶"
bja222,Wow!Everyone needs to watch this! Bernie in action taking care of US!#FeelTheBern #BernieOrBust  https://t.co/2xjBCbXTPn
143scottieetesj,RT @NadelParis: Finger waggin' PinocchioCommunist needs2go #ImWithHer #millennialsforhillary #NewYorkPrimary https://t.co/6lveV70TZ3 https:‚Ä¶
CheyenneeTrry,RT @NadelParis: Finger waggin' PinocchioCommunist needs2go #ImWithHer #millennialsforhillary #NewYorkPrimary https://t.co/6lveV70TZ3 https:‚Ä¶
dn_nogqmyd,RT @NadelParis: Finger waggin' PinocchioCommunist needs2go #ImWithHer #millennialsforhillary #NewYorkPrimary https://t.co/6lveV70TZ3 https:‚Ä¶
BboyNRoc,RT @realDonaldTrump: #MakeAmericaGreatAgain #Trump2016 https://t.co/hjygbNsxee
kimberly010960,AMEN! And saving money by hiring illegals https://t.co/MMTX0VxdiW
203Haze,The Awakening. Revolution is now. America Rising. #WeAreBernie #StillSanders  #BernieOrBust  #KeepItInTheGround https://t.co/WIVt6bL26t
USJeffersonianA,@patrick_r3: Be on the right side of history. Join the #BernieOrBUST movement against Plutocracy! https://t.co/XBNk7X2vTQ
withitinBC,"#BernieSanders seeks world Peace #VoteBernie or go to #hellary 

#Tarrytown #Nyack #mountpleasant https://t.co/kc31eKZoZr"
HereMeRoaring,#Woman4Trump up the volume!!  Sheer will and  https://t.co/PioHN4jUF4   https://t.co/oHrYnW8vf6
kateloving,RT @blacktriangle1: #FeelTheBern #BattleOfNewYork #HRC is a mercenary - #VoteBernie for Honesty and Integrity #Solidarity from #Scotland ht‚Ä¶
philipk00,Tuesdays schedule as follows: 8am leave work. 8:15am pick up my little girl at home 8:30am vote for @realDonaldTrump #MakeAmericaGreatAgain
HillaryPix,#HillarySoQualified #ImWithHer #FeelTheBern #BernieSanders #HillaryClinton #NewYorkPrimary #Hillary2016 #NYPrimary  https://t.co/pQMOmFaJaN
jbeckmamaof2,RT @TimBartender: HRC supporters brag about results from a rigged election. Then they wonder why I'm #BernieorBust #FeelTheBern https://t.c‚Ä¶
aaronashton77,"RT @DarleneHBrook: .@newzealblog Donald Trump's HUGE admiration for Globalists https://t.co/k1htaB6NH1 https://t.co/Oxg8v2ljCj
#NYPrimary #‚Ä¶"
EstablshmentWin,Every vote against #Trump from now on just lets The https://t.co/t5ZTASEokc  https://t.co/nzCqQpGb4P
csirigiano,RT LET EVERYONE KNOW WHAT THE GOPe ARE DOING TO THE PEOPLE!! https://t.co/fg8Vl4hK6L
ww725b,"RT @realDonaldTrump: ""@governor_savage: @realDonaldTrump is the only person who can save us from this corrupt political mess. #MakeAmericaG‚Ä¶"
GetSmartsTyo,RT @NadelParis: Finger waggin' PinocchioCommunist needs2go #ImWithHer #millennialsforhillary #NewYorkPrimary https://t.co/6lveV70TZ3 https:‚Ä¶
obasima2,@BernieSanders also voted for d infamous crime bill &amp; he hasn't apologized. @HillaryClinton has apologized. #ImWithHer #BernieOrBust
male75081,"#RIPrimary #RI #Providence #Cranston
If concerned by #trump then #nevertrump gambler in WH
#voteCruz POTUS 4 Growth
https://t.co/x9hXOhboGV"
egannow,"RT @RichardAngwin: Don't drink the Clinton media Kool-Aid‚Ñ¢. Bernie needs 56.5% of remaining pledged delegates.
#FeelTheBern #ImWithHer http‚Ä¶"
Conserv4Bernie,RT @skyoversc: #BernieOrBust https://t.co/cBSCW31iCR
millinium02,"RT @realDonaldTrump: ""@DnGLax:  Yes! Thank U 4 coming to LI! It was a thrill 2 B part of it! U will get the job done! #MakeAmericaGreatAgai‚Ä¶"
MenneAnn,"RT @AwakeDeborah: The Truth is like a lion. . . .
Blessed Sunday y'all!üííüíñüå∫üå∑üå∏
#LionTed
#CruzCrew
#NYPrimary https://t.co/ao5hHcc6Rg"
KCforTruth,RT @ggeett37aaa: MT @cheryl42058: Cruz can fix what has been torn apart! Constitutional Conservative Man! https://t.co/0jJMX0gNlL #CruzCrew‚Ä¶
ryteisryte,"RT @Defund_DC: CLICK ON QUOTED TWEET BELOW THEN RT 300 MILLION TIMES

#TrumpTeam #TrumpArmy #MAGA #Trump2016
VOTE TRUMP

https://t.co/yoFhv‚Ä¶"
BboyNRoc,"RT @realDonaldTrump: ""@Genie115: #MakeAmericaGreatAgain we can only do that with @realDonaldTrump RT https://t.co/RViAgxoa4t"""
JigB,"Let's #MakeAmericaGreatAgain please #VoteTrump in #NYPrimary #TrumpTrain üöÇüí®üá∫üá∏üá∫üá∏üá∫üá∏
#Trump2016 #Trump @realDonaldTrump https://t.co/2wVKuasOJ9"
inyourface34,"RT @PastorOmayra: #TRUMP
#VoteTrump
#NYPrimary
#NewYorkPrimary
#NY #MD
#DE #OR
#CT #CA
#RI #PA
#StopTheSteal @ #ClevelandGOPConvention http‚Ä¶"
HereMeRoaring,#Woman4Trump up the volume!!  Sheer will and  https://t.co/PioHN4jUF4   https://t.co/PSR8GsYVqJ
Jurygal08,@IrishbroKennedy so proud of my husband. #PennsylvaniaForTrump #PhiladelphiaForTrump #BuildTheWall #VoteTrump #MakeAmericaGreatAgain
beatlegirl1971,"Livin' la vida laundry, 5 quarters at a time. üòê"
txjean2014,"RT @male75081: #MDPrimary #MD #Baltimore #rockville
If concerned by #trump then #nevertrump gambler in WH
#voteCruz POTUS 4 Growth
https://‚Ä¶"
DRJAMESCABOT,"RT @CarmineZozzora: @realDonaldTrump And #CruzCrew is cheering @tedcruz on..?

Hello?

#Trump2016 #MAGA #NYPrimary #CAPrimary @FoxNews http‚Ä¶"
waybaby,"RT @CruzinAhead: Why did the chicken cross the road?
He was scared to debate @tedcruz!!

#NeverTrump #ChooseCruz #DuckingDonald https://t.c‚Ä¶"
DJhjoRa,RT @NadelParis: Finger waggin' PinocchioCommunist needs2go #ImWithHer #millennialsforhillary #NewYorkPrimary https://t.co/6lveV70TZ3 https:‚Ä¶
nana_mo_Amelika,"RT @williamecurley: New Jersey, you MUST register as democrats to #VoteBernie! Also, volunteer! https://t.co/wA8nF9Vydo https://t.co/1RmVOS‚Ä¶"
usanjusa1,"RT @TrumpNewMedia: @realDonaldTrump LEAKED: HILLARY/SOROS BEHIND ANTI-TRUMP VIOLENCE! #WATCH: https://t.co/5YnocpV2XU 
#VoteTrump
#tcot htt‚Ä¶"
PhiKapMom,"RT @WeNeedHillary: New York Democratic Polls 2016: Clinton‚Äôs Lead Grows https://t.co/SN8fQXHUhf
#ShesWithUs #ImWithHer #TNTweeters #p2 http‚Ä¶"
raosivan1,RT @voteforclintons: #HillaryClinton2016 #HillYes to want a Secure Future in #Pennsylvania #Millerton - https://t.co/hjZ6N79DrT https://t.c‚Ä¶
bunkerhillexpre,#NJ-THE BEST TOMATOS EVR-GUYS GET ABOARD  #TrumpTrain &amp; ELEC ONLY CAND W/ DEMEANOR-TEMPERAMENT &amp; COMMAND 2-B #POTUS! https://t.co/wID3picCdh
burberryant,RT @skyoversc: #BernieOrBust https://t.co/mORVFM57Mt
carmic14,"RT @RichardAngwin: Don't drink the Clinton media Kool-Aid‚Ñ¢. Bernie needs 56.5% of remaining pledged delegates.
#FeelTheBern #ImWithHer http‚Ä¶"
inyourface34,"RT @PastorOmayra: #TRUMP
#VoteTrump
#NYPrimary
#NewYorkPrimary
#NY #MD
#DE #OR
#CT #CA
#RI #PA
#StopTheSteal @ #ClevelandGOPConvention http‚Ä¶"
WhytePantherRN,#WhytePanther #BernieOrBUST #Boogieman(#OutOfTheDarkness) https://t.co/Ux6NkWETOo https://t.co/D6Mte2IHoT
stevemeredith21,RT @LSUJEFF: MT @stevemeredith21 RT @VetsForDonald https://t.co/93GUMLUXBt
debbie9111963,"RT @realDonaldTrump: ""@jlopez05391: @realDonaldTrump Rochester loves you! See you tomorrow! #MakeAmericaGreatAgain #Trump2016 #TrumpTrain""‚Ä¶"
HereMeRoaring,#Woman4Trump up the volume!!  Sheer will and  https://t.co/PioHN4jUF4   https://t.co/7PAVR0Xs9y
AspartameBoy,"RT @TomekaLasure: @BarbMuenchen @JoanieChesnutt @realDonaldTrump Yes...Everyone coming together, I love it! #MakeAmericaGreatAgain"
Jurygal08,"RT @IrishbroKennedy: #MakeAmericaGreatAgain 
55 year old male first time voter because of trump"
PeggyODL,"RT @jan_pierce: Great article! üòé
 #NeverTrump
#CruzCrew https://t.co/OMNQQh8b1K"
NikkiMillward,"RT @DrSueDVM: Cruz wins all 34 #Colorado #GOPdelegates! üá∫üá∏üá∫üá∏üá∫üá∏
 
#NewYorkPrimary #ChooseCruz #CruzCrew #tcot #ccot
#PrayForAmerica https://‚Ä¶"
AnitaNelam,RT @Xultar: Yet #BernieOrBust. And no support from Bernie for downstream races to take back the senate &amp; house or 4 state races https://t.c‚Ä¶
pbots54,RT @realCalvinHobbs: Delegate Randy Smith WV Endorses Donald Trump for President #NY https://t.co/ipQI1GLTDS #NeverCruz #TrumpTrain #PA htt‚Ä¶
Sweetatertot,RT @WayneDupreeShow: Boston Globe smears GOP front-runner Donald Trump with fake Sunday front-page headline https://t.co/AYgT1aLpMo #TrumpT‚Ä¶
dapdaddy,RT @Xultar: Yet #BernieOrBust. And no support from Bernie for downstream races to take back the senate &amp; house or 4 state races https://t.c‚Ä¶
abakwrboy,RT @peterdaou: PEOPLE VS PUNDITS: How Millions of Voters Are Demolishing Anti-Hillary Narratives https://t.co/2VKWJUR8xX #HillaryClinton #I‚Ä¶
eshep,@RustproofBottom @lkychrm8060 You know you live in Maine when it's totally normal to wear sandals and gloves.
YockeyWendy,RT @CliffWilkin: MT @LynnMarki: CRUZ ALWAYS keeps his promises! https://t.co/UBQQc2ZgT4 #CruzCrew #PJNET
bluanddogs,RT @nepafortrump: #WeThePeople of PENNSYLVANIA support @realDonaldTrump &amp; PA DELEGATE @George_Blauer (PA-17) to #MakeAmericaGreatAgain http‚Ä¶
kimeholt,"RT @realDonaldTrump: ""@governor_savage: @realDonaldTrump is the only person who can save us from this corrupt political mess. #MakeAmericaG‚Ä¶"
Bill_in_schneks,True Americans know you are the enemy. You cannot be trusted. You will be defeated when Trump gets in https://t.co/Xt5hWOMGcc
diamactive2001,RT @pastormarkburns: Thank you for this video.  #NeverAgain #Trump2016 #TrumpTrain #VoteTrump https://t.co/R3W6xTm39x
billpierce1488,"RT @TrumpMemesDaily: Liberals love to point the finger and chant racist, don't let them get to you #TrumpTrain #Trump2016 https://t.co/xgKw‚Ä¶"
ggeett37aaa,MT @jphilman0206: What we need in Washington is a Servant of the People. #ChooseCruz https://t.co/oZZyQ9BTBH #CruzCrew #PJNET
MegAlthaHope,*still drunk* :(
aquarharris688,Those that refuse to admit that Hillary is not under investigation are just stoking GOP Lies! #ImWithHer  https://t.co/JmFY486Gp5
kopal1709,@theonlyadult #ImWithHer https://t.co/dPiDb1Kwke
ROCify,"RT @withitinBC: #BernieSanders seeks world Peace #VoteBernie or go to #hellary #NYdems #newyorkdems #LongIsland #Nassau
#rochester https://‚Ä¶"
RainforthRegina,"RT @ImagineAnna: Cruz supporters: Glenn Beck, Kevin Swanson, Troy Newman (Google them) #CruzCrew #CruzSexScandal #WakeUpAmerica #tcot https‚Ä¶"
letsrollamerica,@pjbowles @faagifts @realDonaldTrump @politico #NoMorePoliticians #CruzPolitician #KasichPolitician #TrumpForThePeople #VoteTrump
dwlove9,RT @maxlydic: #TrumpTrain 6 hrs and 35 mins to the Rally Rochester NY 3 PM EDT 4-10-16 https://t.co/dlpofoD9IS https://t.co/hgZuRWoyB3
hturner13xoxo,Rihanna and Travis Scott tonight üòç
MissAmericaPie,RT @JackieLCannella: That's right. Anyone trying to stop #Trump is trying to Stop The People's Will... Can you smell revolution=civil war h‚Ä¶
barbour_nancy,RT @williamecurley: Oregon! You MUST register as a democrat to #VoteBernie! Visit https://t.co/BXlpBx6N4X to register now! #WYCaucus https:‚Ä¶
petitethirty1,RT @FloridaforHRC: Well written. The 1996 Article Every Millennial Should Read - Truth..we lived it. #ImWithHer https://t.co/7gszZzmKZl htt‚Ä¶
celerynthecity,"RT @LindaSuhler: üí•RALLY TODAY!
üéâDonald Trump Rochester NYüéâ
‚úîÔ∏è VOTE #Trump2016 #NY
3 PM EDT
#NYPrimary
#NYValues
#TrumpTrainüöÇüá∫üá∏üá∫üá∏
https://t.‚Ä¶"
firemanjohn628,RT @bja222: Wow!Everyone needs to watch this! Bernie in action taking care of US!#FeelTheBern #BernieOrBust  https://t.co/2xjBCbXTPn
freeingray,@HillaryClinton #ImWithJane  #BernieOrBust
MullenPmullen,"RT @Libertea2012: RT: Mary visits her son in Brooklyn, NY and together they spend the day phone-banking for Bernie‚Ä¶ #BernieStrong https://t‚Ä¶"
wrs1260,RT @MichelleMeyer10: All 50 States have separate delegate rules which aren't laws Hence @cologop has REFUSED access to all @realDonaldTrump‚Ä¶
iembot_gyx,"Mount Washington,NH (MWN) ASOS reports gust of 51.0 knots (58.7 mph) from NW @ 1253Z"
WakeThroeFd,RT @NadelParis: Finger waggin' PinocchioCommunist needs2go #ImWithHer #millennialsforhillary #NewYorkPrimary https://t.co/6lveV70TZ3 https:‚Ä¶
Chuck122049,RT @Sweetatertot: @WayneDupreeShow #TrumpTrain #presidentTrump https://t.co/S92ZaMg5Xf
MrKesomAv,RT @NadelParis: Finger waggin' PinocchioCommunist needs2go #ImWithHer #millennialsforhillary #NewYorkPrimary https://t.co/6lveV70TZ3 https:‚Ä¶
Lisa22545183,"RT @realDonaldTrump: ""@jlopez05391: @realDonaldTrump Rochester loves you! See you tomorrow! #MakeAmericaGreatAgain #Trump2016 #TrumpTrain""‚Ä¶"
IncumbentMayor,"RT @realDonaldTrump: ""@governor_savage: @realDonaldTrump is the only person who can save us from this corrupt political mess. #MakeAmericaG‚Ä¶"
samdoespolitics,RT @TomDangora: @HillaryClinton is more than qualified #ImWithHer https://t.co/zWktgzFUHG
JennavilaAvila,"RT @realDonaldTrump: ""@jlopez05391: @realDonaldTrump Rochester loves you! See you tomorrow! #MakeAmericaGreatAgain #Trump2016 #TrumpTrain""‚Ä¶"
dobydaenger,"RT @realDonaldTrump: ""@jlopez05391: @realDonaldTrump Rochester loves you! See you tomorrow! #MakeAmericaGreatAgain #Trump2016 #TrumpTrain""‚Ä¶"
CliffWilkin,MT @sunbeltgirl: A principled constitutional conservative fighter in Senate endorsed @tedcruz. https://t.co/HOChsRmheE #CruzCrew #PJNET
PolyPatriot,RT @AspartameBoy: @PolyPatriot @PatriotByGod @realDonaldTrump @AppSame #CruzCrew can start the Lyin' Party‚ÄºÔ∏èüòÇ
PhiKapMom,"RT @WeNeedHillary: TOXIC: The Culture of Bernie's Campaign https://t.co/1P0qwWy4ON
#ShesWithUs #ImWithHer #TNTweeters #FleeTheBern https://‚Ä¶"
billnsher42197,RT @CruzinAhead: Freinds don't let friends vote for a con artist!!! Do your part &amp; convince a friend!!! #NeverTrump #ChooseCruz https://t.c‚Ä¶
gaylenanny,RT @kirstiealley: Add me to your list boys! ... I endorse @realDonaldTrump love @RealRudyGiulian and damn!! Bikes rev up my soul! Xoxo http‚Ä¶
barry_mullah,RT @tedcruz: Thank you Colorado for another resounding victory! https://t.co/PXWWcifJKK #ChooseCruz #CruzCrew https://t.co/zhMVq5QpeH
BboyNRoc,"RT @realDonaldTrump: ""@glozee1: Great interview with @PaulManafort on @CNN regarding @realDonaldTrump path to victory #NewDay #MakeAmericaG‚Ä¶"
millinium02,"RT @realDonaldTrump: ""@lilrachiepoo: @realDonaldTrump Thank you, Mr. Trump, for your personal and financial sacrifices in this journey to #‚Ä¶"
dianestep22,There is definitely corruption in the Republican party. The will of the people is being subverted. #VoteTrump https://t.co/bcCbhYyax3
KAJ77,"RT @WeNeedHillary: The New York Times endorsed Hillary Clinton. She's qualified. https://t.co/TYSJKqaLaT
#ShesWithUs #ImWithHer https://t.c‚Ä¶"
bluanddogs,RT @RichardJSunkle: #CruzCrew https://t.co/7DfrZpujjA
PDiddie,"Sunday Morning Bobbleheads: https://t.co/XHVXtfp7TC Obama on Fox, the rest are #FeelingTheBern"
fadboo,"RT @claydirtman: LMAO-&gt; TRUMP still doesn't know we are a REPRESENTATIVE REPUBLIC.
@LuM1996 @MikeRumbo66 @LibertyUSA1776 #CruzCrew  https:/‚Ä¶"
qEuiSigth,RT @NadelParis: Finger waggin' PinocchioCommunist needs2go #ImWithHer #millennialsforhillary #NewYorkPrimary https://t.co/6lveV70TZ3 https:‚Ä¶
TreyMays,RT @tedcruz: Thank you Colorado for another resounding victory! https://t.co/PXWWcifJKK #ChooseCruz #CruzCrew https://t.co/zhMVq5QpeH
FRE_Aucnoit,RT @NadelParis: Finger waggin' PinocchioCommunist needs2go #ImWithHer #millennialsforhillary #NewYorkPrimary https://t.co/6lveV70TZ3 https:‚Ä¶
57shoebox1,RT @WeNeedTrump: I just don't understand how people can support socialism or communism... Unless they're lazy and or broke as hell. #MakeAm‚Ä¶
Cruise4Cruz,"Imagine PREZ who PROTECTS LIBERTY! 

#ChooseCRUZ ! 

#CruzCrew #PJNET #SECPrimary #TCOT #CCOT #1A #2A #4A #10A 

https://t.co/ZwFMrie8Nz"
cjsmith2373,"RT @RepStevenSmith: Great research, Mitch. Hopefully @tedcruz and the #CruzCrew will read the Constitution someday. https://t.co/ghGrEJmyvW"
StarryKnight47,"RT @CarmineZozzora: @realDonaldTrump And #CruzCrew is cheering @tedcruz on..?

Hello?

#Trump2016 #MAGA #NYPrimary #CAPrimary @FoxNews http‚Ä¶"
RNRMissouri,RT @dwfictus: The b.s. rhetoric from some of BOTH #TrumpTrain &amp; #CruzCrew fans is disgusting. Y'all BOTH acting like liberals. WTH! #RedNat‚Ä¶
Yvan18196799360,@NICOLAS2401 @Silviadomi22G @arelimon15 @7292Maria @RoaYovanny @FereiraNorelky @laloemiliorodp4 @lovbirdsohail SI++++++++++
ChiariGirl357,"RT @Europe4Sanders: Hi #ImWithHer -it's never too late to change your life- join the revolution! #BridgeToBernie https://t.co/v9fW9gtUJi
ht‚Ä¶"
ArifislamBrur06,"#Doordash #Promocode PA3 
#Jet #Lyft #Drizly #Shipt #uber
https://t.co/TAGP5UHnKr https://t.co/VEQ3ebayMB"
BarbaraZaccai,"RT @PastorOmayra: #TRUMP
#VoteTrump
#NYPrimary
#NewYorkPrimary
#NY #MD
#DE #OR
#CT #CA
#RI #PA
#StopTheSteal @ #ClevelandGOPConvention http‚Ä¶"
JonikiTsongnik,"RT @jstines3: Without the 2nd Amendment, we will lose all others! 

VOTE TED CRUZ! 

#SCPrimary #CruzCrew #PJNET #TCOT #2A https://t.co/J6P‚Ä¶"
GlennMorrisUSA,RT @AuntBree567: THE JOKE IS ESTABLISHMENT THINK WE DON'T GET IT.PAUL RYAN HAS 0% INTEGRITY!HE'S ALL 4 PAUL&amp;NOT 4 USA!!! ANOTHER BUM! https‚Ä¶
DentonJeanne,RT @bing_lbing: #OnlyTrump @realDonaldTrump #MakeAmericaGreatAgain #TrumpTrain üá∫üá∏üá∫üá∏üá∫üá∏üöÇüí®üí®üí®üá∫üá∏üá∫üá∏üá∫üá∏ https://t.co/n1gnzRiKhL
MindyYostDid,Hillary Clinton #ImWithHer GIANT 8ft BANNER SIGN #democrat  #BLM #democrat https://t.co/bYcFAqIAX7
sismcpherson,"RT @Campaign_Trump: #TrumpTrain riders 19 hrs to the Trump Rally Rochester  NY 3 PM EDT Common-Sense
https://t.co/xgapKniKvS https://t.co/R‚Ä¶"
HarvardforTRUMP,"RT @LindaSuhler: üí•RALLY TOMORROW
üéâDonald Trump Albany NYüéâ
‚úîÔ∏è VOTE #Trump2016 #NY
7 PM EDT 4/11
#NYValues
#NYPrimary
#TrumpTrainüöÇüá∫üá∏üá∫üá∏
https:‚Ä¶"
alexcharner,"RT @AmazonTraveler: How many ""saints"" have to die by gun violence for there to be action for reasonable gun control? #ImWithHer  https://t.‚Ä¶"
Heresince1791,RT @Shooters_Wife: .@tedcruz: RT if you're tired of being called anti-immigrant because you want people to come here legally &amp; to enforce t‚Ä¶
KeysmanKeith,RT @peterdaou: PEOPLE VS PUNDITS: How Millions of Voters Are Demolishing Anti-Hillary Narratives https://t.co/2VKWJUR8xX #HillaryClinton #I‚Ä¶
ntvnyr173,"RT @ImagineAnna: Ted Cruz: ""GAY PEOPLE SHOULD BE EXECUTED"" #MakeAFilmHappy #RejectedBallparkPromotions #WakeUpAmerica #tcot #CruzCrew https‚Ä¶"
howardink,RT @dansch2002: MT @DrSueDVM: EstGOP knows w/Cruz in WH lobbyist &amp; +other dirty deals won't be SOP. #tcot #ccot https://t.co/YxrjceTxVl #Cr‚Ä¶
CJCboi,RT @ClownGroovy: ThnkYou COLORADO 4 Lying StealingDelegates &amp; Votes &amp; InGeneral Resembling Congress with TREASONOUS DISHONESTY! Phegh https‚Ä¶
TomBennett1228,RT @celiabonavita: #NewYorkValues #NewYorkPrimary #NewYork #BernieSanders CANT WONT &amp; doesn't want to win w/o ALL of us being democracy htt‚Ä¶
karen_lamoure,RT @amrightnow: About You#WisconsinPrimary #Wisconsin #Wisconsinpoll #TrumpTrain Watch https://t.co/j58e8aacrE https://t.co/wNQyp2bXsr
magsagain2,RT @skyoversc: #BernieOrBust https://t.co/GfhqbYAySo
susanbirchfiel1,"RT @tradethecycles: CRUZ Acknowledged in 2013 that He is ""Constitutionally Ineligible"" to Run for President! #MakeAmericaGreatAgain THANK Y‚Ä¶"
m_rishe1,RT @Campaign_Trump: Percentage of remaining delegates necessary to secure the nomination. #Trump2016 #TrumpTrain #MAGA https://t.co/OFfxA82‚Ä¶
EatAllYourFish,"Fucking ridiculous, from a once ""notable"" publication...shameful &amp; pathetic...smh... #FuckTheBostonGlobe #Trump2016 https://t.co/al6ASAtPud"
HarvardforTRUMP,"RT @LindaSuhler: üí•RALLY TODAY!
üéâDonald Trump Rochester NYüéâ
‚úîÔ∏è VOTE #Trump2016 #NY
3 PM EDT
#NYPrimary
#NYValues
#TrumpTrainüöÇüá∫üá∏üá∫üá∏
https://t.‚Ä¶"
PoopMonkee,RT @TimBartender: HRC supporters brag about results from a rigged election. Then they wonder why I'm #BernieorBust #FeelTheBern https://t.c‚Ä¶
ew2sw,@Cernovich left wing scare tactics. They are clearly in full on panic mode‚Ä¶ #Trump2016 #MakeAmericaGreatAgain
SynapticDigliat,RT @NadelParis: Finger waggin' PinocchioCommunist needs2go #ImWithHer #millennialsforhillary #NewYorkPrimary https://t.co/6lveV70TZ3 https:‚Ä¶
PhiKapMom,"RT @WeNeedHillary: The New York Times endorsed Hillary Clinton. She's qualified. https://t.co/TYSJKqaLaT
#ShesWithUs #ImWithHer https://t.c‚Ä¶"
MyStagner,"RT @realDonaldTrump: ""@governor_savage: @realDonaldTrump is the only person who can save us from this corrupt political mess. #MakeAmericaG‚Ä¶"
cherylm14077833,Oh no you didn't!!!!! #VoteTrump  https://t.co/NGUjzripBA
Tamiwoods2,RT @The_Trump_Train: RETWEET if you think Donald Trump will be the hardest working president in history! #MakeAmericaGreatAgain https://t.c‚Ä¶
StanLeeGee,"RT @Hillary4Florida: Hillary Clinton: ONLY candidate pledging to not raise middle class taxes.
üá∫üá∏#WYCaucus #ImWithHer #HillYes #NYPrimary h‚Ä¶"
TRUMP_NOW2016,RT @bing_lbing: #OnlyTrump @realDonaldTrump #MakeAmericaGreatAgain #TrumpTrain üá∫üá∏üá∫üá∏üá∫üá∏üöÇüí®üí®üí®üá∫üá∏üá∫üá∏üá∫üá∏ https://t.co/n1gnzRiKhL
canoekayakwsher,RT @NadelParis: Finger waggin' PinocchioCommunist needs2go #ImWithHer #millennialsforhillary #NewYorkPrimary https://t.co/6lveV70TZ3 https:‚Ä¶
TaperedOut,"RT @_CFJ_: EXCLUSIVE! 

EXPLOSIVE #OctoberSurprise that awaits Trump if nominated
Ascend Conservatism Podcast~&gt;https://t.co/2Ldjmgwtby 
#Tr‚Ä¶"
gabriel_turpin,RT @DanScavino: #Trump2016 #TrumpTrain #MAGA https://t.co/8w7kL0vUe5
borlindermody9,"RT @Shoq: Yeah, that's sort of an ouchie. #FeetheBurn #ImWithHer #HillaryClinton #BernieSanders #feelthebern  https://t.co/ezpZuHNA4m"
203Haze,The Awakening. Revolution is now. America Rising. #WeAreBernie #StillSanders  #BernieOrBust  #KeepItInTheGround https://t.co/Vk1k6a5KXz
MKANTONIO1,Of all the things to ask for from home.......AMERICAN SOIL! https://t.co/jQNOH0duAV
Danno_a_Jyd,RT @ncginny: Cruz wins big in Colorado shutout  https://t.co/QMshAiOgXX #CruzCrew #UniteWithCruz
firemanjohn628,RT @203Haze: The Awakening. Revolution is now. America Rising. #WeAreBernie #StillSanders  #BernieOrBust  #KeepItInTheGround https://t.co/7‚Ä¶
HereMeRoaring,#Woman4Trump up the volume!!  Sheer will and  https://t.co/PioHN4jUF4   https://t.co/AGJogyDX8P
cocorenzi,"RT @williamecurley: New Jersey, you MUST register as democrats to #VoteBernie! Also, volunteer! https://t.co/wA8nF9Vydo https://t.co/1RmVOS‚Ä¶"
NikkiMillward,"RT @bloodless_coup: ""The man's a mgmt GENIUS. This is PROOF. He hired the best people. Read all the rules. And look! Delegate-wrangling A+!‚Ä¶"
YockeyWendy,RT @CliffWilkin: MT @DrSueDVM: I #ChooseCruz bc he has a proven record of defending the Constitution. #tcot #ccot https://t.co/IiVd0qTxMq #‚Ä¶
LarrynCosmo,"RT @cstreater: @CNNPolitics nice try pandering to us, @BernieSanders unfortunately, we're not as dense as you think we are. #BernedOut #ImW‚Ä¶"
GMACKAMCSIU,RT @NadelParis: Finger waggin' PinocchioCommunist needs2go #ImWithHer #millennialsforhillary #NewYorkPrimary https://t.co/6lveV70TZ3 https:‚Ä¶
AmyGreggthatsme,RT @AliyahbethY: THE SAME PEOPLE WHO VOTED OBAMA IN ARE NOW CRUZ SUPPORTERS. #Trunp2016 https://t.co/3yKbZNOVvJ
DrSueDVM,"RT @Republikim1: ""Trump Campaign Accidentally Lists Cruz Delegate Number on Colorado Slate"" via @ABC News

#ChooseCruz 

https://t.co/Nii6P‚Ä¶"
LifeLibHappy,MT @TeriGRight: #TedCruz or #DonaldTrump on #Education Issues? #StopCommonCore #TCOT https://t.co/VV7Lokyr4b #CruzCrew #PJNET
DavidRsehuc,RT @NadelParis: Finger waggin' PinocchioCommunist needs2go #ImWithHer #millennialsforhillary #NewYorkPrimary https://t.co/6lveV70TZ3 https:‚Ä¶
BonnieMadden,"RT @Campaign_Trump: NEW Emerson College New York Poll!
Trump 56%
Cruz 22% - loser
Kasich 17% - boozer
#MakeAmericaGreatAgain! https://t.co/‚Ä¶"
PhiKapMom,"RT @WeNeedHillary: Turns Out Hillary Clinton &amp; President Obama Were Right on Panama https://t.co/aNcGUxRD4r
#ShesWithUs #ImWithHer #p2 http‚Ä¶"
PennyHighTrades,RT @skyoversc: #BernieOrBust https://t.co/1U79g5Zqy8
rkw2259,"RT @JudgeMoroz: Behold the real #CruzCrew ...

And @tedcruz will do &amp; say whatever it takes to please his donors. https://t.co/GB0lVuckmT"
PinkRoses21,"RT @RichardAngwin: Don't drink the Clinton media Kool-Aid‚Ñ¢. Bernie needs 56.5% of remaining pledged delegates.
#FeelTheBern #ImWithHer http‚Ä¶"
SCDGrouq,RT @NadelParis: Finger waggin' PinocchioCommunist needs2go #ImWithHer #millennialsforhillary #NewYorkPrimary https://t.co/6lveV70TZ3 https:‚Ä¶
drewjamedatst,RT @NadelParis: Finger waggin' PinocchioCommunist needs2go #ImWithHer #millennialsforhillary #NewYorkPrimary https://t.co/6lveV70TZ3 https:‚Ä¶
FLforTrump16,#Muslims who preach Sharia should be stripped of their citizenship &amp; should be#Deported  #TrumpArmy #CruzCrew #Trump https://t.co/VyWn1Kcx7I
BboyNRoc,"RT @realDonaldTrump: ""@lilrachiepoo: @realDonaldTrump Thank you, Mr. Trump, for your personal and financial sacrifices in this journey to #‚Ä¶"
muwanguzi_nuru,RT @khakisalmon: HA!  Thanks for pointing that out @clairecmc #ImWithHer  https://t.co/y2zs4EIZbs
starknightz,"Recording of Donald Trump interview 
with @JudgeJeanine last night!
#TrumpTrain
#Trump2016
#Video https://t.co/deGJ4md2k6"
jayeshdewana12,"RT @RepStevenSmith: Great research, Mitch. Hopefully @tedcruz and the #CruzCrew will read the Constitution someday. https://t.co/ghGrEJmyvW"
iMstifhkgf,RT @NadelParis: Finger waggin' PinocchioCommunist needs2go #ImWithHer #millennialsforhillary #NewYorkPrimary https://t.co/6lveV70TZ3 https:‚Ä¶
KassandraTroy,"Now there's a cult! Vote for the anointed one, for constitutional theocracy. #Cruzaders https://t.co/Rfw99fy1IO"
inyourface34,"RT @PastorOmayra: #TRUMP
#VoteTrump
#NYPrimary
#NewYorkPrimary
#NY #MD
#DE #OR
#CT #CA
#RI #PA
#StopTheSteal #ClevelandGOPConvention https:‚Ä¶"
sparkyMcpenguin,RT @maxlydic: #TrumpTrain 6 hrs and 27 mins to the Rally Rochester NY 3 PM EDT 4-10-16 https://t.co/dlpofoD9IS https://t.co/UVCoINKnhn
pinkedout60,"RT @Libertea2012: RT: Volunteering, Activism is passed down frm generation to generation. #FeelTheBern @Latinos4Bernie‚Ä¶ #BernieStrong https‚Ä¶"
KFoleyFL,"I'm sorry our words hurt you, I should be nicer to you SJW's https://t.co/ET3n9s7Ym4"
BboyNRoc,"RT @realDonaldTrump: ""@DnGLax:  Yes! Thank U 4 coming to LI! It was a thrill 2 B part of it! U will get the job done! #MakeAmericaGreatAgai‚Ä¶"
PhyllisHart16,"RT @Campaign_Trump: ""TONIGHT - @realDonaldTrump talks to @JudgeJeanine on ""Justice."" @realDonaldTrump #MakeAmericaGreatAgain https://t.co/A‚Ä¶"
jimcc66,MT @DanMartin_cards: There's Only One RIGHT Choice For POTUS VOTE #TEDCRUZ. #ChooseCruz https://t.co/RKS0ouBTDd #CruzCrew #PJNET
HereMeRoaring,#Woman4Trump up the volume!!  Sheer will and  https://t.co/PioHN4jUF4   https://t.co/X7dFkWv6CL
jberrodin,@RealGlenMacnow #BernieOrBust #Bernie2016 #StillSanders Glen he's waiting for your official endorsement!
AmyGreggthatsme,"RT @noopdoggy: ALL voters that have already voted 4 Trump,CHANGE YOUR VOTING STATUS 2 INDEPENDANT this week,OFFICIAL #RNC_DUMP RT! https://‚Ä¶"
PhiKapMom,"RT @WeNeedHillary: #MT @votebluealways ‚Äú#ImWithHer Evening
https://t.co/ksoM7JuizF
Excited to find my tweet on https://t.co/HqDSxNTrxJ http‚Ä¶"
usanjusa1,"RT @trump_world: ""My superpac? The american people!""
@realDonaldTrump¬†
GO TRUMP!
WE GOT YOUR BACK!
#MakeAmericaGreatAgain
#Trump2016 https:‚Ä¶"
rossr122,Thanks for jumping on board the #TrumpTRain Jordan!  #DonaldTrump #Trump #Trump2016 #StudentsforTrump #WomenforTrump https://t.co/Cu3NXr30PM
landsend99,RT @kupajo322: @WayneDupreeShow ‚òÜ„ÄãThey Don't Care About #America „Äã$$$ &amp; Power Is ‚Ä¢ALL‚Ä¢ THAT MATTERS #TrumpTrain ‚òÜ‚òÜ‚òÜ„Äã #Trump2016 ‚òÜ‚òÜ„Äã https:/‚Ä¶
DianneInIndiana,"#Absolutely1237
#Women4Trump
#MakeAmericaGreatAgain
#MAGA
#Trump2016
#AmericanMade
#TrumpTrain
#NotPC
Lyin' Ted https://t.co/8lYUlSuPe0"
moralesdc,RT @MMViverito: And then there is this...#ImWithHer #EstoyConElla #EstamosConElla #WeAreWithHer cc: @HillaryClinton https://t.co/6c4aq5xyua
carmic14,RT @skyoversc: #BernieOrBust https://t.co/vTHNE3xXEr
gregmoss319,RT @JackieLCannella: That's right. Anyone trying to stop #Trump is trying to Stop The People's Will... Can you smell revolution=civil war h‚Ä¶
Mwforhr,Oh wait! He doesn't have any strengths! üòú #ImWithHer @GStuedler @Oooooo_Donna
kevinpee21s8,RT @NadelParis: Finger waggin' PinocchioCommunist needs2go #ImWithHer #millennialsforhillary #NewYorkPrimary https://t.co/6lveV70TZ3 https:‚Ä¶
HereMeRoaring,#Woman4Trump up the volume!!  Sheer will and  https://t.co/PioHN4jUF4   https://t.co/jLTyOgkdtf
LarrynCosmo,RT @BJHare: Robert DeNiro endorses Hillary. #ImWithHer https://t.co/RVRzvqpAsV
Trumpster5,RT @nepafortrump: We NEED YOU to JOIN @realDonaldTrump PENNSYLVANIA!! Join #TeamTrumpPA #TrumpTrain Today! https://t.co/9iITbxbEC4 https://‚Ä¶
CKHyppolite,"RT @iVote4USA: #JohnKerry had to come in &amp; clean up Hillary's mess.

@CKHyppolite @phashtv @RenagadeGirl

#WhichHillary #HillNo
#FeelTheBer‚Ä¶"
VoteBlueAlways,"RT @WeNeedHillary: Feel The Bern: Sanders Tax Plan Would Kill 6 Million Jobs https://t.co/qVOMQoEfIS
#ShesWithUs #ImWithHer #TNTweeters htt‚Ä¶"
faagifts,"RT @JoanneTarpon07: #Women4Trump  #TrumpTrain #Trump2016
#AlwaysTrump #VoteTrump #StoptheSteal
#WomenForTrump #OnlyTrump
 https://t.co/NHGZ‚Ä¶"
kenobikathy,"RT @deejay90192: Hillary Clinton announces endorsements from Maryland women https://t.co/X01JB3csig
#GOTVforHRC #Maryland  #MDPrimary #MD #‚Ä¶"
girloncanvts,RT @NadelParis: Finger waggin' PinocchioCommunist needs2go #ImWithHer #millennialsforhillary #NewYorkPrimary https://t.co/6lveV70TZ3 https:‚Ä¶
AppleForcedMeTo,RT @skyoversc: #BernieOrBust https://t.co/cBSCW31iCR
CodysdadEd,"CRUZ&amp;ESTABG STEAL DELEGATES, MAYBE IT IS TIME FOR A NEW PARTY AND END OF ""R"" CROOKED PARTY! #VOTETRUMP #NY #PA #CA https://t.co/csx0MSoEzU"
herewegokids7,"RT @LindaSuhler: üí•RALLY TOMORROW
üéâDonald Trump Albany NYüéâ
‚úîÔ∏è VOTE #Trump2016 #NY
7 PM EDT 4/11
#NYValues
#NYPrimary
#TrumpTrainüöÇüá∫üá∏üá∫üá∏
https:‚Ä¶"
tmj_ME_transp,"Want to work in #PRESQUEISLE, ME? View our latest opening: https://t.co/OzdVgMy3vG #Transportation #Job #Jobs #Hiring #CareerArc"
LovelyLowEnd,RT @TweetingYarnie: Oregon Independent voters u have to be reg as Dem to vote for Bernie&gt; https://t.co/QiHMj3q7Xa #Portland #ORprimary  htt‚Ä¶
kldreams61,RT @O_IrishT: ‚òòüá∫üá∏üî•üëâBan elect. voting machines fixed to cap Mr.Trump ‚¨áÔ∏è 50%. Demand use of paper ballots. .#TrumpTrain .@Mferris67  https://‚Ä¶
attitudeforty5l,"If liberals are so well read, &amp; informed, then what is it, a comprehension issue?@realDonaldTrump #NewYorkPrimary https://t.co/BaNmeWGdsC"
Phillip_H_Davis,RT @vmpcott: #TedCruz tells Rush Limbaugh in 2013 he Never Supported AMNESTY  6/19/2013 https://t.co/NyLpUUBBMh via @YouTube #CRUZCREW #PJN‚Ä¶
PhiKapMom,"RT @VoteBlueAlways: Poor Bernie supporters. Only gained *0* delegates on Hillary in Wyoming.
#ShesWithUs #ImWithHer #TNTweeters https://t.c‚Ä¶"
arrjet17,"RT @realDonaldTrump: ""@jlopez05391: @realDonaldTrump Rochester loves you! See you tomorrow! #MakeAmericaGreatAgain #Trump2016 #TrumpTrain""‚Ä¶"
howardink,"RT @dansch2002: MT @jphilman0206: It's always darkest before dawn. Don't Stand Down, STAND UP! #ChooseCruz &amp; we win https://t.co/O1RlrkPU5j‚Ä¶"
BruceNV,"RT @KFoleyFL: A threat, albeit an empty one, is your people telling me they are going to shoot me.  https://t.co/ET3n9s7Ym4"
Laus_Deo4ever,RT @SoCal4Trump: Here's what the map of Wisconsin looks like w/ 80% of the vote in. It was NOT a blowout. The #TrumpTrain CONTINUES! https:‚Ä¶
KeysmanKeith,"RT @AmazonTraveler: Bernie's strategy= spend $ then- win &amp; lose in the same election - again &amp; again.
Thanks WY &amp; WI 4 holding the line. #I‚Ä¶"
InnerDonald,RT @HereMeRoaring: #Woman4Trump up the volume!!  Sheer will and  https://t.co/PioHN4jUF4   https://t.co/PSR8GsYVqJ
RoseMaryTBA,"RT @jstines3: Chuck Woolery: TED CRUZ is closer to Reagan than anyone in this race.

#CruzCrew #PJNET #TCOT #CCOT #Cruz2016 https://t.co/Vi‚Ä¶"
hoosiergirl71,"RT @Republikim1: ""Trump Campaign Accidentally Lists Cruz Delegate Number on Colorado Slate"" via @ABC News

#ChooseCruz 

https://t.co/Nii6P‚Ä¶"
Jh67Robert,RT @BikinInMaine: MT @CountingOnCruz: 'I will not be neutral. America will stand UNAPOLOGETICALLY with Israel!' https://t.co/N56n2TALoR #Cr‚Ä¶
usanjusa1,"RT @TrumpNewMedia: @realDonaldTrump https://t.co/ftwwndqS1G  AND #JohnKasich are both funded by George Soros!
#Trump2016
#VoteTrump https:/‚Ä¶"
aer300dvr,RT @FloridaforHRC: Well written. The 1996 Article Every Millennial Should Read - Truth..we lived it. #ImWithHer https://t.co/7gszZzmKZl htt‚Ä¶
reesworld1,"RT @realDonaldTrump: ""@governor_savage: @realDonaldTrump is the only person who can save us from this corrupt political mess. #MakeAmericaG‚Ä¶"
Barrymelmac,RT @Shooters_Wife: .@tedcruz: RT if you're tired of being called anti-immigrant because you want people to come here legally &amp; to enforce t‚Ä¶
hazards4,MT @FranklinMan25: The only Presidential candidate that has proposed real solutions! https://t.co/3UZwx44dD5 #CruzCrew #PJNET
sandiv11,"RT @JudgeMoroz: A timely reminder for those of us who support @realdonaldtrump &amp; work to #MakeAmericaGreatAgain:

The cause goes on! https:‚Ä¶"
largeanialm,RT @NadelParis: Finger waggin' PinocchioCommunist needs2go #ImWithHer #millennialsforhillary #NewYorkPrimary https://t.co/6lveV70TZ3 https:‚Ä¶
Liee4Trump,HAHAHAHA https://t.co/hvkp7OMadI
gabriel_turpin,RT @EricTrump: Great being with our friend @StephenBaldwin7 at last nights rally in Long Island! He wants to #MakeAmericaGreatAgain https:/‚Ä¶
Dolly0811,"RT @Stonewall_77: Methinks He Doth Protest Too Much

Please Retweet

#WeThePeople #GOP
#WakeUpAmerica
#TrumpTrain #Trump2016
#CruzCrew http‚Ä¶"
roswell2001,"RT @LouDobbs: Fearing Trump, BostonGlobe Lampoons Itself,The Pretend Paper It's Become   #MakeAmericaGreatAgain  #Trump2016 #Dobbs https://‚Ä¶"
jimcc66,@cheryl42058: Cruz can fix what has been torn apart! Constitutional Conservative Man! https://t.co/kBycbyhDEf #CruzCrew #PJNET #NeverTrump
UncleRodge,RT @kupajo322: @WayneDupreeShow ‚òÜ„ÄãThey Don't Care About #America „Äã$$$ &amp; Power Is ‚Ä¢ALL‚Ä¢ THAT MATTERS #TrumpTrain ‚òÜ‚òÜ‚òÜ„Äã #Trump2016 ‚òÜ‚òÜ„Äã https:/‚Ä¶
1periculo,Viva Donald Trump!! Desde M√©xico !! :) #MakeAmericaGreatAgain https://t.co/3m6xg7ndrf
DanielKusa,"RT @NathanDWilsonFL: I agree 100% @kimguilfoyle &amp; @MichaelCohen212. The @GOP should EMBRACE Trump &amp; the millions of new voters
#VoteTrump h‚Ä¶"
Rvogt1_cba,"RT @VivaLaAmes: Globalists have ruined America. You can choose to stay on that path or you can support Trump. 
#CruzCrew https://t.co/Ytpe7‚Ä¶"
jadams5446,@ThankYouBernie @WirSindAlleFRK @BernieSanders    I would like to know the results for women voters!  #BernieOrBust
BboyNRoc,"RT @realDonaldTrump: ""@governor_savage: @realDonaldTrump is the only person who can save us from this corrupt political mess. #MakeAmericaG‚Ä¶"
stewalniza,RT @NadelParis: Finger waggin' PinocchioCommunist needs2go #ImWithHer #millennialsforhillary #NewYorkPrimary https://t.co/6lveV70TZ3 https:‚Ä¶
4OrganicFood,@HillaryClinton many of us feel this way&amp;will vote only @berniesanders #NYPrimary #BernieorBust #heswithus #FlipNY https://t.co/uaHajRD7Es
Mysindependenci,"RT @AlexisinNH: Zeus says, #MakeAmericaGreatAgain! #TrumpPets https://t.co/9mPVanH9S1"
magsagain2,RT @skyoversc: #BernieOrBust https://t.co/kaWWb1eG2m
lplzydeco,"RT @RichardAngwin: Don't drink the Clinton media Kool-Aid‚Ñ¢. Bernie needs 56.5% of remaining pledged delegates.
#FeelTheBern #ImWithHer http‚Ä¶"
WalterRatajczy1,if she doesn't trust us with her transcripts how can we trust her with our votes?#PAPrimary @NYPrimary #caprimary https://t.co/z2LrJPPD83
don47,"RT @Campaign_Trump: NEW Emerson College New York Poll!
Trump 56%
Cruz 22% - loser
Kasich 17% - boozer
#MakeAmericaGreatAgain! https://t.co/‚Ä¶"
BillBodittle,"RT @jstines3: Stand w/ us in PRAYER for USA and Ted Cruz! 

#WakeUpAmerica #PrayforTed #CruzCrew #CCOT #TCOT #PJNET #Cruz 

https://t.co/4R‚Ä¶"
melinda_lu18,"RT @ScottBLG: At This Important Point in History,
We Need a Conservative Leader,
Not an Angry Tweeter
#CruzCrew #Cruz #tcot #pjnet https://‚Ä¶"
sandiv11,"RT @JudgeMoroz: Not since President Reagan has the @GOP been so poised to #MakeAmericaGreatAgain as it is with @realDonaldTrump  
https://t‚Ä¶"
AmberForAmerica,RT @DataGenesis: MT @jphilman0206: What we need in Washington is a Servant of the People. #ChooseCruz https://t.co/ntgY32SmpO #CruzCrew #PJ‚Ä¶
TravelingArtist,"Small watercolor paintings on location Cuenca, Ecuador.  Now Available. $55 unframed. TravelingArtista@gmail.com https://t.co/hBUC4ooi28"
PoopMonkee,"RT @Socialist_Times: Stop shaming women who support Bernie into voting for Clinton https://t.co/FNym35huFt
#Women4Bernie #ImWithHer #P2 htt‚Ä¶"
DarthChipper,RT @peterdaou: PEOPLE VS PUNDITS: How Millions of Voters Are Demolishing Anti-Hillary Narratives https://t.co/2VKWJUR8xX #HillaryClinton #I‚Ä¶
vickinann,RT @maxlydic: #TrumpTrain 6 hrs and 35 mins to the Rally Rochester NY 3 PM EDT 4-10-16 https://t.co/dlpofoD9IS https://t.co/hgZuRWoyB3
comfort_dawn,@mitchellvii Bill is this Mr Trump  or a fake? https://t.co/z9kEL20FPR
Cool_Breeze1979,"RT @Libertea2012: RT: Sure, more than 10,000 suicides were linked to the 2008 crash but what really gets me steamed is how Sanders says ""ba‚Ä¶"
Able_49,MT @jan_pierce: #CruzSuperCrew #ChooseCruz https://t.co/DbObqYOq7w #CruzCrew #PJNET
candibarbee,RT @WeNeedTrump: I just don't understand how people can support socialism or communism... Unless they're lazy and or broke as hell. #MakeAm‚Ä¶
JakeHarder,@Drybones5 @icze4lion https://t.co/Sakw78ytiv  #MakeAmericaGreatAgain boys.
Mariatweets3,"Be a part of #PJNET's live #CruzCrew meetup/tweetup. Live Chat, Cruz videos, and more! #UniteWithCruz https://t.co/AEVS5eYQJJ"
mdjacksondallas,"RT @Bros4Hillary: Thank you to everyone that supported @HillaryClinton in the #WYCaucus!

Next stop? The #NYPrimary! #imwithher https://t.c‚Ä¶"
clbozz,"RT @ScottSaxman1: The kids in my day, the parents would beat their butts and say get back to your studies!! #TrumpTrain https://t.co/fNA5Ar‚Ä¶"
Dolly0811,@elgatoweebee  https://t.co/E0cEZ1XfHm
ksfay5,RT @maxlydic: #TrumpTrain 6 hrs and 27 mins to the Rally Rochester NY 3 PM EDT 4-10-16 https://t.co/dlpofoD9IS https://t.co/UVCoINKnhn
Snuffy_Joe,"RT @AwakeDeborah: The Truth is like a lion. . . .
Blessed Sunday y'all!üííüíñüå∫üå∑üå∏
#LionTed
#CruzCrew
#NYPrimary https://t.co/ao5hHcc6Rg"
BboyNRoc,"RT @realDonaldTrump: ""@jlopez05391: @realDonaldTrump Rochester loves you! See you tomorrow! #MakeAmericaGreatAgain #Trump2016 #TrumpTrain""‚Ä¶"
kstandingcloud,#StillSanders #FeelTheBern #BernieOrBust #ImWithHer  https://t.co/QJfcuwZtiO
plmeen1a,RT @NadelParis: Finger waggin' PinocchioCommunist needs2go #ImWithHer #millennialsforhillary #NewYorkPrimary https://t.co/6lveV70TZ3 https:‚Ä¶
Dolly0811,"RT @Stonewall_77: Methinks He Doth Protest Too Much

Please Retweet

#WeThePeople #GOP
#WakeUpAmerica
#TrumpTrain #Trump2016
#CruzCrew http‚Ä¶"
Vote4TrumpUSA,@realDonaldTrump @agentvf @Q102Philly @BreitbartNews https://t.co/EX5lFc9Adj #MakeAmericaGreatAgain
RealEagleScout,Mark Allen was severely injured during the search for Bowe Bergdahl... https://t.co/W0cp70SoSP
GoDemIdaho,"RT @feistybunnygirl: Bernie on NBC pretending that he championed pay equity for women, when actually Hillary did  #ImWithHer https://t.co/h‚Ä¶"
Yvan18196799360,@WinnipegWatch How can i help
MacRedSoles,"RT @HardcoreRep: So this happened. @cologop #cogop2016 ""They did it"" Now claiming they were hacked! Please, tell us more. #TrumpTrain https‚Ä¶"
stinnett_doug,RT @O_IrishT: ‚òòüá∫üá∏üî•üëâBan elect. voting machines fixed to cap Mr.Trump ‚¨áÔ∏è 50%. Demand use of paper ballots. .#TrumpTrain .@Mferris67  https://‚Ä¶
Mariatweets3,MT @DanMartin_cards: There's Only One RIGHT Choice For POTUS VOTE #TEDCRUZ. #ChooseCruz https://t.co/WhuqatRJDa #CruzCrew #PJNET
22Americanfirst,"#Trump2016 #Trump #TrumpTrain #MakeAmericaGreatAgain #DonaldTrump #OnlyTrump #PresidentTrump #WomenForTrump
   https://t.co/dUtLK3xuTD"
GTolbert9,RT @kupajo322: @WayneDupreeShow ‚òÜ„ÄãThey Don't Care About #America „Äã$$$ &amp; Power Is ‚Ä¢ALL‚Ä¢ THAT MATTERS #TrumpTrain ‚òÜ‚òÜ‚òÜ„Äã #Trump2016 ‚òÜ‚òÜ„Äã https:/‚Ä¶
arrjet17,"RT @realDonaldTrump: ""@governor_savage: @realDonaldTrump is the only person who can save us from this corrupt political mess. #MakeAmericaG‚Ä¶"
KingFridaytcot,"RT @jstines3: Chuck Woolery: TED CRUZ is closer to Reagan than anyone in this race.

#CruzCrew #PJNET #TCOT #CCOT #Cruz2016 https://t.co/Vi‚Ä¶"
b13853s,RT @TriciaNC1: .@NYCFPAC (New Yorkers for Constitutional Freedoms) Endorse Ted Cruz for President https://t.co/7fLXinLYXe #tcot #gop #NYPri‚Ä¶
withitinBC,#VoteBernie or GO TO HELLARY  #imwithher #sheswithus #Hillarysoqualified #resistCapitalsim #youvebeenfired
SCOOPNJ78,"RT @DrSueDVM: Cruz wins all 34 #Colorado #GOPdelegates! üá∫üá∏üá∫üá∏üá∫üá∏
 
#NewYorkPrimary #ChooseCruz #CruzCrew #tcot #ccot
#PrayForAmerica https://‚Ä¶"
Davisx3m,"RT @RichardAngwin: Don't drink the Clinton media Kool-Aid‚Ñ¢. Bernie needs 56.5% of remaining pledged delegates.
#FeelTheBern #ImWithHer http‚Ä¶"
jackiemccaffrey,RT @skyoversc: #BernieOrBust https://t.co/kaWWb1eG2m
Mariatweets3,MT @cheryl42058: Cruz can fix what has been torn apart! Constitutional Conservative Man! https://t.co/L9kGHT5nXN #CruzCrew #PJNET
wrs1260,RT @MichelleMeyer10: So here's deal #TrumpTrain @GOP is letting its State reps deny access to Trump delegates at least here&gt; @cologop #Stop‚Ä¶
jimcc66,MT @AwakeDeborah: 'The American people have had enough...' #ChooseCruz https://t.co/gz5QqKCOns #CruzCrew #PJNET #NeverTrump
9975Ts,"RT @greeneyes0084: And millions of voters will walk, too! 
#DumpRyan
#DumptheEstablishment 
#MakeAmericaGreatAgain  https://t.co/I8n6Hb3oBx"
Libertea2012,RT: Every young @BernieSanders is a potential #1u member. Never forget that. Someone has to rebuild the labor movement. We're‚Ä¶ #BernieStrong
jstines3,"STAND FIRM, #CruzCrew! #PrayForTed &amp; our Nation! 

#RenewUS #WakeUpAmerica #CCOT #PJNET #TCOT #Cruz #Cruz2016 

https://t.co/6gDMcoLB45"
Stevekallay1,RT @PoliticsGhost: People still read that low-grade rag of a publication called the Boston Globe?  @BostonGlobe @realDonaldTrump #TrumpTrai‚Ä¶
c8m8ro,"RT @realDonaldTrump: ""@jlopez05391: @realDonaldTrump Rochester loves you! See you tomorrow! #MakeAmericaGreatAgain #Trump2016 #TrumpTrain""‚Ä¶"
tmo_fink,RT @NadelParis: Finger waggin' PinocchioCommunist needs2go #ImWithHer #millennialsforhillary #NewYorkPrimary https://t.co/6lveV70TZ3 https:‚Ä¶
jimistirednpod,RT @VetsForDonald: Somebody's out having a good time. I think the village found their missing idiot. @tedcruz #Trump #TrumpTrain #Funny htt‚Ä¶
LindajjBowman,RT @ProgressivGreen: This makes me want to put in the effort to be able to make it down to OR and CA to canvass for Bernie #BernieStrong ht‚Ä¶
NefariousNewt,RT @Xultar: Yet #BernieOrBust. And no support from Bernie for downstream races to take back the senate &amp; house or 4 state races https://t.c‚Ä¶
Mariatweets3,MT @AwakeDeborah: 'The American people have had enough...' #ChooseCruz https://t.co/ziBWm4qHoE #CruzCrew #PJNET
IndeCardio,"RT @VivaLaAmes: Globalists have ruined America. You can choose to stay on that path or you can support Trump. 
#CruzCrew https://t.co/Ytpe7‚Ä¶"
SumTingWongU,"RT @TrumpNewMedia: @realDonaldTrump YOU WANNA BE RICH #VOTETRUMP. YOU WANNA STAY ON FOOD STAMPS AND WELFARE, VOTE KASICH, CRUZ!
#Trump http‚Ä¶"
Obama_Ointment,"RT @jdfreedomsfirst: #Trumpbot w/ 321 followers

#ChooseCruz #TrusTed #CruzMissile #NYPrimary #LyinDon #NeverTrump https://t.co/Q4nEf7oWvH"
jakub_lisa,"#Christians #MakeAmericaGreatAgain #ChristiansStandUp ""Take Me To The King"" This touched my soul; enjoy &amp; God Bless  https://t.co/DER9vdddDh"
teed_chris,"RT @ImagineAnna: Ted Cruz: ""GAY PEOPLE SHOULD BE EXECUTED"" #MakeAFilmHappy #RejectedBallparkPromotions #WakeUpAmerica #tcot #CruzCrew https‚Ä¶"
maxlydic,RT @Liee4Trump: HAHAHAHA https://t.co/hvkp7OMadI
GTolbert9,RT @kupajo322: @realDonaldTrump @MELANIATRUMP https://t.co/x7Y7RTpfQ2
LucySullivan888,"RT @Campaign_Trump: ""TONIGHT - @realDonaldTrump talks to @JudgeJeanine on ""Justice."" @realDonaldTrump #MakeAmericaGreatAgain https://t.co/A‚Ä¶"
wolfeprowler1,RT @203Haze: The Awakening. Revolution is now. America Rising. #WeAreBernie #StillSanders  #BernieOrBust  #KeepItInTheGround https://t.co/7‚Ä¶
jimcc66,MT @PatriotJewel: Thank God we finally have a constitutional conservative running! #UniteWithTed https://t.co/PjJZMRJEEq #CruzCrew #PJNET
mdjacksondallas,"RT @WonderWoman934: Thank you, people of Wyoming. I love your state. Had a great time when I was there. https://t.co/2yiVzjmFL0"
Mariatweets3,MT @PatriotJewel: Thank God we finally have a constitutional conservative running! #UniteWithTed https://t.co/RRNqQR5pb8 #CruzCrew #PJNET
hildismom,You have no idea what you're talking about. Get your facts straight. Mother born in USA! #CruzCrew #Cruz2016 https://t.co/r1hC62e9Vh
Patta47cake,RT @DPRINCECFRN: New York Democratic Polls 2016: Clinton‚Äôs Lead Grows ‚Äì https://t.co/0nEutxguXB #justsaying #ImWithHer  https://t.co/4KNAQa‚Ä¶
Vote4TrumpUSA,@realDonaldTrump @getreal1234 @Kids123Nicholas @gqforbes @RepTomMarino https://t.co/EX5lFc9Adj #MakeAmericaGreatAgain
EyeGloArts,RT @TweetingYarnie: Oregon Independent voters u have to be reg as Dem to vote for Bernie&gt; https://t.co/QiHMj3q7Xa #Portland #ORprimary  htt‚Ä¶
woodseysmith,"RT @realDonaldTrump: ""@jlopez05391: @realDonaldTrump Rochester loves you! See you tomorrow! #MakeAmericaGreatAgain #Trump2016 #TrumpTrain""‚Ä¶"
Farkal,"RT @TrumpNewMedia: @realDonaldTrump https://t.co/ftwwndqS1G  AND #JohnKasich are both funded by George Soros!
#Trump2016
#VoteTrump https:/‚Ä¶"
oneontadave,RT @DavidGossett45: How do people not see what happens when you welcome Muslims with open arms? Europe did! Now the EU is a warzone! #VoteT‚Ä¶
andrewstarguy3,RT @kupajo322: @realDonaldTrump @MELANIATRUMP https://t.co/x7Y7RTpfQ2
Rvogt1_cba,RT @pastormarkburns: I'm trusting @realDonaldTrump w/ my Daughter's Future... So should you..! #TeamTrump #VoteTrump #MAGA  #TrumpTrain htt‚Ä¶
CtriAnneNatoli,RT @NadelParis: Finger waggin' PinocchioCommunist needs2go #ImWithHer #millennialsforhillary #NewYorkPrimary https://t.co/6lveV70TZ3 https:‚Ä¶
22Americanfirst,"#Trump2016 #Trump #TrumpTrain #MakeAmericaGreatAgain #DonaldTrump #OnlyTrump #PresidentTrump #WomenForTrump
   https://t.co/0nx4VvFwfB"
KCforTruth,RT @CliffWilkin: MT @LynnMarki: CRUZ ALWAYS keeps his promises! https://t.co/UBQQc2ZgT4 #CruzCrew #PJNET
EyeGloArts,RT @skyoversc: #BernieOrBust https://t.co/W6FX3Nt4aM
roger_altmeyer,"RT @realDonaldTrump: ""@jlopez05391: @realDonaldTrump Rochester loves you! See you tomorrow! #MakeAmericaGreatAgain #Trump2016 #TrumpTrain""‚Ä¶"
whitedog257,Since Cruz changed his stance for calculated political reasons. #h1B visas @michellemalkin  https://t.co/x4g4uoH4VK
angiepatterso15,"RT @WeNeedHillary: Feel The Bern: Sanders Tax Plan Would Kill 6 Million Jobs https://t.co/qVOMQoEfIS
#ShesWithUs #ImWithHer #TNTweeters htt‚Ä¶"
HereMeRoaring,#Woman4Trump up the volume!!  Sheer will and  https://t.co/PioHN4jUF4   https://t.co/1n67HPZAyj
Obama_Ointment,"RT @jdfreedomsfirst: Yes paid #Trumpbot eggs w/ 90 followers will be sorely missed

#ChooseCruz #TrusTed #NeverTrump #NYPrimary https://t.c‚Ä¶"
__DragonWings__,"RT @jstines3: Without the 2nd Amendment, we will lose all others! 

VOTE TED CRUZ! 

#SCPrimary #CruzCrew #PJNET #TCOT #2A https://t.co/J6P‚Ä¶"
SandyShaffer75,Line already #TrumpTrain #rochester @realDonaldTrump https://t.co/NcyMjgmEKp
NatalieReyn,"RT @NetworksManager: ""Maybe Jesus had to beg for forgiveness from his parents"" - #Traitor-N-Pope @Pontifex Francis Vatican #MakeAmericaGREa‚Ä¶"
Texasbelle7VA,"RT @Campaign_Trump: ""TONIGHT - @realDonaldTrump talks to @JudgeJeanine on ""Justice."" @realDonaldTrump #MakeAmericaGreatAgain https://t.co/A‚Ä¶"
zappin_liberals,RT @HereMeRoaring: #Woman4Trump up the volume!!  Sheer will and  https://t.co/PioHN4jUF4   https://t.co/PSR8GsYVqJ
SCOOPNJ78,RT @CatNamedLily: #clueless #ChooseCruz  https://t.co/8vZQ3A7R4o
KCforTruth,"RT @jstines3: .@TedCruz AIPAC speech earned cheering standing ovations! https://t.co/H35F5sEi8G 

#CruzCrew #PJNET# TCOT  https://t.co/xlxV‚Ä¶"
aDveSFowler,RT @NadelParis: Finger waggin' PinocchioCommunist needs2go #ImWithHer #millennialsforhillary #NewYorkPrimary https://t.co/6lveV70TZ3 https:‚Ä¶
roger_altmeyer,"RT @realDonaldTrump: ""@jlopez05391: @realDonaldTrump Rochester loves you! See you tomorrow! #MakeAmericaGreatAgain #Trump2016 #TrumpTrain""‚Ä¶"
JGFAN,Please ask him how a 7-7 delegate tie feels after spending thousands and visiting the state himself. #ImWithHer https://t.co/n06LYDm6fd
d_roneal,RT @DJLugoff: Keep those numbers rising! Don't take anything for granted. Get out the Vote more primaries to come!  https://t.co/dHJ4j1gSlC
RZimms,"RT @LindaSuhler: üí•RALLY TOMORROW
üéâDonald Trump Albany NYüéâ
‚úîÔ∏è VOTE #Trump2016 #NY
7 PM EDT 4/11
#NYValues
#NYPrimary
#TrumpTrainüöÇüá∫üá∏üá∫üá∏
https:‚Ä¶"
OVERCOMER2TEN,"RT @NYactivist: ""Those who make peaceful revolution impossible will make violent revolution inevitable""-John F Kennedy  #NYforBernie https:‚Ä¶"
PatKilgus,RT @Jurygal08: @IrishbroKennedy so proud of my husband. #PennsylvaniaForTrump #PhiladelphiaForTrump #BuildTheWall #VoteTrump #MakeAmericaGr‚Ä¶
griselbahena1,RT @skyoversc: #BernieOrBust https://t.co/HJqr0sQRsy
ranzo151,"RT @Europe4Sanders: Hi #ImWithHer -it's never too late to change your life- join the revolution! #BridgeToBernie https://t.co/v9fW9gtUJi
ht‚Ä¶"
frankmyrtle,RT @realCalvinHobbs: Delegate Randy Smith WV Endorses Donald Trump for President #NY https://t.co/ipQI1GLTDS #NeverCruz #TrumpTrain #PA htt‚Ä¶
Gelz209,"RT @Libertea2012: RT: Volunteering, Activism is passed down frm generation to generation. #FeelTheBern @Latinos4Bernie‚Ä¶ #BernieStrong https‚Ä¶"
IndeCardio,RT @maxlydic: #TrumpTrain 6 hrs and 24 mins to the Rally Rochester NY 3 PM EDT 4-10-16 https://t.co/dlpofoD9IS https://t.co/dwEC2tmBKi
lauramarsh70,"RT @Libertea2012: RT: Sure, more than 10,000 suicides were linked to the 2008 crash but what really gets me steamed is how Sanders says ""ba‚Ä¶"
male75081,"#CTPrimary #CT #Bridgeport #Hartford
If concerned by #trump then #nevertrump gambler in WH
#voteCruz POTUS 4 Growth
https://t.co/x9hXOhboGV"
JudyStockard,"RT @realDonaldTrump: ""@jlopez05391: @realDonaldTrump Rochester loves you! See you tomorrow! #MakeAmericaGreatAgain #Trump2016 #TrumpTrain""‚Ä¶"
i6beriguiseua,RT @silversavant: RT RT NadelParis: Finger waggin' PinocchioCommunist needs2go #ImWithHer #millennialsforhillary #NewYorkPrimary was‚Ä¶ https‚Ä¶
Mwforhr,How the hell does he expect to have any allies in congress to advance his ideas? #ImWithHer @Oooooo_Donna @GStuedler
jbr5100,RT @kupajo322: @realDonaldTrump @MELANIATRUMP https://t.co/x7Y7RTpfQ2
Mariatweets3,MT @TerresaHobbs: New York values? Show us the NYC libs don't run the whole state! #ChooseCruz https://t.co/GHsHfLMvOh #CruzCrew #PJNET
raosivan1,RT @RandPitt: Pics from @HillaryClinton 's Rally in #Pittsburgh #ImWithHer #HillaryClinton #Hillary2016 @ladivaxxx https://t.co/UezdzsWSrS
CarolBr41960083,RT @amrightnow: Trump About You @realDonaldTrump #realdonaldtrump #trump2016 #VoteTrump2016 #TrumpTrain https://t.co/j58e8aacrE https://t.c‚Ä¶
hutchlolo,RT @MercuryOneOC: Don't #ResistCapitalism - Embrace it! Capitalism has done more to raise living standards than any other system in history‚Ä¶
LoLSoroen,RT @NadelParis: Finger waggin' PinocchioCommunist needs2go #ImWithHer #millennialsforhillary #NewYorkPrimary https://t.co/6lveV70TZ3 https:‚Ä¶
andrewstarguy3,RT @kupajo322: @WayneDupreeShow ‚òÜ„ÄãThey Don't Care About #America „Äã$$$ &amp; Power Is ‚Ä¢ALL‚Ä¢ THAT MATTERS #TrumpTrain ‚òÜ‚òÜ‚òÜ„Äã #Trump2016 ‚òÜ‚òÜ„Äã https:/‚Ä¶
AmberForAmerica,"MT @ChuckNellis: Vote for God &amp; Country, Not for greed &amp; corruption. Vote @TedCruz! https://t.co/1DeSE4cNzR #CruzCrew #PJNET"
GlennSilva76,RT @Bart_39: MT @AwakeDeborah: 'The American people have had enough...' #ChooseCruz https://t.co/OqG7MJmN5R #CruzCrew #PJNET
aaronblissss,i wanna get stoned but dont wanna get outta bed
Mariatweets3,"MT @CliffWilkin: In order to restore America's safety and security, we must rebuild our military. https://t.co/h0L8yj1qwM #CruzCrew #PJNET"
GlennSilva76,RT @BikinInMaine: MT @CliffWilkin: PROTECTING THE SECOND AMENDMENT RIGHTS OF AMERICANS. #UniteWithCruz https://t.co/QqA5FQqQlK #CruzCrew #P‚Ä¶
Worldofcraze,"@BernieSanders #FeelTheBern #BernieBros #BernieOrBust = it's NO public transportation  
#ImWithHer #NYPrimary  https://t.co/lTs4dxcgp0"
Pazvakarehwa,"RT @Hillary4Florida: The New York Times: Hillary Clinton for the Democratic Nomination.
https://t.co/2M8M64TmjY

üòçüá∫üá∏#ImWithHer #HillYes #WY‚Ä¶"
irma_stone,RT @Libertea2012: MT I'm With These Guys...#BernieAtTheApollo #HarryBelafonte #NYForBernie https://t.co/Y3wJV7aLTQ: I'm‚Ä¶ #BernieStrong http‚Ä¶
MyStagner,RT @Justice41ca: Never Cruz only candidate that says he is sanctioned by God there's a warning about that https://t.co/6oXADPvEIu
CashMaker2001,RT @NadelParis: Finger waggin' PinocchioCommunist needs2go #ImWithHer #millennialsforhillary #NewYorkPrimary https://t.co/6lveV70TZ3 https:‚Ä¶
petitethirty1,"RT @phemale61: Hillary wins Laramie County, Wyoming!  Adults are voting after all! 
#HillaryMostQualified
#Imwithher https://t.co/zS3xq3f7Jm"
lynette_clevela,RT @The_Trump_Train: #MakeAmericaGreatAgain https://t.co/OMDEjaOoq6
jimcc66,MT @TerresaHobbs: New York values? Show us the NYC libs don't run the whole state! #ChooseCruz https://t.co/jp94BhOgoA #CruzCrew #NeverTrump
Mariatweets3,"MT @jphilman0206: We need a POTUS to Unite us behind American Values, Constitution, &amp; Liberty https://t.co/Jq7EaQViSr #CruzCrew #PJNET"
firemanjohn628,RT @skyoversc: #BernieOrBust https://t.co/GfhqbYAySo
_belle_curve_,RT @203Haze: The Awakening. Revolution is now. America Rising. #WeAreBernie #StillSanders  #BernieOrBust  #KeepItInTheGround https://t.co/7‚Ä¶
inyourface34,RT @AnnCauley: #BurnTheGOP  #Trump2016 #MAGA #TrumpTrain #StopTheSteal https://t.co/RcpDla8AlQ
AmericaToday134,They fought for our RIGHTS! Time to do the same for them! #TRUMP2016 #MakeAmericaGreatAgain #VetsLivesMatter https://t.co/2T7uab7kLt
woodseysmith,"RT @realDonaldTrump: ""@governor_savage: @realDonaldTrump is the only person who can save us from this corrupt political mess. #MakeAmericaG‚Ä¶"
USA4Bernie,"RT @RichardAngwin: Don't drink the Clinton media Kool-Aid‚Ñ¢. Bernie needs 56.5% of remaining pledged delegates.
#FeelTheBern #ImWithHer http‚Ä¶"
kopal1709,@tcooper9999 #ImWithHer https://t.co/lLHJABCyBK
thrulookinglass,"RT @Libertea2012: RT: Volunteering, Activism is passed down frm generation to generation. #FeelTheBern @Latinos4Bernie‚Ä¶ #BernieStrong https‚Ä¶"
Mariatweets3,MT @Dlw20161950: 'One Candidate Stands' Ted Cruz-President! https://t.co/fmCBEVclL8 #CruzCrew #PJNET
SandyMullins19,RT @realCalvinHobbs: Delegate Randy Smith WV Endorses Donald Trump for President #NY https://t.co/ipQI1GLTDS #NeverCruz #TrumpTrain #PA htt‚Ä¶
Farkal,"RT @VivaLaAmes: Globalists have ruined America. You can choose to stay on that path or you can support Trump. 
#CruzCrew https://t.co/Ytpe7‚Ä¶"
bcnaturelady,"RT @HarveyAckerman: Excuse me,  but you #StopTrump  &amp; #nevertrump people need to consider what you going to do when you wake up!
#VoteTrump‚Ä¶"
CTVoter,And he did not have a great day in Wyoming yesterday. No net delegates.  https://t.co/o6ce6fTSNq
bunlene,"RT @AlisonSpalding2: RT @TimBartender
HRC supporters brag ab results from rigged election
Then wonder why I'm #BernieorBust #FeelTheBern ht‚Ä¶"
PatriciaMcCa,HRC supporters brag about results from a rigged election. Then they wonder why I'm #BernieorBust #FeelTheBern https://t.co/AQEq4n1PWy
bigsexy_tote,"RT @DrSueDVM: Cruz wins all 34 #Colorado #GOPdelegates! üá∫üá∏üá∫üá∏üá∫üá∏
 
#NewYorkPrimary #ChooseCruz #CruzCrew #tcot #ccot
#PrayForAmerica https://‚Ä¶"
billnsher42197,RT @BikinInMaine: MT @CountingOnCruz: 'I will not be neutral. America will stand UNAPOLOGETICALLY with Israel!' https://t.co/N56n2TALoR #Cr‚Ä¶
sdpfeiffy,"RT @regwag2003: ""Unlikable &amp; untrustworthy"" = code for ""She's a woman who's asking for a promotion"" https://t.co/eW2yUr1Qdg"
kenobikathy,"RT @WeNeedHillary: Feel The Bern: Sanders Tax Plan Would Kill 6 Million Jobs https://t.co/qVOMQoEfIS
#ShesWithUs #ImWithHer #TNTweeters htt‚Ä¶"
Mariatweets3,"MT @TeriGRight: Grassroots, Please Rise Up &amp; #ChooseCruz! He can FIX this mess! #TCOT #LNYHBT https://t.co/JMKoDXYIUH #CruzCrew #PJNET"
DJBarroso85,RT @WayneDupreeShow: Boston Globe smears GOP front-runner Donald Trump with fake Sunday front-page headline https://t.co/AYgT1aLpMo #TrumpT‚Ä¶
c8m8ro,"RT @realDonaldTrump: ""@governor_savage: @realDonaldTrump is the only person who can save us from this corrupt political mess. #MakeAmericaG‚Ä¶"
Shawpsych,Gah! Paraphrasing is irrelevant here. It is still plagiarism of the idea. Who teaches these people? https://t.co/iqfUNxfwih
sandiv11,"RT @JudgeMoroz: Behold the real #CruzCrew ...

And @tedcruz will do &amp; say whatever it takes to please his donors. https://t.co/GB0lVuckmT"
HereMeRoaring,#Woman4Trump up the volume!!  Sheer will and  https://t.co/PioHN4jUF4   https://t.co/BfsGsRnJRH
BBFBHoustno,RT @NadelParis: Finger waggin' PinocchioCommunist needs2go #ImWithHer #millennialsforhillary #NewYorkPrimary https://t.co/6lveV70TZ3 https:‚Ä¶
LokiDad,"RT @ImagineAnna: Ted Cruz: ""GAY PEOPLE SHOULD BE EXECUTED"" #MakeAFilmHappy #RejectedBallparkPromotions #WakeUpAmerica #tcot #CruzCrew https‚Ä¶"
BonnieMadden,"RT @Campaign_Trump: ""TONIGHT - @realDonaldTrump talks to @JudgeJeanine on ""Justice."" @realDonaldTrump #MakeAmericaGreatAgain https://t.co/A‚Ä¶"
ranzo151,RT @Libertea2012: RT: New York you've shown us so much love! Keeping being you and get out the‚Ä¶ https://t.co/rhWuKSWXJc #BernieStrong https‚Ä¶
mar_de_palabras,RT @mayatcontreras: Yep. Sanders distancing himself for a bill he once voted for and supported #94CrimeBill #ImWithHer  https://t.co/99DxBh‚Ä¶
203Haze,The Awakening. Revolution is now. America Rising. #WeAreBernie #StillSanders  #BernieOrBust  #KeepItInTheGround https://t.co/ITuJ2Ol9zA
DanMartin_cards,"NICELY DONE!!  @TEDCRUZ üá∫üá∏üëç
#CruzCrew
#ChooseCruz

Cruz picks up all delegates in Colo.; Sanders win in Wyo. https://t.co/PvVFAbZFv7"
Notnow71,@cr100064 @MailOnline Who is she? Weight watchers lady? Another stellar sponsor #TrumpTrain #donaldtrump #kirstiealley
lusthogs,"Don't vote for Ted ehh. 
#NYPrimary
#PAPRIMARY 
#MakeAmericaGreatAgain https://t.co/IgAwHd8ZSn"
Sweetatertot,Both Dems &amp; GOP establishment know Trump threatens their payoffs from special interests. #EndCorruption #VoteTrump  https://t.co/rUzPswahnE
Gramzy7,#DonaldTrump is a liberal. #NYPrimary #PAPrimary #ChooseCruz #ccot #TrumpTrainWreck https://t.co/9aCdvNwfzM
Mariatweets3,MT @LynnMarki: Care about your #2A Rights? Vote 4 CRUZ! https://t.co/bDvkXCfQSm #CruzCrew #PJNET
b13853s,RT @LifeLibHappy: MT @jphilman0206: What we need in Washington is a Servant of the People. #ChooseCruz https://t.co/2S8z5ou8Mz #CruzCrew #P‚Ä¶
NatalieReyn,RT @vito4224: COMING TO AMERICA ‚ö† https://t.co/hCWs2pS8Yt
CarolynMcIntosh,"RT @LindaSuhler: The truth is like a lion;
you don‚Äôt have to defend it.
Let it loose;
it will defend itself.

#MakeAmericaGreatAgain https:‚Ä¶"
mani2boat,RT @DanScavino: Percentage of remaining delegates necessary to secure the nomination. #Trump2016 #TrumpTrain #MAGA https://t.co/Zv1j4ieblt
Mariatweets3,MT @Saint_Obama: Ted Cruz Endorsed By Lt General Jerry Boykin! #UniteWithCruz https://t.co/PeBoGyoYJA #CruzCrew #PJNET
denver_rose,"RT @WeNeedHillary: The New York Times endorsed Hillary Clinton. She's qualified. https://t.co/TYSJKqaLaT
#ShesWithUs #ImWithHer https://t.c‚Ä¶"
RainforthRegina,"RT @trump_world: Thank you Trump, for your personal &amp; financial sacrifices in this journey to #MakeAmericaGreatAgain @realDonaldTrump https‚Ä¶"
16nchampions,RT @realCalvinHobbs: Joshua Nelson WV Delegate Endorses Donald Trump for President #WV https://t.co/ipQI1GLTDS #NeverCruz #TrumpTrain #CA h‚Ä¶
millinium02,"RT @realDonaldTrump: ""@glozee1: Great interview with @PaulManafort on @CNN regarding @realDonaldTrump path to victory #NewDay #MakeAmericaG‚Ä¶"
GOPdiva,RT @rafealcuzr66: #CruzCrew: RT TexasTribune: .TedCruz sweeps delegates up for grabs in Colorado | PatrickSvitek reports: ‚Ä¶ https://t.co/yn‚Ä¶
kinnathakarar,Specialists Question Addiction Program‚Äôs Alleged 90 Percent Success Rate..why we need evidence based research #maine https://t.co/GKXZvD8Xfg
Carolyn82471448,RT @Pinklady66: OMG #GOP #FRAUD This is terrible #FBI get on this #VoteTrump to get the fraud out of #AmericanPolitics  #Trump  https://t.c‚Ä¶
XSERAPH04,"RT @andersonDrLJA: #Cruz BELIEVES IN #WeThePeople WITH CONSTITUTIONALLY LIMITED GVT! 
#TedCruzForPresident #Cruz2016 #CruzCrew #TrusTed htt‚Ä¶"
Mariatweets3,MT @CountingOnCruz: Ted Cruz successfully defended a law that bans partial birth abortion. https://t.co/l8H4MNE6ov #CruzCrew #PJNET
ygelbman,"RT @realDonaldTrump: ""@jlopez05391: @realDonaldTrump Rochester loves you! See you tomorrow! #MakeAmericaGreatAgain #Trump2016 #TrumpTrain""‚Ä¶"
CLHunting1,RT @Able_49: MT @jan_pierce: #CruzSuperCrew #ChooseCruz https://t.co/DbObqYOq7w #CruzCrew #PJNET
icze4lion,RT @JakeHarder: @Drybones5 @icze4lion https://t.co/Sakw78ytiv  #MakeAmericaGreatAgain boys.
DerekLeeJames88,"@LogicalReverie üì∞Boston paper prints fake anti-Trump front page https://t.co/DlZwVSKmehüì∞
#bostonglobeWhooooo #MakeAmericaGreatAgain #Trump16"
NatalieReyn,RT @NetworksManager: .@hawt_c @txlady706 @HannibalBarca65 with millions more votes &amp; many more delegates #TrumpTrain will be nominee WE VOT‚Ä¶
RadicalRW,"heard on 93.3 Cinci Ohio @KLOVERadio 'LOVE IS not a feeling...LOVE is an ACTION!' 

#CruzCrew #UniteWithCruz #USA  https://t.co/XGNcHHDVNN"
AmazingSOP1,RT @Mwforhr: He really fell for the GOP bait on this one. Not ready for prime time. https://t.co/DpjCwh3FBL @GStuedler @Oooooo_Donna #ImWit‚Ä¶
Mariatweets3,MT @FranklinMan25: We've waited a long time for a true Patriot to come along. The wait is over! https://t.co/3VYxKrFlYl #CruzCrew #PJNET
SexyAnimalsBand,RT @PatriciaMcCa: HRC supporters brag about results from a rigged election. Then they wonder why I'm #BernieorBust #FeelTheBern https://t.c‚Ä¶
AdamShah1972,"#FeelTheBern: how dare Clinton get more than 20% in lily-white red state. 

#ImWithHer #HillYes #FeelThePrivilege https://t.co/7bmgAU8T3j"
yRan_Hunter,RT @NadelParis: Finger waggin' PinocchioCommunist needs2go #ImWithHer #millennialsforhillary #NewYorkPrimary https://t.co/6lveV70TZ3 https:‚Ä¶
rollo_knows,"@papertimelady @CarolGo18658081 #imwithher It's the MATH. ..""stupid"" , Bernie has already lost the math, he has no ""path forward""..?"
CapitalsDieHard,If Datsyuk really is playing his final games with Detroit (or the NHL)...it's the end of an amazing era...nevertheless #GoCaps
maxlydic,"RT @22Americanfirst: #Trump2016 #Trump #TrumpTrain #MakeAmericaGreatAgain #DonaldTrump #OnlyTrump #PresidentTrump #WomenForTrump
   https:/‚Ä¶"
Laus_Deo4ever,"RT @dawngpsalm63: .@ColoradoGOP y'all r so Busted!üî•üí£üî•
Corruption
We will #BurnTheGOP üî•üî•üí£
#TrumpTrain
#TrumpRally
#NeverCruz
#NeverGOP  http‚Ä¶"
bates512,RT @rafealcuzr66: #CruzCrew: RT ABC: Ted Cruz completes sweep of Colorado delegates https://t.co/NrJZ7YRosc https://t.co/Kj0sUubjUM
BonnieMadden,"RT @LindaSuhler: üí•RALLY TOMORROW
üéâDonald Trump Albany NYüéâ
‚úîÔ∏è VOTE #Trump2016 #NY
7 PM EDT 4/11
#NYValues
#NYPrimary
#TrumpTrainüöÇüá∫üá∏üá∫üá∏
https:‚Ä¶"
sugarfrombama,"RT @Campaign_Trump: #TrumpTrain riders 19 hrs to the Trump Rally Rochester  NY 3 PM EDT Common-Sense
https://t.co/xgapKniKvS https://t.co/R‚Ä¶"
Mariatweets3,MT @RichardJSunkle: With Ted Cruz we'll reignite the spark of America. https://t.co/kwVtGOl8uf #CruzCrew #PJNET
AmazonTraveler,"RT @WeNeedHillary: Feel The Bern: Sanders Tax Plan Would Kill 6 Million Jobs https://t.co/qVOMQoEfIS
#ShesWithUs #ImWithHer #TNTweeters htt‚Ä¶"
cherylm14077833,"RT @DanScavino: #BTS w/ @realDonaldTrump #Trump2016- in Washington, D.C. #TrumpTrain #MakeAmericaGreatAgain https://t.co/V1s3EKSDMu"
BoonieKane,RT @TimBartender: HRC supporters brag about results from a rigged election. Then they wonder why I'm #BernieorBust #FeelTheBern https://t.c‚Ä¶
muwanguzi_nuru,RT @bannerite: George knows! #ImWithHer https://t.co/NTRkboe0qv
PatriotGinger,MT @FoxNews: @tedcruz discussed his Christian faith with #MegynKelly. https://t.co/SPLsFsHfAm #CruzCrew #PJNET
MICOJINIUSFELLA,"RT @MR_ATL1087: The longer this primary the more #BernieOrBust looks better and better but, I know me being Black, Gay, and Atheist I'm tar‚Ä¶"
Bart_39,MT @CliffWilkin: Led way to preserve the words 'under God' in the Pledge of Allegiance. https://t.co/L0ygJ3U97r #CruzCrew #PJNET
OliMauritania,"The @GOP A BUNCH OF DISGUSTING CORRUPT THIEVES! Karma will be a bitch! 
#VoteTrump #NYPrimary #Trump #StopTheSteal  https://t.co/ggmNp4imjf"
Funny_Girl_1956,"RT @realDonaldTrump: ""@governor_savage: @realDonaldTrump is the only person who can save us from this corrupt political mess. #MakeAmericaG‚Ä¶"
TrumpBrowardFL,"RT @TrumpNewMedia: @realDonaldTrump John Kasich Goes All In For Amnesty For Illegals https://t.co/oYfoj99Ajo 
#AlwaysTrump
#VoteTrump https‚Ä¶"
JoannaWoman991,"RT @realDonaldTrump: ""@governor_savage: @realDonaldTrump is the only person who can save us from this corrupt political mess. #MakeAmericaG‚Ä¶"
JPollock1996,RT @TomDangora: @HillaryClinton is more than qualified #ImWithHer https://t.co/zWktgzFUHG
PaulZimnik,Over 99% of the world's population has always been non- #RulingClass . Why do we continue to let them rule? #MakeAmericaGreatAgain
ctrm045,"RT @dawngpsalm63: I find it VERY disturbing how they portray
#Cruz as the "" Second coming of Christ""
Darkness surrounds him! üá®üá¶üêçüë©üèº‚òéÔ∏èüòà https‚Ä¶"
ronfloridanativ,"RT @StevePerkins14: .#NYPrimary
#CAPrimary 
Vote Cruz
Proven constitutional conservative that fights Washington lobbyists backroom deals ht‚Ä¶"
caf514,"RT @Campaign_Trump: NEW Emerson College New York Poll!
Trump 56%
Cruz 22% - loser
Kasich 17% - boozer
#MakeAmericaGreatAgain! https://t.co/‚Ä¶"
LarrynCosmo,"RT @VoteBlueAlways: Poor Bernie supporters. Only gained *0* delegates on Hillary in Wyoming.
#ShesWithUs #ImWithHer #TNTweeters https://t.c‚Ä¶"
LovelyLowEnd,RT @DonnyJHuber: Keep the tradition of NY BORN politicians alive! #BernieSanders #BernieStrong #NYPrimary @SenSanders @FDRLibrary https://t‚Ä¶
yarrowroot,RT @TimBartender: HRC supporters brag about results from a rigged election. Then they wonder why I'm #BernieorBust #FeelTheBern https://t.c‚Ä¶
PennyHighTrades,RT @blacktriangle1: #FeelTheBern #BattleOfNewYork #HRC is a mercenary - #VoteBernie for Honesty and Integrity #Solidarity from #Scotland ht‚Ä¶
Mariatweets3,MT @cruzgrassroots: Only #TedCruz published a Plan to Shrink Government. #TCOT #TLOT https://t.co/Jf0B9ZopP6 #CruzCrew #PJNET
AnnLaabs,#ImWithHer https://t.co/JGvrMrnSfF
rossr122,"RT @realDonaldTrump: ""@governor_savage: @realDonaldTrump is the only person who can save us from this corrupt political mess. #MakeAmericaG‚Ä¶"
BonnieMadden,"RT @LindaSuhler: üí•RALLY TODAY!
üéâDonald Trump Rochester NYüéâ
‚úîÔ∏è VOTE #Trump2016 #NY
3 PM EDT
#NYPrimary
#NYValues
#TrumpTrainüöÇüá∫üá∏üá∫üá∏
https://t.‚Ä¶"
Mariatweets3,MT @FranklinMan25: Ted Cruz calls the enemy by name! and  will utterly destroy ISIS! https://t.co/gMRyCQmz2M #CruzCrew #PJNET
USS_victory,RT @Shooters_Wife: .@tedcruz: RT if you're tired of being called anti-immigrant because you want people to come here legally &amp; to enforce t‚Ä¶
wolfeprowler1,RT @blacktriangle1: #FeelTheBern #BattleOfNewYork #HRC is a mercenary - #VoteBernie for Honesty and Integrity #Solidarity from #Scotland ht‚Ä¶
jimcc66,"MT @jphilman0206: We need a POTUS to Unite us behind American Values, Constitution, &amp; Liberty https://t.co/INVT04hhgX #CruzCrew #PJNET"
KenDiesel,"RT @MightyBusterBro: Vote Huge NY
@mbretttx @clantro @wtfnewsamerica @PolitiBunny @seanhannnity @HawkinsUSA  #TrumpTrain @GenGSPatton https‚Ä¶"
OutFOXedNEWS,RT @Libertea2012: RT: Every young @BernieSanders is a potential #1u member. Never forget that. Someone has to rebuild the labor movement. W‚Ä¶
CJCboi,"RT @TheGOPReport: The whole GOP would have looked golden if they said ""Trump can help clean the mess in Washington"" from the beginning http‚Ä¶"
Mariatweets3,"MT @peddoc63: Everything the government GIVES to you, it must first TAKE from you! https://t.co/v9gwiHYG52 #CruzCrew #PJNET"
kimberly010960,Yay! Thank you!! https://t.co/KQFvSpUXWJ
Midwood49,"#TrumpTrain #Votetrump
Going to church doesn't stop him going against the will of the people &amp; stealing election https://t.co/3ReSY5NLc3"
herredness66,"RT @trump_world: ""My superpac? The american people!""
@realDonaldTrump¬†
GO TRUMP!
WE GOT YOUR BACK!
#MakeAmericaGreatAgain
#Trump2016 https:‚Ä¶"
GWForUS,Hillary Clinton flips the bird at America daring The Fed 2 indict her while we sit here with our thumbs up our asses #MakeAmericaGreatAgain
Mariatweets3,MT @globaker56: Our families and our future is what is at stake in this election. #ChooseCruz https://t.co/5LGFALX7T6 #CruzCrew #PJNET
pokerhanos,"RT @Lrihendry: Jesus out, Mohammad in! Disgusting! Vernon Hills High, IIL https://t.co/YCssamqQsM #Trump2016 #TrumpTrain"
IncumbentMayor,"RT @realDonaldTrump: ""@jlopez05391: @realDonaldTrump Rochester loves you! See you tomorrow! #MakeAmericaGreatAgain #Trump2016 #TrumpTrain""‚Ä¶"
CliffWilkin,MT @CliffWilkin: CRUZ committed to smaller government. https://t.co/ExetDYBg7R #CruzCrew #PJNET
nana_mo_Amelika,RT @TimBartender: HRC supporters brag about results from a rigged election. Then they wonder why I'm #BernieorBust #FeelTheBern https://t.c‚Ä¶
KarlIngersoll,Legalism and love cannot occupy the same space. - Elaine Ingersoll
jim72182,Sad news for the Sanders campaign today......they split the delegates in WY in a state that he should have received 75% of them #ImWithHer
aquarharris688,Agreed! #ImWithHer  https://t.co/p9zr0Eke22
__DragonWings__,"RT @MelTheInfidel: Trump's Saturday delegate disaster #DuckingDonald #CryingTrump  
üá∫üá∏ #ChooseCruz üá∫üá∏
üá∫üá∏ #CruzCrew üá∫üá∏ https://t.co/i1k49M9J‚Ä¶"
Mariatweets3,MT @CatholicVote: We are proud to endorse Ted Cruz for President. https://t.co/9crwgjSJuh #CruzCrew #PJNET
jimcc66,MT @Dlw20161950: 'One Candidate Stands' Ted Cruz-President! https://t.co/7q4tdqCGlS #CruzCrew #PJNET #NeverTrump
4OrganicFood,#NYPrimary #PAprimary #CAPrimary #NJPrimary #GOTV #FlipNY #berniesanders #NotMeUs #BernieorBust #heswithus https://t.co/MnIZuk4gN8
nicole_carndi,RT @NadelParis: Finger waggin' PinocchioCommunist needs2go #ImWithHer #millennialsforhillary #NewYorkPrimary https://t.co/6lveV70TZ3 https:‚Ä¶
prince_rebus,#BostonGlobe: #GOP must #stopTrump https://t.co/ya3XIRMj2g #Trump #DumpTrump #TrumpTrain #MakeAmericaGreatAgain #drumpf #GOPMeltdown #RIPGOP
lisam02184,RT @ClownGroovy: ThnkYou COLORADO 4 Lying StealingDelegates &amp; Votes &amp; InGeneral Resembling Congress with TREASONOUS DISHONESTY! Phegh https‚Ä¶
Tab1791,RT @tedcruz: Thank you Colorado for another resounding victory! https://t.co/PXWWcifJKK #ChooseCruz #CruzCrew https://t.co/zhMVq5QpeH
Jantxnc,"RT @DanMartin_cards: NICELY DONE!!  @TEDCRUZ üá∫üá∏üëç
#CruzCrew
#ChooseCruz

Cruz picks up all delegates in Colo.; Sanders win in Wyo. https://t‚Ä¶"
michellej66,"RT @realDonaldTrump: ""@governor_savage: @realDonaldTrump is the only person who can save us from this corrupt political mess. #MakeAmericaG‚Ä¶"
PeggyODL,RT @Shooters_Wife: .@tedcruz: RT if you're tired of being called anti-immigrant because you want people to come here legally &amp; to enforce t‚Ä¶
LiveFreedomOrDi,RT @Coondawg68: #TedCruz is a True Reformer on Immigration. #LyingTrump #TrumpTrain https://t.co/S7bnnkX2Iu
mesquitepenny,RT @Libertea2012: RT: Every young @BernieSanders is a potential #1u member. Never forget that. Someone has to rebuild the labor movement. W‚Ä¶
AmazingSOP1,"RT @WeNeedHillary: Turns Out Hillary Clinton &amp; President Obama Were Right on Panama https://t.co/aNcGUxRD4r
#ShesWithUs #ImWithHer #p2 http‚Ä¶"
poquottlife,RT @tedcruz: Thank you Colorado for another resounding victory! https://t.co/PXWWcifJKK #ChooseCruz #CruzCrew https://t.co/zhMVq5QpeH
velofemfatal,ü§î I wonder why she suddenly supports $15?  Could it be because she hasn't won a primary in weeks!?!? #BernieOrBust  https://t.co/pvGAuGP7gx
corina6977,"RT @ImagineAnna: Ted Cruz: ""GAY PEOPLE SHOULD BE EXECUTED"" #MakeAFilmHappy #RejectedBallparkPromotions #WakeUpAmerica #tcot #CruzCrew https‚Ä¶"
lmchristi1,RT @JackieLCannella: That's right. Anyone trying to stop #Trump is trying to Stop The People's Will... Can you smell revolution=civil war h‚Ä¶
michael_cook5,"RT @Campaign_Trump: NEW Emerson College New York Poll!
Trump 56%
Cruz 22% - loser
Kasich 17% - boozer
#MakeAmericaGreatAgain! https://t.co/‚Ä¶"
