gbergen1944p,@DkAngel224 I know. They like the darndest things.
davidmcardle55,RT @nanajill211: MT @Saint_Obama: Ted Cruz Endorsed By Lt General Jerry Boykin! #UniteWithCruz https://t.co/P5xd22AytX #CruzCrew #PJNET
Aurochz,"RT @Socialist_Times: Stop shaming women who support Bernie into voting for Clinton https://t.co/FNym35huFt
#Women4Bernie #ImWithHer #P2 htt‚Ä¶"
mcjaxon2,RT @bloodless_coup: Trump's delegate operation is the https://t.co/aQRNURXzEu of the 2016 campaign. Utterly botched &amp; boss blames everyone‚Ä¶
ikamvc,don't talk about me in any way or form. It was either you left me or I left you. I did not want to be together. Don't make me look bad
ReligionFreeMns,@HLERadio @pilotboy2008 The title of the post explains a bunch concerning the cities current events. Pure chaos.
jinxdacat1,RT @Scott_Ott: Personality alone has secured for him everything else he has. The American people may not bow so easily to it. https://t.co/‚Ä¶
Tampa_Tea_Party,RT @Scott_Ott: Personality alone has secured for him everything else he has. The American people may not bow so easily to it. https://t.co/‚Ä¶
AnonymousJobUS,Please be sure to vote #Trump for #POTUS Let's #MakeAmericaGreatAgain ! https://t.co/SiBdtytBJD
uldanile,RT @NadelParis: Finger waggin' PinocchioCommunist needs2go #ImWithHer #millennialsforhillary #NewYorkPrimary https://t.co/6lveV70TZ3 https:‚Ä¶
AnonymousJobUS,Please be sure to vote #Trump for #POTUS Let's #MakeAmericaGreatAgain ! https://t.co/0N7Xf4heaM
AnonymousJobUS,Please be sure to vote #Trump for #POTUS Let's #MakeAmericaGreatAgain ! https://t.co/wmC2Uq2NG6
tovacationideas,"RT @TheGOPReport: The whole GOP would have looked golden if they said ""Trump can help clean the mess in Washington"" from the beginning http‚Ä¶"
AnonymousJobUS,Please be sure to vote #Trump for #POTUS Let's #MakeAmericaGreatAgain ! https://t.co/Z3ylbCjBzG
conservativevi1,RT @bloodless_coup: Re: the wrangling of delegates: the truth is #CruzCrew has the team Trump says he's capable of having but doesn't. Trum‚Ä¶
tmj_fl_hrta,"#KennedySpaceCenter, FL #Hospitality #Job: Crewmember at Delaware North https://t.co/z0IAbfvkaz #Jobs #Hiring #CareerArc"
DearLeader10,RT @ChamoyChulo: #MakeAmericaGreatAgain #ImWithHer https://t.co/6vZdAokyE9
kimbaland50,RT @Campaign_Trump: Percentage of remaining delegates necessary to secure the nomination. #Trump2016 #TrumpTrain #MAGA https://t.co/OFfxA82‚Ä¶
KEMTokpalT,RT @NadelParis: Finger waggin' PinocchioCommunist needs2go #ImWithHer #millennialsforhillary #NewYorkPrimary https://t.co/6lveV70TZ3 https:‚Ä¶
David_A_Robbins,Sunday at #Masters2016. Let's do this https://t.co/IwwQ0fswsx
MamaBear4Cruz,RT @PatriotGinger2: MT @CountingOnCruz: 'I will not be neutral. America will stand UNAPOLOGETICALLY with Israel!' https://t.co/uskP4ZhmmI #‚Ä¶
dawngpsalm63,"How can you "" conservatives "" Christians 
#NeverTrump ppl b ok with this? #TedCruz
#CruzCrew you know it's wrong üî•üí£ https://t.co/TRPkop41R0"
UTHornsRawk,"RT @SandraHartle: üîπ #Trump
üîπ #MAGA
üîπ #Women4Trump
üîπ #NYValues
üîπ #NYPrimary
üîπ #CruzCrew
üîπ #NJ #VA
üîπ #stayonbudget
üîπ #BigHeart
üîπ #PA https://‚Ä¶"
JanieHemming,https://t.co/ST34ZnoMYY
Liberalssuc1,RT @jmbse: #NeverTrump #ChooseCruz #CruzCrew  https://t.co/opW43aaFGP
LeighEPS,RT @vmpcott: #TedCruz : I will always tell the truth and do what I said I would do https://t.co/S4OVHTa23t via @YouTube  #CruzCrew #Cruz201‚Ä¶
wt9072,@JacobLong_KSDK @ksdknews @CaseyNolen @ChristinaKSDK @sheilacondon @GOfitnessSTL Looking Good #Team5
Cruzn4Ted,"RT @StevePerkins14: .#NYPrimary
#CAPrimary 
Vote Cruz
Proven constitutional conservative that fights Washington lobbyists backroom deals ht‚Ä¶"
Elumako,RT @MylesDyer: Here we go again: Hillary Clinton surrogate decides to publicly patronise young women voters https://t.co/bvhXHZovMJ #ImWith‚Ä¶
PrivateSchyilwl,RT @NadelParis: Finger waggin' PinocchioCommunist needs2go #ImWithHer #millennialsforhillary #NewYorkPrimary https://t.co/6lveV70TZ3 https:‚Ä¶
theyoooooshow,"""I am reminded of banana republics, where people trusted their hearts to revolutionaries who didn‚Äôt know how to govern.""

Ouch. #ImWithHer"
Luke_Gustafson,"RT @Socialist_Times: Stop shaming women who support Bernie into voting for Clinton https://t.co/FNym35huFt
#Women4Bernie #ImWithHer #P2 htt‚Ä¶"
kickinglass,"RT @Don_Vito_08: üòçWE LOVE THE #TrumpTrain #Vote üòç
Stand Strongüí™üèæ and Together üë´
We got this!! üëä #NewYorkValues #NYPrimary #NeverCruz https:‚Ä¶"
adrcb1957,@DRJAMESCABOT grab your clubs! Let's go! FOUR!üò®
Ethan_Mac_17,"RT @realDonaldTrump: ""@jlopez05391: @realDonaldTrump Rochester loves you! See you tomorrow! #MakeAmericaGreatAgain #Trump2016 #TrumpTrain""‚Ä¶"
tmj_NC_pharm,"Want to work at Kelly Services? We're #hiring in #Greenville, NC! Click for details: https://t.co/eAVDKXn8eY #Job #KellyJobs #KellyServices"
DougTwinn,My last day in Orlando :(
tmj_ga_govern,"Aerotek #Government #Job: Electronics Technician III (#SaintMarys, GA) https://t.co/9gnDQR7Y2p #Jobs #Hiring"
tmj_FLD_HR,"See our latest #DaytonaBeach, FL #job and click to apply: Executive Assistant C-Level - https://t.co/tmGV9RlcPN #DefinedBenefits #Hiring"
tmj_TNC_HRTA,"Can you recommend anyone for this #Hospitality #job? https://t.co/qLnFjTD6Vu #restaurantjobs #Chattanooga, TN #Hiring #CareerArc"
tmj_CAE_intern,"Interested in a #internship #job near #Columbia, SC? This could be a great fit: https://t.co/Z3JZ4wWN4m #Hiring #CareerArc"
tmj_atl_eng,"Staff Commissioning Engineer - Burns &amp; McDonnell: (#Alpharetta, GA) https://t.co/HErkUZtz5J #Engineering #Job #Jobs #Hiring #CareerArc"
tmj_fay_sales,"We're #hiring! Read about our latest #job opening here: Service Manager - CMV - https://t.co/upzrBJk8zo #cintasjobs #Stedman, NC #Sales"
tmj_atl_cosmo,"See our latest #Alpharetta, GA #job and click to apply: Salon Manager - https://t.co/iN4XaNUNxT #Cosmetology #Hiring #CareerArc"
SAVE_R_Animals,"RT @NoKill20kmLife: Hillary Clinton has a propaganda machine Blue Nation Review, The Onion, The Daily Beast https://t.co/BNmDyOPYJz #Bernie‚Ä¶"
Free11Be,"RT @The99forBernie: Idk Hillary, for some reason Bernie feels perfectly fine when people bring up his record #BernieOrBust #FeelTheBern htt‚Ä¶"
tmj_grn_constru,"We're #hiring! Read about our latest #job opening here: Construction Superintendent - Commercial - https://t.co/Kr3W4JPyU6 #Greenville, SC"
tmj_grn_it,"We're #hiring! Click to apply: IT Manager (Optimization / FICO) - https://t.co/zZlAvucMvO #IT #Greenville, SC #Job #Jobs #CareerArc"
tmj_cae_pharm,"Join the Sanofi team! See our latest #Pharmaceutical #job opening here: https://t.co/ufQZE0Gv64 #Columbia, South Carolina #Hiring"
tmj_ga_retail,"#Conyers, GA #Retail #Job: Department Manager at Lowe's Stores https://t.co/ArDaSdjmaK #Jobs #Hiring"
jmatheson160,# TONGUE @tedcruz MUST BE BIGGER THAN HIS PECKER!! LOOKS LIKE HE'S TONGUE FUCKING NOW!! ONE GROSS SOB!! https://t.co/OfihxGnigO
tmj_grn_legal,"Can you recommend anyone for this #Legal #job? https://t.co/tqkNXpqAxv #Greenville, SC #Hiring #CareerArc"
tmj_jax_jobs,"84 Lumber #Job: Kitchen Designer (1338 4G 001) (#Elkton, FL) https://t.co/RqSDgOYr7d #Jobs #Hiring"
tmj_GAS_LABOR,"See our latest #Savannah, GA #job and click to apply: Forklift - https://t.co/XzHpLIDlU9 #Labor #Hiring"
tmj_GA_LABOR,"Want to work in #Columbus, GA? View our latest opening: https://t.co/J2FSF2ZGlx #Labor #Job #Jobs #Hiring"
CarolinaWx,7:54  Wind:Calm  Dry  34F  RH:61%  Dp:22F  BP:30.2inHg   Mn:Waxing Crescent #CarolinaWx #ClaytonNC
tmj_scc_cstsrv,"Want to work at Lowe's Stores? We're #hiring in #Charleston, SC! Click for details: https://t.co/cpd2BtfATx #CustomerService #Job #Jobs"
ikamvc,if it ain't you it ain't you. tf you want me to do about it.
mikewaskom,If i wanted a Hummer i'd c ll your sister. #MakeAmericaGreatAgain #Airport https://t.co/P2IuHQ05FG
dinkod_todd,"RT @realDonaldTrump: ""@governor_savage: @realDonaldTrump is the only person who can save us from this corrupt political mess. #MakeAmericaG‚Ä¶"
thirdsuperpower,There is also no evidence that Paul Nehlen can beat Paul Ryan #NeverTrump https://t.co/GQZhhY3xa5
peggy3c,RT @NadelParis: Finger waggin' PinocchioCommunist needs2go #ImWithHer #millennialsforhillary #NewYorkPrimary https://t.co/6lveV70TZ3 https:‚Ä¶
CATCHYOURMIRACL,"@trebortwo This is the GENTLEMAN who will protect us ,  and clean up neighborhoods,  put the integrity back in our government,  Vote TRUMP!"
Pamjd219,"RT @TheGOPReport: The whole GOP would have looked golden if they said ""Trump can help clean the mess in Washington"" from the beginning http‚Ä¶"
IridescentImage,Have you fed Your Unicorn Lately? We Have! @IridescentImage Happy National unicorn day! 4/9/2016! https://t.co/4qo3tG8Fks
Zaphenath_8,Stop Hillary #StopHillary üö´üëà Fine By IRS. $700 2016. Repeal Obama Care #MakeAmericaGreatAgain #VoteTrump #Trump2016 https://t.co/yY19GTN2Ki
cockrillgus,"RT @Shoq: Yeah, that's sort of an ouchie. #FeetheBurn #ImWithHer #HillaryClinton #BernieSanders #feelthebern  https://t.co/ezpZuHNA4m"
ctmommy,"RT @HardcoreRep: So this happened. @cologop #cogop2016 ""They did it"" Now claiming they were hacked! Please, tell us more. #TrumpTrain https‚Ä¶"
PatFromm,"RT @CindiPargressiv: All the kings horses, and all the kings men...couldn't put the Democratic Party together again. 
 #BernieorBust https:‚Ä¶"
emerylittle3,Donald Trump #TrumpTrain 2016  Large White Custom Decal IntlShip #republican  #nra #tpp #2a #rnc #sgp https://t.co/3EL5wd1VKu
proteinwisdom,RT @Coondawg68: #TedCruz is a True Reformer on Immigration. #LyingTrump #TrumpTrain https://t.co/S7bnnkX2Iu
NaderFrankie,Donald Trump #TrumpTrain 2016 HUGE White Custom Decal #republican  #trump #ccot #tpp https://t.co/i6Cgs2Xdmd
MikefromFlorida,https://t.co/Q7JD1mjJDs
ringod01,"RT @sandyaschneider: WTF... Ted Cruz came in 3rd in South Carolina... But now he stole the delegates, meaning your vote does not count #Tru‚Ä¶"
DKOutdoorTV,RT @BikinInMaine: MT @jan_pierce: #CruzSuperCrew #ChooseCruz https://t.co/HwYewG9ovD #CruzCrew #PJNET
petedazoe,"The plan was to drink until the pain over
But what‚Äôs worse, the pain or the hangover? @ Inwood,‚Ä¶ https://t.co/v21aKGbVSc"
charlieforcest,RT @NadelParis: Finger waggin' PinocchioCommunist needs2go #ImWithHer #millennialsforhillary #NewYorkPrimary https://t.co/6lveV70TZ3 https:‚Ä¶
TheSpeedPnlta,RT @NadelParis: Finger waggin' PinocchioCommunist needs2go #ImWithHer #millennialsforhillary #NewYorkPrimary https://t.co/6lveV70TZ3 https:‚Ä¶
Captain_Cronin,Dreading the thought of a 15k hike tomorrow morning
nail_heather,"You're a moonraker, you fool"
RedVinoPlease,"RT @lenadunham: She's smart. She's qualified. And yeah, we love her pantsuits. Go to https://t.co/22lNYOyRaE to tell us #ImWithHer https://‚Ä¶"
HighRawMama,RT @DJGreenwald: ‚¨áÔ∏è This is #YUGE! #CruzCrew #UniTED #TrusTED #Cruz2016 https://t.co/nM3Gc7hxkf
Carolyn82471448,"RT @deeluttrell1960: #NeverLyingCheatingTedCruz #StopTheSteal #SneakySnakeCruz #Cruz-Ineligible 
#Cruz-UnderPressure https://t.co/OX6cTeR7FA"
TravelNurseWork,"Can you recommend anyone for this #job? ICU/Step Down - https://t.co/9ltGR8MI6u #TravelNurse #Atlanta, GA #Nursing https://t.co/Ln6s5xETyU"
cxcvine,Girls fake asf üòÇüòÇ
macybell1,Happy Birthday beautiful!@yo_makbell üíò
axolROSE,RT @ChamoyChulo: #MakeAmericaGreatAgain #ImWithHer https://t.co/6vZdAokyE9
taylor_actually,When you're an hour late to work... https://t.co/ifrKRzi4b9
ikamvc,savagery on a whole different level.
4AmericaToday,"RT @amrightnow: Real Trump"" Make Video #1 (Trump About You) https://t.co/j58e8aacrE #MakeAmericaGreatAgain https://t.co/pDgGMeRmJU"
KiraoD5od,RT @NadelParis: Finger waggin' PinocchioCommunist needs2go #ImWithHer #millennialsforhillary #NewYorkPrimary https://t.co/6lveV70TZ3 https:‚Ä¶
LindaGarriss,"RT @dawngpsalm63: I find it VERY disturbing how they portray
#Cruz as the "" Second coming of Christ""
Darkness surrounds him! üá®üá¶üêçüë©üèº‚òéÔ∏èüòà https‚Ä¶"
HowellEdwards,#Win a #WarrenHaynes Signature WSD5240 #Acoustic #Guitar from @AmericanMusical #RT #ReTweet #Sweeps #Giveaway #WinIt https://t.co/lT0iU9SZz4
brittainbeldne,RT @NadelParis: Finger waggin' PinocchioCommunist needs2go #ImWithHer #millennialsforhillary #NewYorkPrimary https://t.co/6lveV70TZ3 https:‚Ä¶
4AmericaToday,"RT @amrightnow: ""The Real Trump ""Trump About You"" Make #1 https://t.co/j58e8aacrE  #MakeAmericaGreatAgain #Wisconsin https://t.co/TflB13PYht"
cherylm14077833,RT @honeybunchesof8: #Maga #RealDonaldTrump #TheOriginal #TrumpTrain #TrumpLandslide #USA1st #VoteTrump2016  https://t.co/GqhI4aXpI7
HereMeRoaring,#Woman4Trump up the volume!!  Sheer will and  https://t.co/PioHN4jUF4   https://t.co/JgNrgJdp7V
MSCJobs,"#Sales #Job in #JohnsonCity, TN: Account Executive at MSC Industrial https://t.co/lc6DXjxRWe #Veterans #Jobs #Hiring"
hunkaberninlove,"RT @Libertea2012: MT Prediction: #BernieSanders will be our 45th President Stats from top predictive primaries, KS &amp;;‚Ä¶ #BernieStrong https:‚Ä¶"
selfharmensd,RT @NadelParis: Finger waggin' PinocchioCommunist needs2go #ImWithHer #millennialsforhillary #NewYorkPrimary https://t.co/6lveV70TZ3 https:‚Ä¶
KHansen1724,RT @bannerite: George knows! #ImWithHer https://t.co/NTRkboe0qv
MightyGopher1,Un seal you and you moms records and prove your a American Patriot!  True Patriots dont seal/hide facts #LyinTed https://t.co/4qAvhzRGna
GodlessNZ,"RT @Jim_Barilla: Establishment, you've been fired. #FeelTheBern #ImWithHer https://t.co/7jHye9q8Qg"
pms5699,RT @crosswindlive: MT @bcwilliams92: If This Is Your List Then Ted Cruz Is your Guy. https://t.co/WWiZ53R6PV #CruzCrew #PJNET
archersoftball,Be carefulwhat you put on social media. #WeAreArcher #Family #BeSmart https://t.co/2WKrF9hdf8
jessray98,One week until I can buy my own cigarettes and lotto tickets
RightHandManSJ,"RT @bloodless_coup: #CruzCrew has the delegate wrangling operation Trump says he's capable of having but doesn't. The ""talker"" is ""doing"" w‚Ä¶"
MartyValentin,üôãüèª Good morning. HAPPY SUNDAY! Jesus #heals our #brokenness üôåüèº  üå∫ @‚Ä¶ https://t.co/QJfveTZQyR
TarotDarrow,"RT @WeNeedHillary: TOXIC: The Culture of Bernie's Campaign https://t.co/1P0qwWy4ON
#ShesWithUs #ImWithHer #TNTweeters #FleeTheBern https://‚Ä¶"
NJMike319,"RT @noprezzie2012: Totally incompetent leader =&gt; @realDonaldTrump 
@vivhall3 

He can't sway delegates...but he can world leaders.  Bwahaha‚Ä¶"
NicholasWellons,My heart goes out to the @Saints today.
jc196400,"RT @BeABarnabus: @KFaulders When @realDonaldTrump goes 3rd party, I'll support him. #FEDUP #LYINTED #TRUMP2016 #MAKEAMERICAGREATAGAIN! #FRA‚Ä¶"
Lindar52Rowe,"RT @Network_Citizen: MT @kvmidd85: A new day is dawning, America and new hope fills our hearts! https://t.co/yLYDX3HhyL #CruzCrew #PJNET"
Blackdi51264299,"RT @BikinInMaine: MT @ChuckNellis: Serious times require a serious candidate, #TedCruz. #SCPrimary https://t.co/VeL20CKOcA #CruzCrew #PJNET"
NoKill20kmLife,Why Does Hillary Fear Reporters Hearing her Fundraiser Speech &amp; Use White Noise Machine https://t.co/KrHLtCunQB #BernieSanders #BernieorBust
YoungUncleJsese,RT @NadelParis: Finger waggin' PinocchioCommunist needs2go #ImWithHer #millennialsforhillary #NewYorkPrimary https://t.co/6lveV70TZ3 https:‚Ä¶
TeamTrumpNC,RT @TnHistoryGuru34: #BuildTheWall #Trump2016 #AlwaysTrump #MakeAmericaGreatAgain @ColorMeRed @YazminBlaze @greeneyes0084 @Bama_Yo @slone h‚Ä¶
DontWalkeronME,Laura Bush hints she'd rather see Hillary as president¬† | via @telegraphnews https://t.co/RRICdkNfCo Good for Laura!  #Imwithher #Hillary
LSmith51,Pols Declare the Bronx Hillary Clinton Territory https://t.co/pWpNOTeuiY  #ImWithHer¬†@Hillary2016
_rijjjtieyf,RT @NadelParis: Finger waggin' PinocchioCommunist needs2go #ImWithHer #millennialsforhillary #NewYorkPrimary https://t.co/6lveV70TZ3 https:‚Ä¶
HowellEdwards,#Win a Stringtones #Music #Guitar Accessory #Giveaway! #RT #ReTweet #Contest #Sweeps #Sweepstakes #Guitarist #WinIt https://t.co/3LcFg9Uxl2
808hopeful,RT @marilynjeanne21: Nice read. Thank you. Another reason why #ImWithHer  https://t.co/VzInFAk6r9
LindaGarriss,"RT @pnicastro1: @realDonaldTrump @PennyHicks13 @Carolde @kisster1 @FoxNews 
It all starts with getting to #1237 !
Make it so! #VoteTrump #N‚Ä¶"
PatFromm,RT @WorldForBernie: We can't sell our souls. That's why we'll never vote for @HillaryClinton! We stand with @BernieSanders #BernieOrBust ht‚Ä¶
LovesTheJust,RT @KimberlyHalberd: #BernieOrBust #BernieInBrooklyn #BernieInNY #BernieInBronx #FeelTheBern #HillarySoQualified #BernieInPhilly #Bernie ht‚Ä¶
Flyer_thanu2,üòÇ
babydoc1981,"RT @realDonaldTrump: ""@jlopez05391: @realDonaldTrump Rochester loves you! See you tomorrow! #MakeAmericaGreatAgain #Trump2016 #TrumpTrain""‚Ä¶"
mcjaxon2,RT @nanajill211: MT @jphilman0206: He stood for us when the rest betrayed us. #TrusTed #UniteWithCruz https://t.co/dIahRe11rn #CruzCrew #PJ‚Ä¶
pms5699,RT @ggeett37aaa: MT @AmberForAmerica: #UniteWithCruz to protect #LIFE! https://t.co/3eoPFfLBzy #CruzCrew #PJNET
GeorgiaUSASpur,@SoccerSt_ @TSBible @LCFC Good luck with that...#COYS
queengost,Yes they do! Trump will enforce our border laws! #WakeUpAmerica #MakeAmericaGreatAgain #Trump  https://t.co/w3I03Ha598
JeffWReynolds,Today we go to the final round of the Masters thanks to two awesome friends. @ The Augusta‚Ä¶ https://t.co/SnzqfvYF3Q
Nlws_Sentry,RT @NadelParis: Finger waggin' PinocchioCommunist needs2go #ImWithHer #millennialsforhillary #NewYorkPrimary https://t.co/6lveV70TZ3 https:‚Ä¶
sethwwe2,"RT @MR_ATL1087: The longer this primary the more #BernieOrBust looks better and better but, I know me being Black, Gay, and Atheist I'm tar‚Ä¶"
DawnHunterton,"RT @realDonaldTrump: ""@governor_savage: @realDonaldTrump is the only person who can save us from this corrupt political mess. #MakeAmericaG‚Ä¶"
TomDrumTcsark,RT @NadelParis: Finger waggin' PinocchioCommunist needs2go #ImWithHer #millennialsforhillary #NewYorkPrimary https://t.co/6lveV70TZ3 https:‚Ä¶
macybell1,Happy Birthday beautiful!üíò @yo_makbell
Hearthstoker,"RT @Jim_Barilla: Establishment, you've been fired. #FeelTheBern #ImWithHer https://t.co/7jHye9q8Qg"
__ceenextdoor,@someoneDOPE_ red lobster üòÇ
gppart,"RT @trump_world: Donald Trump self-funding his campaign. NOT FOR SALE! @realDonaldTrump #MakeAmericaGreatAgain  https://t.co/eIAjsuTiG9"""
xoxocaroline31,Oh what a night man
bensr_1,"RT @StevePerkins14: .#NYPrimary
#CAPrimary 
Vote Cruz
Proven constitutional conservative that fights Washington lobbyists backroom deals ht‚Ä¶"
Spooksletsyk,RT @NadelParis: Finger waggin' PinocchioCommunist needs2go #ImWithHer #millennialsforhillary #NewYorkPrimary https://t.co/6lveV70TZ3 https:‚Ä¶
GoDeep4MyHeart,Facts üòçüíØ‚ÄºÔ∏è RT @BlowMe_aDub when everybody else has turned but yet you still got her back...yea that's me @GoDeep4MyHeart .
John_S_33,RT @ImagineAnna: Multiple law suits pending VS Ted Cruz #WakeUpAmerica #tcot #CruzCrew #CruzSexScandal #CRUZCOURTCASE #CruzVoterFraud https‚Ä¶
kitts_m,And worküòí
Todd4sheno,it appears that we almost ran over #simba and #timonandpumba #thelionking on the strrts of the‚Ä¶ https://t.co/OyRhLUXZTj
federicoalves,"@Marivi_55 @fedeantonio75 Pretender que matando gallinas en un altar, un poder superior te va a sacar de problemas personales--es ignorancia"
gnoh_sandra,RT @keksec__org: @realDonaldTrump Sometimes it pays to be a little wild! #MakeAmericaGreatAgain https://t.co/Uf3yHf2lwx
Able_49,MT @Saint_Obama: Ted Cruz is attacked by the MSM DNC &amp; GOP. Ted's my Guy! https://t.co/bMyNlgTP3q #CruzCrew #PJNET
sAkCoachJerry,RT @NadelParis: Finger waggin' PinocchioCommunist needs2go #ImWithHer #millennialsforhillary #NewYorkPrimary https://t.co/6lveV70TZ3 https:‚Ä¶
MarkSilvers3,@CarlPaulsonGolf @johnmaginnes @MonAfterMasters see you there!!
JanieHemming,If I could just go to sleep and it be tomorrow that would be good
Auraosorio33,"RT @fussylooksowhat: Laura Bush SLAMS The GOP, Says She‚Äôd Rather Vote For Hillary Than A Republican @HillaryClinton #ImWithHer #POTUS2016
h‚Ä¶"
R_Love317,"RT @jan_pierce: Summary of today's 2nd Ballot votes 
#CO (includes 1st Ballot)
#NC #IA #SC #VA
@ChuckNellis @2GodBglory1 #CruzCrew https://‚Ä¶"
BleakSuperior,"@AyoNaima well since today will be a day of Cee-lo, make sure you listen to Cee-lo is the Soul Machine too."
gobig27,Bet on it @GOP &amp; @Reince. @PaulManafort @DanScavino #Trump2016 #TrumpTrain https://t.co/Q0k3n1hiOF
Bri_Luvs_Hoopz,Can never forget the UNDEFEATED V.O.L Champs 2 years in a row (2010-2012) ‚ù§Ô∏èüèÄüêæ https://t.co/W0DYBrfzFa
SerenaLzetn,RT @NadelParis: Finger waggin' PinocchioCommunist needs2go #ImWithHer #millennialsforhillary #NewYorkPrimary https://t.co/6lveV70TZ3 https:‚Ä¶
jordanmir5,My throat is killing me
HereMeRoaring,#Woman4Trump up the volume!!  Sheer will and  https://t.co/PioHN4jUF4   https://t.co/xscq0Oq1SD
maddyyo2,I woke up in the hotel room alone and idk where my family is its fine
Ethan_Mac_17,"RT @realDonaldTrump: ""@governor_savage: @realDonaldTrump is the only person who can save us from this corrupt political mess. #MakeAmericaG‚Ä¶"
tlnx_,RT @ChamoyChulo: #MakeAmericaGreatAgain #ImWithHer https://t.co/6vZdAokyE9
DNosegotten,#FeelTheBern #BernieInPhilly #BernieInTheBronx #ImWithHer #NYPrimary #HillarySoQualified #HillaryResearch #bernout https://t.co/80HowCU1w9
LouiseP456,#NoTrumpNoVote #Trump2016 #MakeAmericaGreatAgain  https://t.co/JVCsXxWZgJ
ludy730,RT @CliffWilkin: MT @FranklinMan25: We've waited a long time for a true Patriot to come along. The wait is over! https://t.co/erOvXvBh1n #C‚Ä¶
lloydthomas4,"RT @WeNeedHillary: The New York Times endorsed Hillary Clinton. She's qualified. https://t.co/TYSJKqaLaT
#ShesWithUs #ImWithHer https://t.c‚Ä¶"
roberts8008,@sellis1994 I think some damage occurred here....28 for 3 hours....
randycaputo,RT @TrumpNewMedia: @realDonaldTrump #America get out &amp; #VoteTrump if you don't #VoteTrump NOTHING will change it's that simple! #Trump http‚Ä¶
CU86Grad,@HTC_SarahF @TexansCheer Happy Sunday Sarah! https://t.co/QGkTyr5UFF
IridescentImage,Applied to a Startup Accelerator Lately? We Have!  @DisneyAccel  @Techstars We are a Collaboration Hardware Startup. https://t.co/Yf4HLLjVNc
McDermidWilliam,Got a pitch nerve in my back. It hurts so bad. My doctor told me it will smooth out in a few days.
tmj_atl_nonprft,"We're #hiring! Read about our latest #job opening here: Parks Worker - https://t.co/0gLfWjF73N #Atlanta, GA #Nonprofit #CareerArc"
tmj_atl_remote,"We're #hiring! Read about our latest #job opening here: Vendor Operations Specialist - https://t.co/2pTHiw9U3t #SandySprings, GA"
mchapmannn,last day competing with black ice &amp; frost bite :'((
tmj_cae_acct,"This #Accounting #job might be a great fit for you: Payroll Accountant - https://t.co/lzNSd6m2zu #Columbia, SC #Hiring"
DayWalker1976,Another editorial board - Sanders offers little other than getting mad - #ImWithHer - #FeelTheBern - https://t.co/o27txbonTo
BanditGolf,RT @FrankDCamp: Conservative Tomi Lahren Hits Bronx HARD for Not Welcoming Ted Cruz https://t.co/SBnTWYvyPu #tcot #CruzCrew #TedCruz #Boom
DougTwinn,@IanPam7 I've been trying to get a scholarship to college to study baseball
cotrial,RT @OnlyHotyP: #Trump2016 Kirstie Alley: I Endorse Donald Trump ‚Äòand I‚Äôm a Woman!‚Äô https://t.co/QNNN8JesNf #TrumpTrain https://t.co/zUGO64v‚Ä¶
tmj_jax_writing,"This #Writing #job might be a great fit for you: GENERAL LABOR-IMMEDIATE OPPORTUNITY - https://t.co/T7c80UO0Nt #Kingsland, GA #Hiring"
4OrganicFood,Now it's time for voters in #NYPrimary ton#FlipNY #gobernie #BernieorBust #heswithus #PhonebankforBernie https://t.co/E5tdtibltD
tmj_wil_transp,"#CareerArc #Transportation #Job alert: Parts Delivery | O'Reilly Auto Parts | #WILMINGTON, NC https://t.co/WgMdB76Lyk #Jobs #Hiring"
cmpimental,"RT @dawngpsalm63: I find it VERY disturbing how they portray
#Cruz as the "" Second coming of Christ""
Darkness surrounds him! üá®üá¶üêçüë©üèº‚òéÔ∏èüòà https‚Ä¶"
NoDaRunClub,Do we have any Spartans out there? https://t.co/9fwXCSEugn
HowellEdwards,#Enter to #Win a Focusrite Scarlett 2i2 #Giveaway from @DaleProAudio #RT #ReTweet #Sweeps #Recording #WinIt #Music https://t.co/UImTxPoELe
tmj_scc_aero,"#Charleston, SC #Aerospace #Job: Controls Engineer at Aerotek https://t.co/6AcjJCal8l #Jobs #Hiring"
ludy730,RT @Network_Citizen: MT @jphilman0206: What we need in Washington is a Servant of the People. #ChooseCruz https://t.co/RxHtcecUZ4 #CruzCrew‚Ä¶
perfectvsdogo,RT @NadelParis: Finger waggin' PinocchioCommunist needs2go #ImWithHer #millennialsforhillary #NewYorkPrimary https://t.co/6lveV70TZ3 https:‚Ä¶
tmj_cae_cosmo,"Great Clips #Cosmetology #Job: Hair Stylist (#Columbia, SC) https://t.co/wxna3dpEIY #Jobs #Hiring #CareerArc"
jcazen57s54,Ok brothers ans sisters time to take it to the #imsoqualified bitch new york is ours #BernieOrBust
TrumpNation00,Bill Bratton Has Some Advice for Ted Cruz: ‚ÄòShut Up‚Äô #MakeAmericaGreatAgain #Trump2016 https://t.co/yl5qd8yfpl
tmj_grn_media,"We're #hiring! Click to apply: Production Manager - https://t.co/sU1KLU9BxR #Media #Greenville, South Carolina #Job #Jobs #CareerArc"
tmj_grn_acct,"Robert Half Finance &amp; Accounting: Accounts Payable Manager (#Greenville, SC) https://t.co/l6OfXwkF8B #Accounting #Job #Jobs #Hiring"
HereMeRoaring,#Woman4Trump up the volume!!  Sheer will and  https://t.co/PioHN4jUF4   https://t.co/Uks3RSz44u
__ZdY,RT @NadelParis: Finger waggin' PinocchioCommunist needs2go #ImWithHer #millennialsforhillary #NewYorkPrimary https://t.co/6lveV70TZ3 https:‚Ä¶
jas9n9os,RT @NadelParis: Finger waggin' PinocchioCommunist needs2go #ImWithHer #millennialsforhillary #NewYorkPrimary https://t.co/6lveV70TZ3 https:‚Ä¶
tmj_cae_physici,"Physician (Hospitalist) - Department of Veterans Affairs: (#Columbia, SC) https://t.co/IOFkSnK55u #Physician #Veterans #Job #Jobs #Hiring"
tmj_cae_socsci,"If you're a #SocialSciences professional in #Columbia, SC, check out this #job: https://t.co/xii3Tvubs6 #Veterans #Hiring #CareerArc"
tmj_SC_cstsrv,"Interested in a #CustomerService #job near #Seneca, SC? This could be a great fit: https://t.co/R23y9zLGIU #Hiring"
Goldilocks19,"RT @GaltsGultch: @DRUDGE 

It's Coming..!!!

#Trump #TrumpTrain #AlwaysTrump #ResistCapitalism #WYCaucus https://t.co/IgnbxYZXxn"
CheckingTheMath,RT @LiberalAdvance: #ImWithHer #FeelTheBern https://t.co/pL1MjPPOre
tmj_CAE_invbank,"We're #hiring! Click to apply: Virtual Assistants - https://t.co/6AXxHdX8CQ #InvestmentBanking #Columbia, SC #Job #Jobs #CareerArc"
tmj_nc_usa_jobs,"This #job might be a great fit for you: Food Service Supervisor - https://t.co/AdMtRYf96i #Maple, NC #Hiring #CareerArc"
dpd69,The @TheMasters #golowJDay
adrcb1957,@dollar_trump you may like my website https://t.co/ykq6YS8TPZ #Trump2016
amrightnow,"""My Wall"" Make Video #1 (Trump About You) https://t.co/j58e8aacrE #MakeAmericaGreatAgain #tcot https://t.co/Vk42HCl7oR"
HealyLee,"RT @TheGOPReport: The whole GOP would have looked golden if they said ""Trump can help clean the mess in Washington"" from the beginning http‚Ä¶"
sharimaiasht,RT @NadelParis: Finger waggin' PinocchioCommunist needs2go #ImWithHer #millennialsforhillary #NewYorkPrimary https://t.co/6lveV70TZ3 https:‚Ä¶
PatriotGinger,MT @LynnMarki: CRUZ'S Economic Reforms will Jumpstart the US Economy! https://t.co/YcS0tXRsGG #CruzCrew #PJNET
Flyer_thanu2,Sounds about right.
ReligionFreeMns,"@HLERadio @pilotboy2008 Christians are not bold, but rather residing as the Church of Laodiceans."
doublesusoreos,RT @ChamoyChulo: #MakeAmericaGreatAgain #ImWithHer https://t.co/6vZdAokyE9
cioprintsf,RT @NadelParis: Finger waggin' PinocchioCommunist needs2go #ImWithHer #millennialsforhillary #NewYorkPrimary https://t.co/6lveV70TZ3 https:‚Ä¶
DjBob1yb6,RT @NadelParis: Finger waggin' PinocchioCommunist needs2go #ImWithHer #millennialsforhillary #NewYorkPrimary https://t.co/6lveV70TZ3 https:‚Ä¶
CarolinaWx,"Across the yard. [Cam 1] on Sunday, April 10, 2016 @ 7:55:14 AM  #CarolinaWx #ClaytonNC  https://t.co/Tt6QgCegha"
cxcvine,Be talking bout mfs then wanna be best friends with em lol .. Definitely not with it
CaroleHHutton1,"RT @HardcoreRep: So this happened. @cologop #cogop2016 ""They did it"" Now claiming they were hacked! Please, tell us more. #TrumpTrain https‚Ä¶"
CodysdadEd,"ARMY RATIONS NOT GOOD ENOUGH FOR MUSLIMS, OBAMA FLIES THEM OVER HERE AND GIVES THEM AN EBT CARD #NY #PA #VOTETRUMP ! https://t.co/EBm3y40Rut"
sunbeltgirl,MT @CountingOnCruz: 'I will not be neutral. America will stand UNAPOLOGETICALLY with Israel!' https://t.co/gbE6Pfihi3 #CruzCrew #PJNET
NevilleLouann,@ptrckstone @conniejimjoe @HillaryClinton  That would be really cool! #ImWithHer #ReadyOnDay1 #WeLoveHillary
TroubleDVJ,@Lostal21 @MamaB83 @MamaPKL @XX1TEEXX Glaf you enjoyed the race and hope you got home safe congrats to @KyleBusch on his win.
Carolde,"RT @keksec__org: @realDonaldTrump Mr Trump, you truly are my greatest ally #MakeAmericaGreatAgain"
KR3Wmatic,"""It‚Äôs rare I listen to niggas who never been in my position
A caterpillar can‚Äôt relate to what an eagle envisions"" - Nas #Trust #LifeIsGood"
jaford57,RT @Doug_39: MT @FranklinMan25: We've waited a long time for a true Patriot to come along. The wait is over! https://t.co/AvA4J9qmok #CruzC‚Ä¶
britate3,Baby boy has a fever and we've been up every hour üôÅ
kepandia,RT @Libertea2012: MT #HillarySoQualified because she takes money from Wall Street and big oil thru her superpac.‚Ä¶ #BernieStrong https://t.c‚Ä¶
Carolde,RT @NeilTurner_: @realDonaldTrump https://t.co/RBt4zoJE8n It's time we take America back! No more puppet presidents! #VoteTrump
brynluce,"""The course is perfection, and it asks perfection.""

-Nick Faldo @ The Masters Golf Tournament https://t.co/oxcVHmxtHe"
hunkaberninlove,"RT @Libertea2012: MT Daniel, a 21 yr armed services vet explains why he's marching 140 miles with #DemocracySpring.‚Ä¶ #BernieStrong https://‚Ä¶"
emgeerdes,RT @DarleneHBrook: #Californiaüá∫üá∏‚ù§üóΩ#CruzCrew @RonComerchero @RonNehring @Karee_news @caligirl1909 @ChrisMinshew1 @BlytheInCali @ksdvm86 http‚Ä¶
roberts8008,@sellis1994 mainly wife's flowers
CarolynEHenriq3,"RT @ernieHHI: üöÇüá∫üá∏NEWüá∫üá∏YORKüá∫üá∏üí®
#NewYorkPrimary 
#NewYorkValues
#VoteTrumpNY 
#Trump2016
#MakeAmericaGreatAgain 
üöÇüá∫üá∏TRUMPüá∫üá∏TRAINüá∫üá∏üí® https://t‚Ä¶"
amrilisa661,RT @NadelParis: Finger waggin' PinocchioCommunist needs2go #ImWithHer #millennialsforhillary #NewYorkPrimary https://t.co/6lveV70TZ3 https:‚Ä¶
mwulfeck,"RT @WayneDupreeShow: Trump has fun with TIME ""Man Of The Year"" retweet; Haters unite once again! https://t.co/aZTnp7qxYK #AlwaysTrump #Trum‚Ä¶"
dmg2510,RT @ny_conservative: #NewYork It's GO TIME! #April19th #TeamTrump #Trump2016 #NewYorkForTrump #MakeAmericaGreatAgain #TrumpTrain https://t.‚Ä¶
Toastburglar,"Off the record, I'd be totally cool with Peter Capaldi putting his hands down my pants"
shelbyylynn_331,Nothing better than early morning @GhostAdventures üåÖüëª
Gramzy7,RT @vmpcott: #TedCruz : I will always tell the truth and do what I said I would do https://t.co/S4OVHTa23t via @YouTube  #CruzCrew #Cruz201‚Ä¶
AimeeDemaio,RT @203Haze: The Awakening. Revolution is now. America Rising. #WeAreBernie #StillSanders  #BernieOrBust  #KeepItInTheGround https://t.co/e‚Ä¶
curtiswright,@realDonaldTrump @DanScavino What an embarrassment @tedcruz ! There's no doubt now who you really are... https://t.co/NHYkpoKWGy
xcaliber12345,@trebortwo Is this Stifler's mom?
joelwmprerak,RT @NadelParis: Finger waggin' PinocchioCommunist needs2go #ImWithHer #millennialsforhillary #NewYorkPrimary https://t.co/6lveV70TZ3 https:‚Ä¶
spinmtixusa,RT @NadelParis: Finger waggin' PinocchioCommunist needs2go #ImWithHer #millennialsforhillary #NewYorkPrimary https://t.co/6lveV70TZ3 https:‚Ä¶
waybaby,RT @gerfingerpoken: Nobody's Stealing the Election from #NeverTrump - American Thinker -  https://t.co/bC9OwCSctz   https://t.co/PJm7hGCwqL‚Ä¶
Doctor_OOOYU,RT @NadelParis: Finger waggin' PinocchioCommunist needs2go #ImWithHer #millennialsforhillary #NewYorkPrimary https://t.co/6lveV70TZ3 https:‚Ä¶
juliekolaj,@trutams THANKS BABY üòçüòçüòçüòçüòçüòçüòç
NeuhausBrian,RT @Bernie_Facts: Hillary Clinton Booed By New York Teachers For Praising Cuomo https://t.co/dwmNLsyFes #WYCaucus #ImWithHer #FeelTheBern #‚Ä¶
jphershey2,"RT @andersonDrLJA: #Cruz on the #DepartmentOfDefense!  JUST LOOK AT THE LAST 7.5 YEARS UNDER #OBAMA!
#ChooseCruz #Cruz2016 #TrusTed https:/‚Ä¶"
MamaBear4Cruz,"RT @Gramzy7: The Lion of Liberty, #TedCruz, knows the rules of engagement.  Reality TV star does not. #ChooseCruz #ccot #CruzCrew https://t‚Ä¶"
DatgurlCody,EARLY BIRDS GETS THE PLAYS ON TO THE NEXT https://t.co/XgizFPrHlv
kathystanton08,RT @MikeandDawnNY: If GOPe continues to throw a üôâ üîß at @realDonaldTrump he will üî© and #TrumpTrain üöÇüí® will still prevail. We will üö∂üèÉ . I hop‚Ä¶
AcrossTheLand,"Alzheimer's is the only disease among the top 10 causes of death in America that cannot be prevented, cured or even slowed. #ENDALZ"
spicyselena,Morning friends @evabri19516 @psychocbean70 @25btls @JabberjawBTLS https://t.co/6aB3klStlk
ServprNIRo,RT @NadelParis: Finger waggin' PinocchioCommunist needs2go #ImWithHer #millennialsforhillary #NewYorkPrimary https://t.co/6lveV70TZ3 https:‚Ä¶
GREATGAETANO,@amrightnow toooo stupid
Blarney51,RT @PatriotGinger: MT @LynnMarki: CRUZ'S Economic Reforms will Jumpstart the US Economy! https://t.co/YcS0tXRsGG #CruzCrew #PJNET
Brennan_D12,For sure not going to school tomorrow üòÇ
R0CPH0N0,RT @NadelParis: Finger waggin' PinocchioCommunist needs2go #ImWithHer #millennialsforhillary #NewYorkPrimary https://t.co/6lveV70TZ3 https:‚Ä¶
ikamvc,"but anywhore, stay lit be original &amp; go with your own hype dude"
kcskhuX,RT @NadelParis: Finger waggin' PinocchioCommunist needs2go #ImWithHer #millennialsforhillary #NewYorkPrimary https://t.co/6lveV70TZ3 https:‚Ä¶
cxcvine,Why tf am I up soo early anyways ¬ø
MarkSilvers3,Heading up to @MonAfterMasters for the best event of the year! Ready to jam to @HootieTweets
martian_poop,üèÉüèª https://t.co/4XhjbdzS5r
FivePointsWoman,"RT @JJManring: #ThisHillary
#HillarySoQualified 
#HillYes #üëçüèªüëçüèª
My expanded (Lemon Freshüçã) opinion piece on why I support #Hillary https://‚Ä¶"
9ATransport,"I'm at Jacksonville International Airport (JAX) - @jaxairport in Jacksonville, FL w/ @skylineshuttles @spikeheelgirl https://t.co/CH2G9p6dSh"
ringod01,"RT @ggbootsrock: The @gop,  #CruzCrew think if we don't vote for them its our fault. lie, steal, lie some more.  Their doing. https://t.co/‚Ä¶"
paulbaja,RT @sunbeltgirl: MT @DanMartin_cards: There's Only One RIGHT Choice For POTUS VOTE #TEDCRUZ. #ChooseCruz https://t.co/tcJzC43kMU #CruzCrew‚Ä¶
Booku_Ghost,everyone has that crush
DrSueDVM,RT @sunbeltgirl: MT @CountingOnCruz: 'I will not be neutral. America will stand UNAPOLOGETICALLY with Israel!' https://t.co/gbE6Pfihi3 #Cru‚Ä¶
johnharriman12,"@kellie_dula haha I saw that and immediately thought of you! Haha yeah, a bonus q will be to make a plan to take over the tristate area üòÇ"
cassidyphoenyx,"RT @maria_lupinacci: @Kelly62u @TrumpPassion16 @gs777gs777 @PaulaRuiz1236 Read Michele's comment, #CruzCrew fraud again today in Colorado h‚Ä¶"
dawngpsalm63,"üî•üî•üí£
I hope .@realDonaldTrump sues .@tedcruz for this
#TrumpTrain 
#Trump2016
#Trump2017
#pjnet #ccot #Tcot #NewYork  https://t.co/TRPkop41R0"
sp_blu,Niggas scream bang bang  but was neva from da One man the real shooters died  or doin bids for Da One  #Summer16
Eldorado2452,üèÄ Last night during atlhawks pre game warm ups Coach Bud's son‚Ä¶ https://t.co/ETnBtgm4GK
HillaryPix,#ImWithHer #FeelTheBern #BernieSanders #HillaryClinton #NewYorkPrimary #BernieOrBust #Hillary2016 #NYPrimary   https://t.co/zyP5NtsFMk
Blarney51,RT @sunbeltgirl: MT @CountingOnCruz: 'I will not be neutral. America will stand UNAPOLOGETICALLY with Israel!' https://t.co/gbE6Pfihi3 #Cru‚Ä¶
chaostactical,"4 awesome shooters great job way to kickass
#ccwamerica #badasswithagun #t3armory @ Chaos‚Ä¶ https://t.co/kjkasSyi4m"
OliMauritania,#VoteTrump2016 #VoteTrump #NYPrimary #Trump  https://t.co/nVpOvqStS6
1dc__,We can't stop putting your name @BarackObama ... Is repeat this is Alexis Love and DeMarcus Calloway who attend Clayton State!!!
RandomEd787,RT @gerfingerpoken: Nobody's Stealing the Election from #NeverTrump - American Thinker -  https://t.co/bC9OwCSctz   https://t.co/PJm7hGCwqL‚Ä¶
HereMeRoaring,#Woman4Trump up the volume!!  Sheer will and  https://t.co/PioHN4jUF4   https://t.co/x8CADHJCWO
WinnaWinna2016,"RT @Network_Citizen: MT @kvmidd85: A new day is dawning, America and new hope fills our hearts! https://t.co/yLYDX3HhyL #CruzCrew #PJNET"
DomusUSA,"RT @realDonaldTrump: ""@governor_savage: @realDonaldTrump is the only person who can save us from this corrupt political mess. #MakeAmericaG‚Ä¶"
SoCal4Lif,#VoteTrump https://t.co/9N2uyYXcgx
iAmMellAli,@_JordanSuggs happy gday foo üíØ
Money12692,"Taste so good @ Cheddar's Cafe Mcdonough, GA https://t.co/5pwBoA4F8z"
Blackdi51264299,"RT @CliffWilkin: MT @jphilman0206: We need a POTUS to Unite us behind American Values, Constitution, &amp; Liberty https://t.co/qj6JBbgStV #Cru‚Ä¶"
SupportMelania,Get on the Wall and support #Trump and  https://t.co/kELwaSacB6  https://t.co/jEUfejqp2J
ANikita42,"RT @WeNeedHillary: The New York Times endorsed Hillary Clinton. She's qualified. https://t.co/TYSJKqaLaT
#ShesWithUs #ImWithHer https://t.c‚Ä¶"
Lrihendry,"Jesus out, Mohammad in! Disgusting! Vernon Hills High, IIL https://t.co/YCssamqQsM #Trump2016 #TrumpTrain"
donnahup,I have no idea. I read between 3 and 10 a month @SDBookReview More when I travel
DWilloughy,RT @WonderWoman934: She's done her time and then some. Vote for Hillary https://t.co/2XVSgdfmN0
ogpnxl,I can get any bitch i want but ima still treat you like i need you
RevJoeP,Just posted a photo @ New Journey Ministries https://t.co/GjFNdFq54R
GEYOUNGSTUD1,"RT @TrumpMemesDaily: MAKE AMERICA GREAT AGAIN!
#Trump #TrumpTrain #MakeAmericaGreatAgain #Trump2016 #DonaldTrump https://t.co/1ML6xBW1sT"
UROright,"Bernie, the Pope 'on the Same Page' on Economic Morality https://t.co/GBEecK3SdA @NinaTurner Then Y does God only ask for 10%? #ChooseCruz"
EOetzel,RT @SenFrankNiceley: He'll cut until the lights flicker in the Capitol Dome. #ChooseCruz #NYPrimary  https://t.co/k7slemK8AI
gbergen1944p,Precious ‚ô° https://t.co/HEElnHMFMp
bja222,"RT @Libertea2012: RT: Never thought I'd hear the protest call, ""The people! United! Will never be defeated!"" at a political‚Ä¶ #BernieStrong"
YolandaRunba,RT @NadelParis: Finger waggin' PinocchioCommunist needs2go #ImWithHer #millennialsforhillary #NewYorkPrimary https://t.co/6lveV70TZ3 https:‚Ä¶
LoveAndHope111,RT @ChamoyChulo: #MakeAmericaGreatAgain #ImWithHer https://t.co/6vZdAokyE9
jacksfreetime10,RT @TnHistoryGuru34: #BuildTheWall #Trump2016 #AlwaysTrump #MakeAmericaGreatAgain @ColorMeRed @YazminBlaze @greeneyes0084 @Bama_Yo @slone h‚Ä¶
tmj_GAS_GOVERN,"Want to work at Aerotek? We're #hiring in #Savannah, GA! Click for details: https://t.co/4KxIKAwLeS #Government #Job #Jobs"
blakesherman902,https://t.co/EF94Rdc4Xb #welcome to @nycgov
ms1brinker,RT @sunbeltgirl: MT @jphilman0206: What we need in Washington is a Servant of the People. #ChooseCruz https://t.co/RQXKgr8Lwm #CruzCrew #PJ‚Ä¶
antonio5591,No truer words... https://t.co/BLxTkcyI1F
tmj_atl_labor,"We're #hiring! Click to apply: General Laborer (lumber yard/ warehouse) (1616 7G 002) - https://t.co/SPk2RuXCdz #Labor #Cartersville, GA"
SupportMelania,Get on the Wall and support #Trump and  https://t.co/kELwaSacB6  https://t.co/BTRAvnDJFy
adrcb1957,@HollyW81333596 @horsepro001 @JWeismonger @NegativeAlpha_ @catblackfrazier SPELL CHECK! LOL üò®üò®
SupportMelania,Get on the Wall and support #Trump and  https://t.co/kELwaSacB6  https://t.co/V6Eb564ZxX
tmj_atl_itdnet,"Contracts Analyst 2 - Aerotek: (#Marietta, GA) https://t.co/H6s3l5adMS #Microsoft #Job #Jobs #Hiring"
EstablshmentWin,Every vote against #Trump from now on just lets The https://t.co/t5ZTASEokc  https://t.co/Y25dMfRhKS
tmj_cae_jobs,"Can you recommend anyone for this #job? Firefighter (Probationary) - https://t.co/1V54dyTtDq #Columbia, SC #Hiring #CareerArc"
tmj_grn_util,"We're #hiring! Click to apply: Class B Lineman - Overhead - https://t.co/RZX4vjy6ba #Utilities #Greenville, SC #Job #Jobs #CareerArc"
SupportMelania,Get on the Wall and support #Trump and  https://t.co/kELwaSacB6  https://t.co/0C3YpSO3h0
HereMeRoaring,#Woman4Trump up the volume!!  Sheer will and  https://t.co/PioHN4jUF4   https://t.co/ttfd6AKarF
iDannaSpinganr,RT @NadelParis: Finger waggin' PinocchioCommunist needs2go #ImWithHer #millennialsforhillary #NewYorkPrimary https://t.co/6lveV70TZ3 https:‚Ä¶
turnapage,"RT @lenadunham: She's smart. She's qualified. And yeah, we love her pantsuits. Go to https://t.co/22lNYOyRaE to tell us #ImWithHer https://‚Ä¶"
1dc__,@BarackObama Our life is in danger !!!
tmj_grn_itpm,"Can you recommend anyone for this #ProjectMgmt #job? https://t.co/7JjxTNiYwZ #Greenville, SC #Hiring #CareerArc"
tmj_grn_jobs,"ResourceMFG #Job: Assembler (#MAULDIN, SC) https://t.co/SDPyn8NlBB #Jobs #Hiring #CareerArc"
tmj_SC_banking,"Interested in a #Banking #job near #Spartanburg, SC? This could be a great fit: https://t.co/XjzyK9txYh #regions #regionsbank #Hiring"
tmj_cae_remote,"Test Engineer - Aerotek: (#Columbia, SC) https://t.co/6bqxxFw22q #Telecommuting #Job #Jobs #Hiring"
Luma923,"RT @Libertea2012: MT Prediction: #BernieSanders will be our 45th President Stats from top predictive primaries, KS &amp;;‚Ä¶ #BernieStrong https:‚Ä¶"
darrylamuhadmam,RT @NadelParis: Finger waggin' PinocchioCommunist needs2go #ImWithHer #millennialsforhillary #NewYorkPrimary https://t.co/6lveV70TZ3 https:‚Ä¶
tmj_ga_intern,"Liberty Mutual Insurance: Sales Internship Program ‚Äì Georgia (#PEACHTREECITY, GA) https://t.co/tm6uJtS95m #internship #Job #Jobs #Hiring"
Im_Bear_Trap,Fun times at the gulf. Yes those are pigeons. https://t.co/in31FQt6ZQ
tmj_cae_insur,"#Insurance #Job alert: Full Time &amp; Part Time Call Center Representatives Needed | Aerotek | #Blythewood, SC https://t.co/tqH1dlg66J #Jobs"
tmj_grn_eng,"Hubbell Lighting #Engineering #Job: Sustaining Engineer - Greenville, SC (40142) (#Greenville, SC) https://t.co/fu8ugseWjK #Jobs #Hiring"
tmj_TNC_health,"This #Healthcare #job might be a great fit for you: Medical Technologist - https://t.co/EvrQFtabqH #Chattanooga, TN #Hiring"
Redeemed1952,"RT @Lrihendry: Jesus out, Mohammad in! Disgusting! Vernon Hills High, IIL https://t.co/YCssamqQsM #Trump2016 #TrumpTrain"
tmj_JAX_gensci,"We're #hiring! Read about our latest #job opening here: Product Development Engineer Technician - https://t.co/5ciRWdPgAd #Jacksonville, FL"
SupportMelania,Get on the Wall and support #Trump and  https://t.co/kELwaSacB6  https://t.co/R0cUzeAVSS
RealGlennJones,"~SHOW ALERT~ #GLENNJONES SOULFUL SUNDAYS AUGUST 28TH, 2016 || 595 NORTH 595 NORTH AVENUE‚Ä¶ https://t.co/XWmViTNzQi"
amymbalducci,@LucyTeresaa2  https://t.co/rI4wrk9En6
DALHOU,RT @sunbeltgirl: MT @CountingOnCruz: 'I will not be neutral. America will stand UNAPOLOGETICALLY with Israel!' https://t.co/gbE6Pfihi3 #Cru‚Ä¶
amrightnow,"""The Real Trump""  (Trump About You) https://t.co/j58e8aacrE #MakeAmericaGreatAgain #1A #2A #Wisconsin https://t.co/xwIBIUMRTw"
Bart_39,MT @catblackfrazier: I'm with #TeamHeidi! hope you'll join me - And follow @heidiscruz on Twitter! https://t.co/0XFsyBBJNO #CruzCrew #PJNET
eamadorreyes,RT @ThisIsLaurenY: @Lee_in_Iowa Love this! #ImWithHer
Wilomoc,RT @Campaign_Trump: Percentage of remaining delegates necessary to secure the nomination. #Trump2016 #TrumpTrain #MAGA https://t.co/OFfxA82‚Ä¶
9ATransport,"I'm at Thrifty Car Rental in Jacksonville, FL w/ @skylineshuttles @spikeheelgirl https://t.co/l8vnpzsMgF"
johnharriman12,@kellie_dula I knew what you meant üòâ
optimal_hehtal,RT @NadelParis: Finger waggin' PinocchioCommunist needs2go #ImWithHer #millennialsforhillary #NewYorkPrimary https://t.co/6lveV70TZ3 https:‚Ä¶
dbrin62,Cruz Sweeps Colorado as Trump Campaign Issues Error-Filled Ballots #CruzCrew #Election2016  https://t.co/JnVscH0aZL via @nbcnews
REALAMBSNIH,RT @NadelParis: Finger waggin' PinocchioCommunist needs2go #ImWithHer #millennialsforhillary #NewYorkPrimary https://t.co/6lveV70TZ3 https:‚Ä¶
SupportMelania,Get on the Wall and support #Trump and  https://t.co/kELwaSacB6  https://t.co/pnhInljZ2I
NanfromSC,RT @SuperCzech01: MT @RichardJSunkle: In your heart you know voting for Ted Cruz the right thing to do. https://t.co/iP4xmryeYC #CruzCrew #‚Ä¶
edmeyer_able,And if we don't #UniteBlue #VoteBlueNoMatterWho it will be OUR FUTURE #FeelTheBern #HRC #ImWithHer  https://t.co/LVsNc4kC7C
Oberonkanobe,RT @Ten4Ted: #Drumpf #Drumpf2016 fake account spam bots caught by #CruzCrew #Cruzcontrol  https://t.co/sYcoa1gvWV
SupportMelania,Get on the Wall and support #Trump and  https://t.co/kELwaSacB6  https://t.co/FpRGcweQBt
HowardRoper,#cruzcrew cruzin for restoring this nation 2greatness &amp;freedom protectors 4the world. @TedCruz #SO for UR Patriotism and love of US #PJNET
KNP2BP,"RT @LindaSuhler: I am a Trump Supporter
@realDonaldTrump

‚úîÔ∏è VOTE #Trump2016üá∫üá∏
#TeamTrump
#TrumpTrainüöÇüá∫üá∏üá∫üá∏
#MakeAmericaGreatAgain https://t‚Ä¶"
CriswellsOk,RT @immigrant4trump: RETWEET if you think Melania would make a great First Lady! #MakeAmericaGreatAgain #Trump2016 @realDonaldTrump https:/‚Ä¶
jokr1822,@SkyyyHoltz @SarahWoodwriter Rethuglicans have had control of both since 2010 and I in 6 short years have accelerated America's decline.
brittanyblaha,what goes around comes around üòö
SupportMelania,Get on the Wall and support #Trump and  https://t.co/kELwaSacB6  https://t.co/9ZbXbnPPsC
wildscenery,"RT @Libertea2012: RT: Never thought I'd hear the protest call, ""The people! United! Will never be defeated!"" at a political‚Ä¶ #BernieStrong"
matt_mcdaniel4,Looking forward to preaching for my good friend @leviRwyatt in GA today. Pray God will manifest his presence and meet with us!!!
tmj_fl_hrta,"We're #hiring! Click to apply: Shift Manager - https://t.co/kh5nbJff7S #Hospitality #Tallahassee, FL #Job #Jobs #CareerArc"
Spessmen,Trump On Success Rally https://t.co/RKOMH2hpxP #MakeAmericaGreatAgain #TeamTrump #Success
DKohrdt,Trump About You @realDonaldTrump #realdonaldtrump #VoteTrump2016 #TrumpTrain #tcot Watch https://t.co/QK2MC9wQjR https://t.co/zyXavqtb17
susanfujioka,@mitchellvii @RockyZach @realDonaldTrump Blocking it now bc of your proof-some of his twts r really aggressive-bad image for #trumpsupporter
pjlacasse22,RT @203Haze: The Awakening. Revolution is now. America Rising. #WeAreBernie #StillSanders  #BernieOrBust  #KeepItInTheGround https://t.co/3‚Ä¶
prinkat,BOO! Ted Cruz Lacks Empathy. What Did He THINK As Only Senator *For #HumanTrafficking* 1:99 Vote. Get Real Informed! https://t.co/lrtRKfzxrb
SupportMelania,Get on the Wall and support #Trump and  https://t.co/kELwaSacB6  https://t.co/7NLjuUhqn7
tmj_ga_retail,"Lowe's Stores #Retail #Job: CSA Front End (#Thomasville, GA) https://t.co/Yrhp9ryExX #Jobs #Hiring"
TaylorNOgle,Happy birthday Graysen! üéâ @graysen_parrish
SupportMelania,Get on the Wall and support #Trump and  https://t.co/kELwaSacB6  https://t.co/dRyfH9nwml
wendydcoe,"RT @amrightnow: ""My Wall"" Make Video #1 (Trump About You) https://t.co/j58e8aacrE #MakeAmericaGreatAgain #tcot https://t.co/Vk42HCl7oR"
KevinCracco,"RT @WayneDupreeShow: Trump has fun with TIME ""Man Of The Year"" retweet; Haters unite once again! https://t.co/aZTnp7qxYK #AlwaysTrump #Trum‚Ä¶"
SupportMelania,Get on the Wall and support #Trump and  https://t.co/kELwaSacB6  https://t.co/AmiUWWHb32
JimSpeeney_MMP,RT @NadelParis: Finger waggin' PinocchioCommunist needs2go #ImWithHer #millennialsforhillary #NewYorkPrimary https://t.co/6lveV70TZ3 https:‚Ä¶
littlepiggies72,@ffweekend  @TuckerCarlson @SandraSmithFox @ClaytonMorris  @realDonaldTrump #Trump #VoteTrump #OnlyTrump  https://t.co/uobcBEogXT
FranklinMan25,RT @nativekittens: #ChooseCruz #NewYorkPrimary #ConnecticutPrimary #PennsylvaniaPrimary https://t.co/Todl19lnuw
eGorgeKotet,RT @NadelParis: Finger waggin' PinocchioCommunist needs2go #ImWithHer #millennialsforhillary #NewYorkPrimary https://t.co/6lveV70TZ3 https:‚Ä¶
jerryvines,Tell 'em what you're going to tell 'em; tell 'em; then tell 'em what you told 'em!
jannalcovington,RT @BWTEIM: MT @Saint_Obama: Ted Cruz Endorsed By Lt General Jerry Boykin! #UniteWithCruz https://t.co/w9j5s5HWjk #CruzCrew #PJNET
TarotDarrow,RT @AlGiordano: They were totally trolling her with the cheesecake. Had they set out a combo rueben or latkes she woulda had to eat. https:‚Ä¶
GREATGAETANO,@KateXPlace where do we com from ?
GeorgiaUSASpur,@melstarsg @spursycob Damn straight!
Etelamaccin,@JohnnyBoyy1017 you better come back a devil üá∫üá∏
DawnDSh1,RT @immigrant4trump: RETWEET if you think Melania would make a great First Lady! #MakeAmericaGreatAgain #Trump2016 @realDonaldTrump https:/‚Ä¶
ramadeyrao,"RT @WeNeedHillary: TOXIC: The Culture of Bernie's Campaign https://t.co/1P0qwWy4ON
#ShesWithUs #ImWithHer #TNTweeters #FleeTheBern https://‚Ä¶"
Albell_,https://t.co/fWidvG5fpO
ChesterThrash,"I'm at @3833Peachtree in Brookhaven, GA https://t.co/CK34d4erHG"
kingerica10,Major headache right now #lazysundaze
VirtualJukebox,"Body Talk by Foxes is #nowplaying in Tavern on Main, Snellville."
CliffWilkin,MT @DrSueDVM: EstGOP knows w/Cruz in WH lobbyist &amp; +other dirty deals won't be SOP. #tcot #ccot https://t.co/h36wHNodVF #CruzCrew #PJNET
TruthBlooms1,"RT @WayneEdH: Bernie gets ZERO Net Delegates in Wyoming!
Plus HRC has +4 superdelegates in WY.
#ImWithHer
. https://t.co/YPlUZoeARp"
wrs1260,RT @SandyMarrett: @FoxNews https://t.co/YIIZ5TC7Bo
FranklinMan25,RT @Doug_39: MT @FranklinMan25: We've waited a long time for a true Patriot to come along. The wait is over! https://t.co/AvA4J9qmok #CruzC‚Ä¶
USA4Bernie,RT @edmeyer_able: And if we don't #UniteBlue #VoteBlueNoMatterWho it will be OUR FUTURE #FeelTheBern #HRC #ImWithHer  https://t.co/LVsNc4kC‚Ä¶
_calahrmya,RT @NadelParis: Finger waggin' PinocchioCommunist needs2go #ImWithHer #millennialsforhillary #NewYorkPrimary https://t.co/6lveV70TZ3 https:‚Ä¶
WhytePantherRN,#WhytePanther #BernieOrBUST #BackAtMamas(#RedRockLedge) https://t.co/ZKKTQifooa https://t.co/J7HGU9Spy4
treybradley3,Yes!!! https://t.co/4FUVJZrlVW
buddy_faro,FREE POT FOR ALL  https://t.co/pStADlhvh8
shaunn1y1c,RT @NadelParis: Finger waggin' PinocchioCommunist needs2go #ImWithHer #millennialsforhillary #NewYorkPrimary https://t.co/6lveV70TZ3 https:‚Ä¶
GAhuntingGal,In the spring we strut #WhatGetsYouOutdoors #cantstoptheflop https://t.co/pkOp0KxcDU
es1999,Thomas Sowell - Dangerous Donald Trump https://t.co/tvBgJmMC0F @TedCruz #ChooseCruz #NYvalues #NYprimary #PAprimary #CruzCrew
IridescentImage,"Good Investment, For a $70B Market? We Think So! @IridescentImage https://t.co/AinKbToy7R https://t.co/QxvHagqQqJ"
TruthTalkerUSA,"RT @Lrihendry: Jesus out, Mohammad in! Disgusting! Vernon Hills High, IIL https://t.co/YCssamqQsM #Trump2016 #TrumpTrain"
LesaWilbert,"RT @TomKeough: @OmanReagan @Linda1746 
#ToneDownForWhat #BernieOrBust #FeelTheBern #HillNo not ever! https://t.co/Wf2AqXx3Ue"
lifesAlyric,"Needed!!! (@ Starbucks in Atlanta, GA) https://t.co/dqspSNorQD"
9ATransport,"I'm at gator city taxi stand in Jacksonville, FL w/ @skylineshuttles @spikeheelgirl https://t.co/qxvPt2c4Pf"
drvre,Oh snap. Shit went up https://t.co/EXeWcWnKCF
__ceenextdoor,makes me wish I would've stayed in art class üò©
12715159,"RT @Lrihendry: Jesus out, Mohammad in! Disgusting! Vernon Hills High, IIL https://t.co/YCssamqQsM #Trump2016 #TrumpTrain"
HereMeRoaring,#Woman4Trump up the volume!!  Sheer will and  https://t.co/PioHN4jUF4   https://t.co/cUuYwtaFJ6
ChrizDDv3,"JUST WRONG!
Pay Up: Americans Spend More on Taxes Than on Food, Clothing, Shelter‚Ä¶
#tcot #pjnet #mlscc #CruzCrew https://t.co/i3mGGlV0IN"
JimTuscaloosaAl,"RT @JudgeMoroz: Behold the real #CruzCrew ...

And @tedcruz will do &amp; say whatever it takes to please his donors. https://t.co/GB0lVuckmT"
LadyOnTheMuna,RT @ChamoyChulo: #MakeAmericaGreatAgain #ImWithHer https://t.co/6vZdAokyE9
iJenniferrr,https://t.co/hjiK06FHVO Retweeted¬†https://t.co/Rb3VjkSkd3
EdwardARowe1,RT @bannerite: George knows! #ImWithHer https://t.co/NTRkboe0qv
CHA_JJY,"i guarantee u, best sashimi everüòâ @ ShangriLa https://t.co/AldKAH6Yct"
Eltbdan,RT @NadelParis: Finger waggin' PinocchioCommunist needs2go #ImWithHer #millennialsforhillary #NewYorkPrimary https://t.co/6lveV70TZ3 https:‚Ä¶
Jvyyy_,When a mf thinks you're dumbüòÇüòÇ‚úãüèø
RNcat50,"RT @SandraHartle: üîπ #Trump
üîπ #MAGA
üîπ #Women4Trump
üîπ #NYValues
üîπ #NYPrimary
üîπ #CruzCrew
üîπ #NJ #VA
üîπ #stayonbudget
üîπ #BigHeart
üîπ #PA https://‚Ä¶"
ReligionFreeMns,Work of the day calls. Be a blessing.
Brunodarott,"RT @poodlelove55: If they deny @realDonaldTrump, I believe I have no choice but to leave party that proves itself corrupt! #VoteTrumpüåü http‚Ä¶"
wolfmother16,"RT @Libertea2012: RT: Sanders on NY #FightFor15: ""Trust me it wasn't because your governor had a great idea.""‚Ä¶ #BernieStrong https://t.co/1‚Ä¶"
bndsnoopy61,RT @oldbowers: Desperation leads to bizarre and illogical behavior. https://t.co/ndtj8pOCkT
SharedWealth,@TheTonyCincotta Sabbath was Saturday
Rose6402,RT @bloodless_coup: Trump's delegate operation is the https://t.co/aQRNURXzEu of the 2016 campaign. Utterly botched &amp; boss blames everyone‚Ä¶
MTCFCU,Rent vs. Own. Our Mortgage Team can help you navigate the #financial cost.  https://t.co/ZihbK37wxr
rossr122,Trump's Delegate and Convention Manager Paul Manafort CNN Interview... #DonaldTrump #Trump #NewYork #TrumpTrain https://t.co/z3HK0DR8sj
StopTrumpSPAC,RT @BWTEIM: MT @Saint_Obama: Ted Cruz Endorsed By Lt General Jerry Boykin! #UniteWithCruz https://t.co/w9j5s5HWjk #CruzCrew #PJNET
Carolde,RT @globalsocialm2: @realDonaldTrump @PennyHicks13 @Carolde @kisster1 @FoxNews https://t.co/pVTNPKABtg #MakeAmericaGreatAgain #NoSacredCows‚Ä¶
TravisLCox,"RT @realDonaldTrump: ""@lilrachiepoo: @realDonaldTrump Thank you, Mr. Trump, for your personal and financial sacrifices in this journey to #‚Ä¶"
CU86Grad,"@DianaV7654 Good morning Diane, wishing you a very happy Sunday. ‚ò∫Ô∏è‚òïÔ∏è https://t.co/C8BgkGqD1L"
aggierick,#TrumpTrain #Trump2016 https://t.co/QTT0EcsGFa
busc91,Big day for our BUSC teams at the Tallahassee Invitational!! We are proud of you
datcudilove_,WE be hip as fuck üòé https://t.co/pdfaHBIFi9
MzBodie,"RT @EdvisoryCouncil: #TrumpArmy, please watch this clip...it's short, I promise. https://t.co/wZpBPCJ2oQ #TrumpArmy @AmericanistTime  https‚Ä¶"
StopTrumpSPAC,RT @HowardRoper: #cruzcrew cruzin for restoring this nation 2greatness &amp;freedom protectors 4the world. @TedCruz #SO for UR Patriotism and l‚Ä¶
Bakari_and_Cola,Wow... https://t.co/LOOvnpFTpK
bloodless_coup,"""The man's a mgmt GENIUS. This is PROOF. He hired the best people. Read all the rules. And look! Delegate-wrangling A+!"" #CruzCrew NOT TRUMP"
duffiemactater,"RT @ScottBLG: Thanx Trump, for funding this guy who told conservatives they should just move out of NY State
#CruzCrew #Cruz #tcot https://‚Ä¶"
tmj_GA_ACCT,"Robert Half Finance &amp; Accounting: Plant Controller - 2 Plant Responsibility (#DALTON, GA) https://t.co/WO9ldUhJsH #Accounting #Job #Jobs"
tmj_GRN_adm,"See our latest #Greenville, SC #job and click to apply: Applications Architect - https://t.co/eaxsKlqney #IT #Hiring #CareerArc"
cnkeller,First in a series of modern platform essays.  https://t.co/oiz2jeCcQ0
tmj_ATL_adm,"Join the Yardi Systems team! See our latest #IT #job opening here: https://t.co/2YlfS7It4D #Roswell, GA #Veterans #Hiring #CareerArc"
Barbie892,"RT @WeNeedHillary: Turns Out Hillary Clinton &amp; President Obama Were Right on Panama https://t.co/aNcGUxRD4r
#ShesWithUs #ImWithHer #p2 http‚Ä¶"
tmj_GA_finance,"We're #hiring! Click to apply: Financial Analyst needed up to 80K!! Apply Today!! - https://t.co/mbvVfKCBbb #Finance #Gainesville, GA #Job"
tmj_cae_cler,"We're #hiring! Click to apply: Medical Billing Specialist - https://t.co/nqzl4W0mMm #Clerical #Columbia, SC #Job #Jobs #CareerArc"
TruettGlen,@MichaelRWear a future pilgrimage?? https://t.co/NZ4qTbRArR
mquinn6162,"RT @realDonaldTrump: ""@jlopez05391: @realDonaldTrump Rochester loves you! See you tomorrow! #MakeAmericaGreatAgain #Trump2016 #TrumpTrain""‚Ä¶"
tmj_jax_transp,"Interested in a #Transportation #job near #Jacksonville, FL? This could be a great fit: https://t.co/1vlo9qKqPk #Hiring #CareerArc"
MattHolgu93n_i,RT @NadelParis: Finger waggin' PinocchioCommunist needs2go #ImWithHer #millennialsforhillary #NewYorkPrimary https://t.co/6lveV70TZ3 https:‚Ä¶
hermanlee511,"RT @TheGOPReport: The whole GOP would have looked golden if they said ""Trump can help clean the mess in Washington"" from the beginning http‚Ä¶"
StopTrumpSPAC,RT @Ten4Ted: #Drumpf #Drumpf2016 fake account spam bots caught by #CruzCrew #Cruzcontrol  https://t.co/sYcoa1gvWV
betrl8,"RT @The99forBernie: Idk Hillary, for some reason Bernie feels perfectly fine when people bring up his record #BernieOrBust #FeelTheBern htt‚Ä¶"
tmj_scc_itjava,"#OpenSource #Job in #Charleston, SC: Avionics Technician at Aerotek https://t.co/81lUDxtcAQ #Jobs #Hiring"
bolkans1030,"RT @DonJTrump4Pres: A great quote from a great man!

#NYPrimary #AmericaFirst #TrumpTrain #Trump2016 https://t.co/ltbq0y2cY9"
tmj_scc_nursing,"#Charleston, SC #Nursing #Job: RN - CLINICAL DOCUMENTATION SPECIALIST at Department of Veterans Affairs https://t.co/aDjB0kiXJx #Veterans"
tmj_scc_constru,"Want to work at Aerotek? We're #hiring in #Charleston, SC! Click for details: https://t.co/FZDOe8bUs2 #Construction #Job #Jobs"
tmj_ATL_intern,"Want to work in #Atlanta, GA? View our latest opening: https://t.co/zmrPNfqW4z #internship #Job #Jobs #Hiring #CareerArc"
BrownsBridge,Who's heading home after a great week at the beach? Hope we get to see you this morning. https://t.co/7knr9svPLL
YRN70,@TheFalcoholic ???
tmj_grn_finance,"This #Finance #job might be a great fit for you: Corporate Tax Manager - https://t.co/3miHQhWVDS #Greenville, SC #Hiring #CareerArc"
StillWaters1,"RT @RufusKings1776: US Dept of Labor shows 9 Trump companies imported 1100+ foreign workers. https://t.co/ZPO2NLsgoi
#NyPrimary please #Cho‚Ä¶"
tmj_grn_edu,"#Education #Job in #Greenville, SC: GRE INSTRUCTOR - Greenville/Clemson, SC at KTP Graduate https://t.co/0yYLlo4xcq #Jobs #Hiring"
LaBarbaCisagr,RT @NadelParis: Finger waggin' PinocchioCommunist needs2go #ImWithHer #millennialsforhillary #NewYorkPrimary https://t.co/6lveV70TZ3 https:‚Ä¶
tmj_atl_legal,"#Decatur, GA #Legal #Job: Veterans Service Representative at Department of Veterans Affairs https://t.co/TN0ObOUCeI #Veterans #Jobs #Hiring"
Decoder2,RT @NeilTurner_: @realDonaldTrump https://t.co/RBt4zoJE8n It's time we take America back! No more puppet presidents! #VoteTrump
tmj_ga_surgery,"#Surgeon #Job alert: General Surgeon needed to join a group in Macon, GA | Coliseum Medical Centers | #Macon, GA https://t.co/D3mzpELuuD"
GA_physician,"We're #hiring! Click to apply: PA for Interventional Cardiologist - https://t.co/pL9ULOHu68 #Physician #PracticeWithUs #Augusta, GA #Job"
CruzinAhead,Freinds don't let friends vote for a con artist!!! Do your part &amp; convince a friend!!! #NeverTrump #ChooseCruz https://t.co/9ayPmjpiba
Lisa_Milicaj,"RT @realDonaldTrump: ""@jlopez05391: @realDonaldTrump Rochester loves you! See you tomorrow! #MakeAmericaGreatAgain #Trump2016 #TrumpTrain""‚Ä¶"
UTHornsRawk,RT @joehos18: @realDonaldTrump Supporters please follow @carlie_orsini she's new and an Ardent #TrumpTrain supporter. Support all #Trump Su‚Ä¶
StopTrumpSPAC,RT @SuperCzech01: MT @RichardJSunkle: In your heart you know voting for Ted Cruz the right thing to do. https://t.co/iP4xmryeYC #CruzCrew #‚Ä¶
JagSwag32,It's tragic to hear what happened to Will Smith and what happened to India
pajmatt2,Very interesting format. https://t.co/2bvoa2ukn5
junecrotty,RT @OnlyHotyP: #Trump2016 Kirstie Alley: I Endorse Donald Trump ‚Äòand I‚Äôm a Woman!‚Äô https://t.co/QNNN8JesNf #TrumpTrain https://t.co/zUGO64v‚Ä¶
GregArchetto,RT @tedcruz: Thank you Colorado for another resounding victory! https://t.co/PXWWcifJKK #ChooseCruz #CruzCrew https://t.co/zhMVq5QpeH
JoeySturgisonTe,RT @NadelParis: Finger waggin' PinocchioCommunist needs2go #ImWithHer #millennialsforhillary #NewYorkPrimary https://t.co/6lveV70TZ3 https:‚Ä¶
deshkovets_zoya,RT @NadelParis: Finger waggin' PinocchioCommunist needs2go #ImWithHer #millennialsforhillary #NewYorkPrimary https://t.co/6lveV70TZ3 https:‚Ä¶
HarveyAckerman,"Excuse me, we'll winning.
It is not illegal to burn your Republican Party registration is it?
https://t.co/G4WyyQ6PPC
#VoteTrump"
Colleencunnin16,#Mayor of New York.Ethic Violations Force Sander into debate on the day of his planned rally.No rally permits threat https://t.co/mLcYxpNXCD
tmj_wil_hrta,"Join the Panera Bread team! See our latest #Hospitality #job opening here: https://t.co/8SxWpbqgnv #parttime #Wilmington, NC #Veterans"
StopTrumpSPAC,RT @dbrin62: Cruz Sweeps Colorado as Trump Campaign Issues Error-Filled Ballots #CruzCrew #Election2016  https://t.co/JnVscH0aZL via @nbcne‚Ä¶
Africanfighter,RT @antonio5591: No truer words... https://t.co/BLxTkcyI1F
pms5699,RT @AmberForAmerica: MT @JosephEach: @tedcruz has done exactly what he said he would do. Even when he stood alone. https://t.co/PDIbCvWm9R‚Ä¶
girlzinger,RT @NooneOfan: This is how a true stateswoman does it! #ImWithHer  https://t.co/eIkKthTgYI
BCsknees,"#alwaysTrump #TrumpTrain #BurnDownTheGop #Trump2016 #NYPrimary 
#PAPrimary https://t.co/GOtFLbE1AQ"
Flo850grown,@fattytofittie7 got the same chromebook
Bridget4Cruz,RT @sunbeltgirl: MT @CountingOnCruz: 'I will not be neutral. America will stand UNAPOLOGETICALLY with Israel!' https://t.co/gbE6Pfihi3 #Cru‚Ä¶
0p_ish,RT @NadelParis: Finger waggin' PinocchioCommunist needs2go #ImWithHer #millennialsforhillary #NewYorkPrimary https://t.co/6lveV70TZ3 https:‚Ä¶
YTLYRIQ78,RT @NadelParis: Finger waggin' PinocchioCommunist needs2go #ImWithHer #millennialsforhillary #NewYorkPrimary https://t.co/6lveV70TZ3 https:‚Ä¶
_gracehannahh,AWESOME BEST MORNING EVER
azeeem6301,RT @ladyjustice179: HELL YEAH !! My fellow vets out there!! RAH! https://t.co/v6GhdYyJLr
KourtneyLeAnn10,No outlets on this bus.
Manni_syd,RT @realCalvinHobbs: Willie Robertson CEO Duck Commander Endorses Donald Trump #NRA https://t.co/e2uVoFV83j #TrumpTrain #NeverCruz #NY http‚Ä¶
CU86Grad,@stacey_vanfest Good morning Stacey! Sunday coffee cheers to you. https://t.co/lVnECMUHY2
DanWantsFreedom,". @tedcruz has #CruzMentum
1.1 billion Twitter hits for #CruzCrew  in online rally, setting records https://t.co/zRykwKh5yn via @DCExaminer"
RogersDish,"HALO was all the preparation we needed to take on all the wannabe President's men and women, eh @buggs08 Go #hillary https://t.co/9rfIpvUiGE"
trixxfix_,@bransace I might see you ‚ò∫
cxcvine,Date night üòã https://t.co/8yH6NMYTdH
zaynice3,Ppl gotta stop making excuses yo
windshade1,"RT @noopdoggy: R country is very sick,freedoms been severely eroded &amp; the will of the people has been USURPED We Need #AlwaysTrump https://‚Ä¶"
CuevasNeunder,"RT @poodlelove55: If they deny @realDonaldTrump, I believe I have no choice but to leave party that proves itself corrupt! #VoteTrumpüåü http‚Ä¶"
1dc__,Whoever who on my page have to go kill themselves !!! We received an hackers and scam protection !!!
Wild_Phil,"RT @WayneDupreeShow: Trump has fun with TIME ""Man Of The Year"" retweet; Haters unite once again! https://t.co/aZTnp7qxYK #AlwaysTrump #Trum‚Ä¶"
Hoppelganger,RT @SenFrankNiceley: He'll cut until the lights flicker in the Capitol Dome. #ChooseCruz #NYPrimary  https://t.co/k7slemK8AI
ExpirationDatex,Happy Birthday to the person that prays for me just as much as she prays for herself and for that I love her üòªüôèüèæ Happy Birthday Killa üíü
lTyIDeHr,RT @NadelParis: Finger waggin' PinocchioCommunist needs2go #ImWithHer #millennialsforhillary #NewYorkPrimary https://t.co/6lveV70TZ3 https:‚Ä¶
McDermidWilliam,@BillySantoroXXX hahaha üòÇüòÇüòÇüòÇ
amdev,@monchote wish it supported split screen on iPad
obamfcs,RT @NadelParis: Finger waggin' PinocchioCommunist needs2go #ImWithHer #millennialsforhillary #NewYorkPrimary https://t.co/6lveV70TZ3 https:‚Ä¶
DJBuddyBaoc,RT @NadelParis: Finger waggin' PinocchioCommunist needs2go #ImWithHer #millennialsforhillary #NewYorkPrimary https://t.co/6lveV70TZ3 https:‚Ä¶
blakesherman902,"https://t.co/IK7TQhoTqc #BrooklynRagaMassive
#newYorkCity"
BCsknees,"#alwaysTrump #TrumpTrain #BurnDownTheGop #Trump2016 #NYPrimary 
#PAPrimary https://t.co/SouyqSp4Na"
534th,"RT @realDonaldTrump: ""@governor_savage: @realDonaldTrump is the only person who can save us from this corrupt political mess. #MakeAmericaG‚Ä¶"
Worldofcraze,"Saudi, 2011: 10s school girls die in fire bc firefighters weren't aloud ""to come in and look at girls"" #ImWithHer  https://t.co/0B1BAWf9kS"
CBockino,"RT @Gianluca_1970: K #PresidentTrump
#DumpTheEstablishment
#AlwaysTrump
#TrumpOrNothin
#VoteTrump #GOPDebate 
#SECPrimary #CruzCheater http‚Ä¶"
WPalisoul,Join @Glassdoor @HillaryClinton @mPinoe @MIWCampaign @Clayman_Inst @dianebrady &amp;  @GapInc on #PayEquality #ImWithHer https://t.co/YMgTjelcQM
Chad_59,MT @jan_pierce: #CruzSuperCrew #ChooseCruz https://t.co/lo34yOYyhq #CruzCrew #PJNET
Gramzy7,#TrumpTrain is master of the media.  #ChooseCruz https://t.co/2Uc7ECy8kv
GeniusTheExpat,Facts #BernieOrBust! :: I won't vote for Clinton and will encourage Sanders to run a third party bid for president. https://t.co/22Ya44OUQ9
CATCHYOURMIRACL,"If u want change for the BETTER in this country, you vote TRUMP! ITS TIME for a POTUS that puts America first!"
HuskerPower811,"RT @Lrihendry: Jesus out, Mohammad in! Disgusting! Vernon Hills High, IIL https://t.co/YCssamqQsM #Trump2016 #TrumpTrain"
marymauldin,RT @Brenkoski: You got that RIGHT @realDonaldTrump I am ONE of millions who will WALK from @GOP #Trump2016 #MakeAmericaGreatAgain  https://‚Ä¶
CaldwelliaKet,RT @NadelParis: Finger waggin' PinocchioCommunist needs2go #ImWithHer #millennialsforhillary #NewYorkPrimary https://t.co/6lveV70TZ3 https:‚Ä¶
StevePerkins14,.#YUGE win for Cruz....the closer https://t.co/y3nFGQjoOg
flowerfaeiry,https://t.co/tax1dT2Ale via @youtube #TrumpTrain
Free11Be,"RT @niknorton: If your candidate needs a white noise machine to hide what she's promising to donors, you're in denial.  #ImWithHer #Hillary‚Ä¶"
gatewayttw,RT @NadelParis: Finger waggin' PinocchioCommunist needs2go #ImWithHer #millennialsforhillary #NewYorkPrimary https://t.co/6lveV70TZ3 https:‚Ä¶
drdavidwimberly,RT @AuntBree567: THE JOKE IS ESTABLISHMENT THINK WE DON'T GET IT.PAUL RYAN HAS 0% INTEGRITY!HE'S ALL 4 PAUL&amp;NOT 4 USA!!! ANOTHER BUM! https‚Ä¶
AmberForAmerica,"RT @DataGenesis: MT @TeriGRight: Grassroots, Please Rise Up &amp; #ChooseCruz! He can FIX this mess! #TCOT #LNYHBT https://t.co/Me77zKTEqh #Cru‚Ä¶"
adkgrasshopper1,RT @Freedomrings22: #NYPrimary #CTPrimary #DEprimary #MDPrimary #PAprimary #RIPrimary #VoteTrump2016  https://t.co/aC6rasWDLL
marymauldin,"RT @poodlelove55: If they deny @realDonaldTrump, I believe I have no choice but to leave party that proves itself corrupt! #VoteTrumpüåü http‚Ä¶"
CU86Grad,@grace_14516 Good morning Grace! Happy Sunday. https://t.co/IABtel4tsW
sylviadana,"RT @starfirst: Retweeted NativesForHillary (@Natives4Hillary):

#ImWithHer #Hillary2016 https://t.co/ChiLkJMwSp https://t.co/jpkWF0Ihia"
sljartist,"RT @WeNeedTrump: We need a bold, forceful leader!!! We need Donald Trump! #MakeAmericaGreatAgain https://t.co/uW0lpLajpp"
RTUTH_MGMT,RT @NadelParis: Finger waggin' PinocchioCommunist needs2go #ImWithHer #millennialsforhillary #NewYorkPrimary https://t.co/6lveV70TZ3 https:‚Ä¶
jannalcovington,RT @CliffWilkin: MT @DrSueDVM: EstGOP knows w/Cruz in WH lobbyist &amp; +other dirty deals won't be SOP. #tcot #ccot https://t.co/h36wHNodVF #C‚Ä¶
BernVolunteer,Keep fighting Bernie supporters!We can do this! #AFutureToBelieveIn #PoliticalRevolution #BernieOrBust #NeverHilary  https://t.co/bcliK86HIU
BleakSuperior,Lady Killer was dope too but they don't come close to touching his first two albums.
cliffduren,"Great perspective from Mark Batterson:
""God wants you to get where God wants you to go more than you want to get where God wants you to go."""
nobama46,"RT @realDonaldTrump: ""@jlopez05391: @realDonaldTrump Rochester loves you! See you tomorrow! #MakeAmericaGreatAgain #Trump2016 #TrumpTrain""‚Ä¶"
OTG_OG,#FeelTheBern #BernieSanders #VOTEBernie #OTG4BernieSanders https://t.co/nLTXQ6xTQ7
BretMaverick777,@Just_pinkfloyd ...bring the boys back home.
StopTrumpSPAC,"RT @DanWantsFreedom: . @tedcruz has #CruzMentum
1.1 billion Twitter hits for #CruzCrew  in online rally, setting records https://t.co/zRykw‚Ä¶"
trudeau_katie,üòÇüòÇüòÇüòÇüòÇ me https://t.co/UcVDqTdIaV
BanditGolf,"RT @DarleneHBrook: #CruzCrew if you haven't already PLEASE visit:
@newzealblog
@EnemiesWithinUS https://t.co/zM1m2yLGa6 #EnemiesWithin http‚Ä¶"
lloydthomas4,"RT @lenadunham: She's smart. She's qualified. And yeah, we love her pantsuits. Go to https://t.co/22lNYOyRaE to tell us #ImWithHer https://‚Ä¶"
hiphopnowbiz,"RT @MR_ATL1087: The longer this primary the more #BernieOrBust looks better and better but, I know me being Black, Gay, and Atheist I'm tar‚Ä¶"
dust52moor,RT @BWTEIM: MT @Saint_Obama: Ted Cruz Endorsed By Lt General Jerry Boykin! #UniteWithCruz https://t.co/w9j5s5HWjk #CruzCrew #PJNET
silversavant,RT RT ChamoyChulo: #MakeAmericaGreatAgain #ImWithHer https://t.co/dvXojH1o05 https://t.co/h7HiAtjXTo
mwulfeck,"RT @amrightnow: ""The Real Trump ""Trump About You"" Make #1 https://t.co/j58e8aacrE  #MakeAmericaGreatAgain #Wisconsin https://t.co/TflB13PYht"
silversavant,RT RT bannerite: George knows! #ImWithHer https://t.co/gsS6RvGODj https://t.co/6nKuXQxYbM
halomoma,"RT @WayneDupreeShow: Trump has fun with TIME ""Man Of The Year"" retweet; Haters unite once again! https://t.co/aZTnp7qxYK #AlwaysTrump #Trum‚Ä¶"
Brianmcse,RT @HowardRoper: #cruzcrew cruzin for restoring this nation 2greatness &amp;freedom protectors 4the world. @TedCruz #SO for UR Patriotism and l‚Ä¶
silversavant,RT RT WeNeedHillary: Turns Out Hillary Clinton &amp; President Obama Were Right on Panama https://t.co/0bPmKkEbAs #She‚Ä¶ https://t.co/DjJ9lK3zA3
TrebleMakDleyr,RT @NadelParis: Finger waggin' PinocchioCommunist needs2go #ImWithHer #millennialsforhillary #NewYorkPrimary https://t.co/6lveV70TZ3 https:‚Ä¶
tinahuntsme,"RT @Campaign_Trump: #TrumpTrain riders 19 hrs to the Trump Rally Rochester  NY 3 PM EDT Common-Sense
https://t.co/xgapKniKvS https://t.co/R‚Ä¶"
silversavant,RT RT NadelParis: Finger waggin' PinocchioCommunist needs2go #ImWithHer #millennialsforhillary #NewYorkPrimary was‚Ä¶ https://t.co/PHUUBxPMTL
Shimmyfab,"RT @ChrizDDv3: JUST WRONG!
Pay Up: Americans Spend More on Taxes Than on Food, Clothing, Shelter‚Ä¶
#tcot #pjnet #mlscc #CruzCrew https://t.c‚Ä¶"
silversavant,RT RT NadelParis: Finger waggin' PinocchioCommunist needs2go #ImWithHer #millennialsforhillary #NewYorkPrimary was‚Ä¶ https://t.co/iP0L4iV9Cx
TrumpNewMedia,".@realDonaldTrump GOP will steal this election from #DonaldTrump #FightBack
https://t.co/JKGdz9D3QV
#VoteTrump
#tcot https://t.co/E3yt5ytFYY"
silversavant,RT RT NadelParis: Finger waggin' PinocchioCommunist needs2go #ImWithHer #millennialsforhillary #NewYorkPrimary was‚Ä¶ https://t.co/DoPqqlx9zD
silversavant,RT RT NooneOfan: This is how a true stateswoman does it! #ImWithHer https://t.co/mIHZbl7g7r‚Ä¶ https://t.co/z12jFidh0q
silversavant,RT RT NadelParis: Finger waggin' PinocchioCommunist needs2go #ImWithHer #millennialsforhillary #NewYorkPrimary was‚Ä¶ https://t.co/nFSJ02MGsM
StopTrumpSPAC,RT @sunbeltgirl: MT @CountingOnCruz: 'I will not be neutral. America will stand UNAPOLOGETICALLY with Israel!' https://t.co/gbE6Pfihi3 #Cru‚Ä¶
silversavant,RT RT NadelParis: Finger waggin' PinocchioCommunist needs2go #ImWithHer #millennialsforhillary #NewYorkPrimary was‚Ä¶ https://t.co/DWiKa2ocP1
NilaJOwings,https://t.co/HrGRspAq5G
DomusUSA,"RT @realDonaldTrump: ""@jlopez05391: @realDonaldTrump Rochester loves you! See you tomorrow! #MakeAmericaGreatAgain #Trump2016 #TrumpTrain""‚Ä¶"
Nazirah42389645,RT @TimBartender: HRC supporters brag about results from a rigged election. Then they wonder why I'm #BernieorBust #FeelTheBern https://t.c‚Ä¶
tmj_nc_hrta,"Join the SONIC Drive-In team! See our latest #Hospitality #job opening here: https://t.co/pFvZURohAs #SONIC #Greenville, NC #Hiring"
bworrall2,"RT @realDonaldTrump: ""@jlopez05391: @realDonaldTrump Rochester loves you! See you tomorrow! #MakeAmericaGreatAgain #Trump2016 #TrumpTrain""‚Ä¶"
203Haze,MSM desperately trying to force an answer from Berner's to support HRC if she gets nom.. #WeEndorseBernie #WeAreBernie #BernieOrBust
