MileHighStriker,Your welcome Angela! Feels even better the day after-just awesome to destroy Trump like that-worth the work for sure https://t.co/ZkmU1R6sUy
kafirkaty,RT @sandyaschneider: Bikers For Trump will be showing up at Trump Rallies https://t.co/7mgFSxkokG #TrumpTrain #BikersForTrump #Trump2016
carrienaynm,RT @NadelParis: Finger waggin' PinocchioCommunist needs2go #ImWithHer #millennialsforhillary #NewYorkPrimary https://t.co/6lveV70TZ3 https:â€¦
ladyt0pn0tch,https://t.co/xOLuItGFFl
CaroleHHutton1,"RT @realDonaldTrump: ""@jlopez05391: @realDonaldTrump Rochester loves you! See you tomorrow! #MakeAmericaGreatAgain #Trump2016 #TrumpTrain""â€¦"
ItsMoAipbp,RT @NadelParis: Finger waggin' PinocchioCommunist needs2go #ImWithHer #millennialsforhillary #NewYorkPrimary https://t.co/6lveV70TZ3 https:â€¦
ladyt0pn0tch,https://t.co/rN6H5R3cEH
Candi151,"RT @WeNeedHillary: TOXIC: The Culture of Bernie's Campaign https://t.co/1P0qwWy4ON
#ShesWithUs #ImWithHer #TNTweeters #FleeTheBern https://â€¦"
Earl_59,MT @JosephEach: @tedcruz has done exactly what he said he would do. Even when he stood alone. https://t.co/1OkPaavoab #CruzCrew #PJNET
WinnaWinna2016,RT @gerfingerpoken: Nobody's Stealing the Election from #NeverTrump - American Thinker -  https://t.co/bC9OwCSctz   https://t.co/PJm7hGCwqLâ€¦
CZekis,"RT @realDonaldTrump: ""@governor_savage: @realDonaldTrump is the only person who can save us from this corrupt political mess. #MakeAmericaGâ€¦"
BanditGolf,RT @Red4Liberty: @tedcruz works hard 4 every single vote. #ChooseCruz ğŸ‡ºğŸ‡¸ğŸ˜ƒğŸ‡ºğŸ‡¸ https://t.co/z91JWuhnp1
Zaphenath_8,RT @HereMeRoaring: #Woman4Trump up the volume!!  Sheer will and  https://t.co/PioHN4jUF4   https://t.co/x8CADHJCWO
ContentTBA,RT @silversavant: RT RT bannerite: George knows! #ImWithHer https://t.co/gsS6RvGODj https://t.co/6nKuXQxYbM
mcjaxon2,"RT @bloodless_coup: ""The man's a mgmt GENIUS. This is PROOF. He hired the best people. Read all the rules. And look! Delegate-wrangling A+!â€¦"
treehugger1605,"@Rupelstiltskinx @JamiaStarheart @politicalized @injustcef 
Just another reason to go #BernieOrBust."
_JORGEFRANCISCO,EASY ANSWER: DONALD J. TRUMP!! #MakeAmericaGreatAgain Build a Wall!!!!
pc53lang,"RT @deeluttrell1960: #NeverLyingCheatingTedCruz #StopTheSteal #SneakySnakeCruz #Cruz-Ineligible 
#Cruz-UnderPressure https://t.co/OX6cTeR7FA"
DaveDoom2008,RT @sow_with_vision: MT @ToddHagopian: GOP deserves better than a protest candidate!!! https://t.co/7IIALA0F4J #CruzCrew #PJNET
aquarharris688,So Who Exactly Invited Bernie Sanders to the Vatican? https://t.co/ITvg9pOydK via @usnews  Sounds like publicity stunt! #ImWithHer
aquarharris688,So Who Exactly Invited Bernie Sanders to the Vatican? https://t.co/zFJjsAKmhA via @usnews  Sounds like publicity stunt! #ImWithHer
trump_world,"""TONIGHT - @realDonaldTrump talks to @JudgeJeanine on ""Justice."" @realDonaldTrump #MakeAmericaGreatAgain  https://t.co/TwkSKmWSPg"
DebAlwaystrump,RT @queengost: Yes they do! Trump will enforce our border laws! #WakeUpAmerica #MakeAmericaGreatAgain #Trump  https://t.co/w3I03Ha598
Eldomiche,@vivabernie TY for following. #OneLove #OneHumanRace #OnePlanet #FeelingTheBern
Kathryne1960,RT @BWTEIM: MT @Saint_Obama: Ted Cruz Endorsed By Lt General Jerry Boykin! #UniteWithCruz https://t.co/w9j5s5HWjk #CruzCrew #PJNET
EthicsDaiyl,RT @NadelParis: Finger waggin' PinocchioCommunist needs2go #ImWithHer #millennialsforhillary #NewYorkPrimary https://t.co/6lveV70TZ3 https:â€¦
jsphbtst,#Trump2016 #MakeAmericaGreatAgain
Lindar52Rowe,"RT @tedcruz: Join the movement: https://t.co/0rbpaoRTtU #CruzCrew #ChooseCruz
https://t.co/BOyrFwHPSL"
trumps2016,"RT @realDonaldTrump: ""@governor_savage: @realDonaldTrump is the only person who can save us from this corrupt political mess. #MakeAmericaGâ€¦"
AmyGreggthatsme,RT @jamesplake721: And they fought REAGAN AS WELL https://t.co/zwnlzbvGRm
laurenserven,RT @kateloving: And she's untrustworthy https://t.co/6LWFfYZpM7
cwatson34,Fr. Guarnizo: Donald Trumpâ€™s Days of Rage #pjnet #NeverTrump #CruzCrew https://t.co/3ZoGKwqPT2
asbbathsoldire,RT @NadelParis: Finger waggin' PinocchioCommunist needs2go #ImWithHer #millennialsforhillary #NewYorkPrimary https://t.co/6lveV70TZ3 https:â€¦
PareshaPraying,#MakeAmericaGreatAgain https://t.co/9jDXktAKkD
44grace,"RT @ScottSaxman1: The kids in my day, the parents would beat their butts and say get back to your studies!! #TrumpTrain https://t.co/fNA5Arâ€¦"
budmax50,"RT @realDonaldTrump: ""@governor_savage: @realDonaldTrump is the only person who can save us from this corrupt political mess. #MakeAmericaGâ€¦"
sleuthforfun1,"RT @Lrihendry: Jesus out, Mohammad in! Disgusting! Vernon Hills High, IIL https://t.co/YCssamqQsM #Trump2016 #TrumpTrain"
mcjaxon2,RT @CliffWilkin: MT @DrSueDVM: EstGOP knows w/Cruz in WH lobbyist &amp; +other dirty deals won't be SOP. #tcot #ccot https://t.co/h36wHNodVF #Câ€¦
male75081,"@realDonaldTrump @agentvf @Q102Philly
#NYPrimary #CaPrimary #roc
#trump again proud of lawless deed not model citizen!
#nevertrump
#votecruz"
sharon8191962,RT @joehos18: @realDonaldTrump Supporters please follow @carlie_orsini she's new and an Ardent #TrumpTrain supporter. Support all #Trump Suâ€¦
amrightnow,Trump â€œThe Presidential Force is Strongâ€ #realdonaldtrump #VoteTrump2016 #TrumpTrain  https://t.co/j58e8aacrE https://t.co/02ieNXoPi8
Bob00Smith,@realDonaldTrump @AnnCoulter #MakeAmericaGreatAgain #Trump2016 #tcot #Trump @RogerJStoneJr #TrumpTrain https://t.co/plRZFh1ydk
pink_lady56,#MakeAmericaGreatAgain https://t.co/fXd6rAmg70
yopaconsukting,RT @NadelParis: Finger waggin' PinocchioCommunist needs2go #ImWithHer #millennialsforhillary #NewYorkPrimary https://t.co/6lveV70TZ3 https:â€¦
LindaSuhler,"ğŸ’¥RALLY TODAY!
ğŸ‰Donald Trump Rochester NYğŸ‰
âœ”ï¸ VOTE #Trump2016 #NY
3 PM EDT
#NYPrimary
#NYValues
#TrumpTrainğŸš‚ğŸ‡ºğŸ‡¸ğŸ‡ºğŸ‡¸
https://t.co/XyjXQHZd8u"
relaxedinthenow,RT @KarenineLeveque: @ShaunKing @SpikeLee @BernieSanders #feelingthebern big time!!!!! #GOOSEBUMPS
LindaSuhler,"ğŸ’¥RALLY TOMORROW
ğŸ‰Donald Trump Albany NYğŸ‰
âœ”ï¸ VOTE #Trump2016 #NY
7 PM EDT 4/11
#NYValues
#NYPrimary
#TrumpTrainğŸš‚ğŸ‡ºğŸ‡¸ğŸ‡ºğŸ‡¸
https://t.co/cMkdfUp7Kk"
DNosegotten,#FeelTheBern #BernieInPhilly #BernieInTheBronx #ImWithHer #NYPrimary #HillarySoQualified #HillaryResearch #bernout https://t.co/T4vhvsSbyp
amrightnow,Job loss #realdonaldtrump 2500 to Mexico Avon Products #VoteTrump2016 https://t.co/MpRYSZ10AZ #maga #TrumpTrain https://t.co/j8m1ib6ZDl
luluhalls,@realDonaldTrump @DanScavino @mitchellvii #911 #trump2916 #realdonaldtrump #trumptrain https://t.co/TJOZHntcPk
mariannalemos,"RT @NizamovRus: Bernie = New Beginning for USA
Hillary-$$$-Corruption
#FeelTheBern #BernieOrBust #VivaBernie
https://t.co/VIsz6KV6lm https:â€¦"
uselections16,It's Time To Play the #Trump Card #Election2016 &gt;&gt; Get Your Shirt Here https://t.co/MoQnzmJzTv #TrumpTrain https://t.co/cdRXmLg6Cc
LifeLibHappy,MT @jphilman0206: @tedcruz understands how precious Liberty is. https://t.co/7N1a8dqiKS #CruzCrew #PJNET
dust52moor,"RT @DataGenesis: MT @TeriGRight: Grassroots, Please Rise Up &amp; #ChooseCruz! He can FIX this mess! #TCOT #LNYHBT https://t.co/Me77zKTEqh #Cruâ€¦"
hillx123,#VoteTrump #BuildTheWall #MakeAmericaGreatAgain  https://t.co/CrGXlM8yWs
marie_ders,ğŸ˜­
Internet_Sux,https://t.co/7wraGrO4Ah Pick a forum and rage against the machine! #DemDebate #Bernie #Bernie2016 #BernieOrBust https://t.co/AwSDdcv7X1
trumps2016,"RT @realDonaldTrump: ""@jlopez05391: @realDonaldTrump Rochester loves you! See you tomorrow! #MakeAmericaGreatAgain #Trump2016 #TrumpTrain""â€¦"
TrumpTimes,Donald Trump leads New York with 56% #MakeAmericaGreatAgain p https://t.co/e8OKOg94wo
ericksonr51,"RT @LindaSuhler: ğŸ’¥RALLY TODAY!
ğŸ‰Donald Trump Rochester NYğŸ‰
âœ”ï¸ VOTE #Trump2016 #NY
3 PM EDT
#NYPrimary
#NYValues
#TrumpTrainğŸš‚ğŸ‡ºğŸ‡¸ğŸ‡ºğŸ‡¸
https://t.â€¦"
msann43,RT @MMaria03146111: The Boston Globe Has Reached Roak Bottom.  #OnlyTrump #WomenForTrump  https://t.co/4vZRGXKvox
addictionguy,"#trump
#TrumpTrain https://t.co/kml9KS175L"
NoSleepTilrNltp,RT @NadelParis: Finger waggin' PinocchioCommunist needs2go #ImWithHer #millennialsforhillary #NewYorkPrimary https://t.co/6lveV70TZ3 https:â€¦
ImmoralReport,RT @Red4Liberty: @tedcruz works hard 4 every single vote. #ChooseCruz ğŸ‡ºğŸ‡¸ğŸ˜ƒğŸ‡ºğŸ‡¸ https://t.co/z91JWuhnp1
mightysparty,RT @BikinInMaine: MT @jphilman0206: What we need in Washington is a Servant of the People. #ChooseCruz https://t.co/ezvOxSYfrL #CruzCrew #Pâ€¦
ImmoralReport,RT @Gramzy7: The Lion of Liberty is #ProLife   #ChooseCruz https://t.co/EAkcK5vK6s
seanhoward1985,RT @CliffWilkin: #NewYorkPrimary welcomes #PJNET and #CruzCrew for 2 great weeks of Fun as we #UnitewithCruz and #CruzToVictory https://t.câ€¦
dust52moor,"RT @DanWantsFreedom: . @tedcruz has #CruzMentum
1.1 billion Twitter hits for #CruzCrew  in online rally, setting records https://t.co/zRykwâ€¦"
ImmoralReport,RT @MichelleDdennis: So TRUE. #TrusTED #ChooseCruz #CruzCrew All the way! https://t.co/83vCv1MYL2
johngaltfla,So What's The Base Price For a Fox News Lackey? | RedState https://t.co/txVyXlQ1hn #FauxNews #NeverTrump #CruzCrew
ImmoralReport,RT @SenFrankNiceley: He'll cut until the lights flicker in the Capitol Dome. #ChooseCruz #NYPrimary  https://t.co/k7slemK8AI
ImmoralReport,RT @es1999: Thomas Sowell - Dangerous Donald Trump https://t.co/tvBgJmMC0F @TedCruz #ChooseCruz #NYvalues #NYprimary #PAprimary #CruzCrew
ericksonr51,"RT @LindaSuhler: ğŸ’¥RALLY TOMORROW
ğŸ‰Donald Trump Albany NYğŸ‰
âœ”ï¸ VOTE #Trump2016 #NY
7 PM EDT 4/11
#NYValues
#NYPrimary
#TrumpTrainğŸš‚ğŸ‡ºğŸ‡¸ğŸ‡ºğŸ‡¸
https:â€¦"
ImmoralReport,RT @nativekittens: #ChooseCruz #NewYorkPrimary #ConnecticutPrimary #PennsylvaniaPrimary https://t.co/Todl19lnuw
ImmoralReport,"RT @UROright: Bernie, the Pope 'on the Same Page' on Economic Morality https://t.co/GBEecK3SdA @NinaTurner Then Y does God only ask for 10%â€¦"
ImmoralReport,"RT @Gramzy7: The Lion of Liberty, #TedCruz, knows the rules of engagement.  Reality TV star does not. #ChooseCruz #ccot #CruzCrew https://tâ€¦"
samadron,ĞšĞ¾Ñ-021 https://t.co/gBTzsjCb5D
pattykanan,"RT @theyoooooshow: ""I am reminded of banana republics, where people trusted their hearts to revolutionaries who didnâ€™t know how to govern.""â€¦"
rkw2259,RT @amrightnow: Vote Trump #realdonaldtrump #VoteTrump2016 #MakeAmericaGreatAgain #trumptrain #A1 #A2 #tcot #trump2016 https://t.co/6JdwuiUâ€¦
StrayYellarDawg,#HillarySoQualified #HillYes #ImWithHer https://t.co/YZQuN17uqZ
TrumpNewMedia,@realDonaldTrump Cannot #TRUST politicians 'Only #DonaldTrump can &amp; will #MakeAmericaGreatAgain for all Americans'! https://t.co/0f4BQ6cp1z
Midwood49,"#TrumpTrain #Trump2016
Why should we even bother to vote? If votes don't count &amp; GOP screws Trump. Will vote Hillary https://t.co/OSwpAg0SoO"
Libertea2012,"RT: We don't believe this exists. Does it, fam? #RestoreTheVRA #FeelTheBernâ€¦ https://t.co/gk45IWMikf #BernieStrong https://t.co/JFQSkp6tIj"
NoreenR1,"RT @Lrihendry: Jesus out, Mohammad in! Disgusting! Vernon Hills High, IIL https://t.co/YCssamqQsM #Trump2016 #TrumpTrain"
_Reality_Check_,"USGS EQ: M 0.4 - 8km NW of The Geysers, California: Time2016-04-10 11:49:23 UTC2016-04-10 04:49:23... https://t.co/1XaVaj4Mep #EarthQuake"
_Reality_Check_,"USGS EQ: M 1.8 - 5km NW of The Geysers, California: DYFI? - ITime2016-04-10 11:41:04 UTC2016-04-10... https://t.co/endpVvME2S #EarthQuake"
_Reality_Check_,"USGS EQ: M 2.1 - 5km NW of The Geysers, California: DYFI? - ITime2016-04-10 11:44:26 UTC2016-04-10... https://t.co/vAAv7VlEHp #EarthQuake"
_Reality_Check_,"USGS EQ: M 0.9 - 9km WNW of The Geysers, California: Time2016-04-10 11:30:02 UTC2016-04-10 04:30:0... https://t.co/9zWMp5TK7w #EarthQuake"
TwitJAKO,"#Earthquake: M 0.9 - 12km NE of Trabuco Canyon, CA: Time2016-04-10 11:52:39 UTC2016-04-10 04:52:39 -07:00 at e... https://t.co/8u9U4abtxy"
_Reality_Check_,"USGS EQ: M 0.9 - 12km NE of Trabuco Canyon, CA: Time2016-04-10 11:52:39 UTC2016-04-10 04:52:39 -07... https://t.co/VMLpxf8NVM #EarthQuake"
GlennSilva76,RT @gerfingerpoken: Nobody's Stealing the Election from #NeverTrump - American Thinker -  https://t.co/bC9OwCSctz   https://t.co/PJm7hGCwqLâ€¦
_ioooojtbti,RT @NadelParis: Finger waggin' PinocchioCommunist needs2go #ImWithHer #millennialsforhillary #NewYorkPrimary https://t.co/6lveV70TZ3 https:â€¦
evie_schwab,"@USATODAY I quit watching that bs news just in time, then ! #MakeAmericaGreatAgain  #TrumpForPresident #TeamTrump"
Grpacon,"RT @realDonaldTrump: ""@governor_savage: @realDonaldTrump is the only person who can save us from this corrupt political mess. #MakeAmericaGâ€¦"
MDI_LLC,"RT @Defund_DC: Willful ignorance is treason, esp after Obama &amp; GOP betrayal. #CruzCrew #WIPrimary #TPP #NAFTA #Amnesty #H1B #MAGA https://tâ€¦"
gillatina,"RT @ImagineAnna: Cruz facing disqualification for fraud in EIGHT STATES!!

#WakeUpAmerica #tcot #CruzSexScandal #TrumpTrain

https://t.co/hâ€¦"
BrianGreedlnha,RT @NadelParis: Finger waggin' PinocchioCommunist needs2go #ImWithHer #millennialsforhillary #NewYorkPrimary https://t.co/6lveV70TZ3 https:â€¦
jcazen57s54,#whichhillary #imsosick #panamapapers #fbiprobe #jai4bill #jail4hill #imsoqualified #warcriminal #bernie2016 https://t.co/UIy6kZFU5m
danesforhillary,@nbcsnl we absolutely adore you! And #KateMcKinnon is EVERYTHING! ğŸ˜€ #ImWithHer  https://t.co/8XQe2yXaLI
44grace,"RT @realDonaldTrump: ""@jlopez05391: @realDonaldTrump Rochester loves you! See you tomorrow! #MakeAmericaGreatAgain #Trump2016 #TrumpTrain""â€¦"
Adamha8ll8,RT @NadelParis: Finger waggin' PinocchioCommunist needs2go #ImWithHer #millennialsforhillary #NewYorkPrimary https://t.co/6lveV70TZ3 https:â€¦
jacksfreetime10,"RT @ElseMarilyn: #NYValues #CAPrimary 
#NYPrimary  #PAprimary  #AlwaysTrump #PresidentTrump
#TrumpTrain #Trump2016 
#NeverCruz https://t.coâ€¦"
barbfeldon1,"RT @CindiPargressiv: All the kings horses, and all the kings men...couldn't put the Democratic Party together again. 
 #BernieorBust https:â€¦"
Tgaffney_jr,"RT @LindaSuhler: ğŸ’¥RALLY TOMORROW
ğŸ‰Donald Trump Albany NYğŸ‰
âœ”ï¸ VOTE #Trump2016 #NY
7 PM EDT 4/11
#NYValues
#NYPrimary
#TrumpTrainğŸš‚ğŸ‡ºğŸ‡¸ğŸ‡ºğŸ‡¸
https:â€¦"
cag113,"RT @lenadunham: She's smart. She's qualified. And yeah, we love her pantsuits. Go to https://t.co/22lNYOyRaE to tell us #ImWithHer https://â€¦"
TwitJAKO,"#Earthquake: M 0.9 - 9km WNW of The Geysers, California: Time2016-04-10 11:30:02 UTC2016-04-10 04:30:02 -07:00... https://t.co/fEzKCwkO0s"
mcjaxon2,RT @Bart_39: MT @catblackfrazier: I'm with #TeamHeidi! hope you'll join me - And follow @heidiscruz on Twitter! https://t.co/0XFsyBBJNO #Crâ€¦
IdiocracyNowPlz,#OnlyTrump #NeverCruz @realDonaldTrump  https://t.co/RrBFLR94pS
HellyerE,RT @ggeett37aaa: MT @AmberForAmerica: #UniteWithCruz to protect #LIFE! https://t.co/3eoPFfLBzy #CruzCrew #PJNET
jurasoma,ĞšĞ¾Ñ-016 https://t.co/Stq6el8iIp
CNM_Michael,.@TedCruz DESTROYS the liberal talking mouths at @CBSNews AWESOMENESS #CruzCrew #CruzToVictory #Cruz2016 https://t.co/Hzh86Pj2Au
RiderJuanita,RT @Campaign_Trump: Percentage of remaining delegates necessary to secure the nomination. #Trump2016 #TrumpTrain #MAGA https://t.co/OFfxA82â€¦
ms1brinker,RT @MichelleDdennis: So TRUE. #TrusTED #ChooseCruz #CruzCrew All the way! https://t.co/83vCv1MYL2
AJChernag,RT @NadelParis: Finger waggin' PinocchioCommunist needs2go #ImWithHer #millennialsforhillary #NewYorkPrimary https://t.co/6lveV70TZ3 https:â€¦
Johnnyw4lifeW,"RT @humimomi: Hillary in South: I love Black people
Bill in PA: Hillary was right to call Black kids super-predators

#ImWithHer 
#FeelTheBâ€¦"
LyndaG1963,"RT @Don_Vito_08: ğŸ˜ WE LOVE THE #TrumpTrain ğŸ˜
Stand StrongğŸ’ª &amp; Together ğŸ‘«
We got this ğŸ‘Š #NeverCruz  @realDonaldTrump @governor_savage https:/â€¦"
JoyMarie52,"RT @realDonaldTrump: ""@governor_savage: @realDonaldTrump is the only person who can save us from this corrupt political mess. #MakeAmericaGâ€¦"
TMeyerBornFree,RT @TrumpNewMedia: @realDonaldTrump Cannot #TRUST politicians 'Only #DonaldTrump can &amp; will #MakeAmericaGreatAgain for all Americans'! httpâ€¦
BikinInMaine,"MT @peddoc63: Everything the government GIVES to you, it must first TAKE from you! https://t.co/sJyLcc1nZx #CruzCrew #PJNET"
LiveFreedomOrDi,"RT @AwakeDeborah: The Truth is like a lion. . . .
Blessed Sunday y'all!ğŸ’’ğŸ’–ğŸŒºğŸŒ·ğŸŒ¸
#LionTed
#CruzCrew
#NYPrimary https://t.co/ao5hHcc6Rg"
pms5699,RT @TNople: MT @DanMartin_cards: There's Only One RIGHT Choice For POTUS VOTE #TEDCRUZ. #ChooseCruz https://t.co/kxUs3Bwiid #CruzCrew #PJNEâ€¦
bigmikeobrien,"RT @Art_Mofo: This church is Binghamton, NY has the right idea! #Trump2016 #TrumpRally #MakeAmericaGreatAgain #NeverCruz https://t.co/9jfjRâ€¦"
eyakriver74,"RT @SandraHartle: ğŸ”¹ #Trump
ğŸ”¹ #MAGA
ğŸ”¹ #Women4Trump
ğŸ”¹ #NYValues
ğŸ”¹ #NYPrimary
ğŸ”¹ #CruzCrew
ğŸ”¹ #NJ #VA
ğŸ”¹ #stayonbudget
ğŸ”¹ #BigHeart
ğŸ”¹ #PA https://â€¦"
ESMirelle,RT @ChamoyChulo: #MakeAmericaGreatAgain #ImWithHer https://t.co/6vZdAokyE9
tstwoccguj,RT @NadelParis: Finger waggin' PinocchioCommunist needs2go #ImWithHer #millennialsforhillary #NewYorkPrimary https://t.co/6lveV70TZ3 https:â€¦
waltermoore5,"RT @Art_Mofo: This church is Binghamton, NY has the right idea! #Trump2016 #TrumpRally #MakeAmericaGreatAgain #NeverCruz https://t.co/9jfjRâ€¦"
WhytePantherRN,#WhytePanther #BernieOrBUST *VIDEO* (@BernieSanders #FeelTheBern) https://t.co/4Jz8JYjchI https://t.co/hcxTuxJJFu
darrelld_smith,"RT @KatyinIndy: FYI for the dumbest candidate in this race: WE ARE A REPUBLIC, not a democracy!  #CruzCrew  https://t.co/M4klMDiLA4"
MDI_LLC,RT @SpecialKMB1969: Knocked it out of the park #TrumpTownHall #VoteTrump Strong #military #Vets b4 refugees #Jobs #H1B #immigration #WI httâ€¦
GlimmerManz,Ooh Rah! #BernieStrong #NewYorkPrimary #NewYork #NY #Bernie2016 #NotMeUs #BernieSanders #BirdieSanders #Bernie https://t.co/8dzFpFYYPi
R0RZ0R,"RT @Chicago4Bernie: I'm with Jane Sanders, Jill Stein, Nina Turner, Elizabeth Warren, Susan Sarandon, @Women4Bernie @feminist4bernie etc. #â€¦"
Network_Citizen,MT @Dlw20161950: 'One Candidate Stands' Ted Cruz-President! https://t.co/Pe2aLjkB15 #CruzCrew #PJNET
rubies4ruth,Hillary Clinton #ImWithHer Large Black Custom Decal #democrat  #CTL #sgp #FeelTheBern https://t.co/37Qnj1LK5d
ijmgardnre,RT @NadelParis: Finger waggin' PinocchioCommunist needs2go #ImWithHer #millennialsforhillary #NewYorkPrimary https://t.co/6lveV70TZ3 https:â€¦
fwdqighcis,RT @NadelParis: Finger waggin' PinocchioCommunist needs2go #ImWithHer #millennialsforhillary #NewYorkPrimary https://t.co/6lveV70TZ3 https:â€¦
mardotir,ĞšĞ¾Ñ-014 https://t.co/rRd5JfFmBn
thrulookinglass,"RT @niknorton: If your candidate needs a white noise machine to hide what she's promising to donors, you're in denial.  #ImWithHer #Hillaryâ€¦"
AMCmooz,RT @NadelParis: Finger waggin' PinocchioCommunist needs2go #ImWithHer #millennialsforhillary #NewYorkPrimary https://t.co/6lveV70TZ3 https:â€¦
LoxLB,"RT @LindaSuhler: ğŸ’¥RALLY TODAY!
ğŸ‰Donald Trump Rochester NYğŸ‰
âœ”ï¸ VOTE #Trump2016 #NY
3 PM EDT
#NYPrimary
#NYValues
#TrumpTrainğŸš‚ğŸ‡ºğŸ‡¸ğŸ‡ºğŸ‡¸
https://t.â€¦"
Cody_Roscoe,BOW BOW BOW BOW BOW
ladyt0pn0tch,JpgğŸ””ğŸ””ğŸ“€ğŸ“€ğŸ’½ğŸ’½ğŸ“€ğŸ”’ğŸ”’ğŸ”’ğŸ””ğŸ“€ https://t.co/SofvDSWonI
tlgiddy,"RT @andersonDrLJA: #Cruz BELIEVES IN #WeThePeople WITH CONSTITUTIONALLY LIMITED GVT! 
#TedCruzForPresident #Cruz2016 #CruzCrew #TrusTed httâ€¦"
hunkaberninlove,RT @CouncilmanRice: I know that look @cthagod. You are so #FeelingTheBern. #BernieInHarlem https://t.co/gu5jaxJFye
healeroflove00,@ranman09 @fatimap72 @BernieSanders Heart Attack; We'll All Have One Even Himself If He Con's New York? @HlLLARY Empty Your Heart #ImWithHer
thrulookinglass,RT @kateloving: And she's untrustworthy https://t.co/6LWFfYZpM7
mandersonhare1,RT @TipGhosh: #Trump2016 extraordinary 7-point healthcare reform plan will #MakeAmericaGreatAgain https://t.co/G1JotcM4ZB via @examinercom
disinzad,RT @NadelParis: Finger waggin' PinocchioCommunist needs2go #ImWithHer #millennialsforhillary #NewYorkPrimary https://t.co/6lveV70TZ3 https:â€¦
brendanoe60,"RT @ElseMarilyn: #NYValues #CAPrimary 
#NYPrimary  #PAprimary  #AlwaysTrump #PresidentTrump
#TrumpTrain #Trump2016 
#NeverCruz https://t.coâ€¦"
journal_alissar,Ù…Ø§ Ø¯Ø§Ù…Øª Ø§Ù„Ø³Ø¹ÙˆØ¯ÙŠØ© ØªØ¹Ø²Ø² Ø¹Ù„Ø§Ù‚Ø§ØªÙ‡Ø§ Ù…Ø¹ Ø§Ù„Ø¹Ø¯Ùˆ Ø§Ù„Ø§Ø³Ø±Ø§Ø¦ÙŠÙ„ÙŠ !ÙÙ‡Ù„ Ø³ØªÙƒÙˆÙ† Ø§Ø³Ø±Ø§Ø¦ÙŠÙ„ Ø´Ø±ÙŠÙƒØ§ Ø¨Ø§Ù„Ø¬Ø³Ø± Ø§Ù„Ø¹ØªÙŠØ¯ Ø§Ù„Ø°ÙŠ Ø³ÙŠØ±Ø¨Ø· Ù…ØµØ± Ø¨Ø§Ù„Ø³Ø¹ÙˆØ¯ÙŠØ© ÙÙˆÙ‚ Ø§Ù„Ø¨Ø¬Ø± Ø§Ù„Ø£Ø­Ù…Ø±ØŸØŸ
T2Rantor,RT @WayneDupreeShow: Boston Globe smears GOP front-runner Donald Trump with fake Sunday front-page headline https://t.co/AYgT1aLpMo #TrumpTâ€¦
RenagadeGirl,RT @WorldForBernie: #BernieOrBust as we don't agree with @HillaryClinton's stance on issues and won't vote for the lesser of evils! @HFA htâ€¦
Haji_Sosa,@Ohyouknow_Ale Idk cause Apple is stupid. And I would but I've been buying an doing hella shit lately an don't really wanna buy a phone haha
ana_dasilva13,RT @realDonaldTrump: Good morning Wisconsin! The polls are now open! #VoteTrump today &amp; we will MakeAmericaGreatAgain! https://t.co/cXvX5SCâ€¦
ScottyBCoosk,RT @NadelParis: Finger waggin' PinocchioCommunist needs2go #ImWithHer #millennialsforhillary #NewYorkPrimary https://t.co/6lveV70TZ3 https:â€¦
ladyt0pn0tch,https://t.co/85yQ2l5Pb0
mssnowwhitty,RT @OBrienMB_NY: #HillaryClinton #Hillary2016 #NYPrimary #NewYork #ImWithHer #NYisHillaryCountry #ShesWithUs https://t.co/dlLtUqTA7M
NeverNeverTrump,RT @gerfingerpoken: Nobody's Stealing the Election from #NeverTrump - American Thinker -  https://t.co/bC9OwCSctz   https://t.co/PJm7hGCwqLâ€¦
AngelaMortimer2,RT @HowardRoper: #cruzcrew cruzin for restoring this nation 2greatness &amp;freedom protectors 4the world. @TedCruz #SO for UR Patriotism and lâ€¦
CodysdadEd,"ESTAB ""R's"" USING CRUZ TO FOIL TRUMP,CRUZ THINK HE IS ESTAB,""THEY"" WILL DUMP HIM AT CONVEN,! #NY #PA #CA #VOTETRUMP https://t.co/aQwhrRMisZ"
dmputney1,"RT @WeNeedHillary: New York Democratic Polls 2016: Clintonâ€™s Lead Grows https://t.co/SN8fQXHUhf
#ShesWithUs #ImWithHer #TNTweeters #p2 httpâ€¦"
Lindar52Rowe,RT @acb4values: .@tedcruz works for every vote he gets! No candidate works harder for every single vote! #CruzCrew #UniteWithCruz https://tâ€¦
peachesgirli23,RT @solomon_ann: Together we can #MakeAmericaGreatAgain https://t.co/23C69a5aY5
hofmann_rose,RT @KimberlyHalberd: #BernieOrBust #BernieInBrooklyn #BernieInNY #BernieInBronx #FeelTheBern #HillarySoQualified #BernieInPhilly #Bernie htâ€¦
7XoleitasIO,RT @silversavant: RT RT NadelParis: Finger waggin' PinocchioCommunist needs2go #ImWithHer #millennialsforhillary #NewYorkPrimary wasâ€¦ httpsâ€¦
monireno,Our attitude towards others determines their attitude towards us. - Earl Nightingale https://t.co/0vldpKux71
bspinter,RT @joehos18: @realDonaldTrump Supporters please follow @carlie_orsini she's new and an Ardent #TrumpTrain supporter. Support all #Trump Suâ€¦
ehutch96,"Patio opens today, come visit!"
horongela,https://t.co/0MS7R20WLU
kleegrubaugh,RT @sunbeltgirl: MT @CountingOnCruz: 'I will not be neutral. America will stand UNAPOLOGETICALLY with Israel!' https://t.co/gbE6Pfihi3 #Cruâ€¦
Bob00Smith,@realDonaldTrump @AnnCoulter #MakeAmericaGreatAgain #Trump2016 #tcot #Trump @RogerJStoneJr #TrumpTrain https://t.co/tPCTSvGDb7
DougBedn,RT @NadelParis: Finger waggin' PinocchioCommunist needs2go #ImWithHer #millennialsforhillary #NewYorkPrimary https://t.co/6lveV70TZ3 https:â€¦
JudyStockard,RT @WayneDupreeShow: Manafort is fine tuning Trump's election machine and just gave supporters great news! https://t.co/ZExadLJFLa #TrumpTrâ€¦
02757myla,RT @TrumpTimes: Trump needs 494 more delegates. #TrumpTrain https://t.co/zkSY3FvTzz
HallieNYCity,#CCOT It's now or never! 1237 is the number! https://t.co/VRbIUJ5DFn
luluhalls,@realDonaldTrump @DanScavino @mitchellvii #trumptrain #trump2016 #realdonaldtrump #momfortrump https://t.co/mCVtIInivC
davidhempllih,RT @NadelParis: Finger waggin' PinocchioCommunist needs2go #ImWithHer #millennialsforhillary #NewYorkPrimary https://t.co/6lveV70TZ3 https:â€¦
heartrocksrock,"RT @Socialist_Times: Stop shaming women who support Bernie into voting for Clinton https://t.co/FNym35huFt
#Women4Bernie #ImWithHer #P2 httâ€¦"
yelsada,"RT @ElseMarilyn: #NYValues #CAPrimary 
#NYPrimary  #PAprimary  #AlwaysTrump #PresidentTrump
#TrumpTrain #Trump2016 

#BikersForTrump https:â€¦"
C_I_Winning,"We don't vote republican because we're afraid of Hillary or Bernie, we vote for @realDonaldTrump because we want to #MakeAmericaGreatAgain"
OgdenswnO,RT @NadelParis: Finger waggin' PinocchioCommunist needs2go #ImWithHer #millennialsforhillary #NewYorkPrimary https://t.co/6lveV70TZ3 https:â€¦
ComstermTi,RT @NadelParis: Finger waggin' PinocchioCommunist needs2go #ImWithHer #millennialsforhillary #NewYorkPrimary https://t.co/6lveV70TZ3 https:â€¦
nanlupien,"RT @fawfulfan: No, Bernie Sanders was not right about the Panama free trade agreement. Hillary Clinton was. #ImWithHer https://t.co/WSDmS23â€¦"
jujulars,The Raven https://t.co/BHvoqpLlEe
jefffogle342,"RT @LindaSuhler: ğŸ’¥RALLY TOMORROW
ğŸ‰Donald Trump Albany NYğŸ‰
âœ”ï¸ VOTE #Trump2016 #NY
7 PM EDT 4/11
#NYValues
#NYPrimary
#TrumpTrainğŸš‚ğŸ‡ºğŸ‡¸ğŸ‡ºğŸ‡¸
https:â€¦"
ChrisGoyer73,"RT @LindaSuhler: ğŸ’¥RALLY TOMORROW
ğŸ‰Donald Trump Albany NYğŸ‰
âœ”ï¸ VOTE #Trump2016 #NY
7 PM EDT 4/11
#NYValues
#NYPrimary
#TrumpTrainğŸš‚ğŸ‡ºğŸ‡¸ğŸ‡ºğŸ‡¸
https:â€¦"
customjewel,"RT @trump_world: Donald Trump self-funding his campaign. NOT FOR SALE! @realDonaldTrump #MakeAmericaGreatAgain  https://t.co/eIAjsuTiG9"""
yelsada,"RT @LindaSuhler: ğŸ’¥RALLY MONDAY!
ğŸ‰Donald Trump Albany NYğŸ‰
âœ”ï¸ VOTE #Trump2016 #NY
7 PM EDT 4/11
#NYValues
#NYPrimary
#TrumpTrainğŸš‚ğŸ‡ºğŸ‡¸ğŸ‡ºğŸ‡¸
https:/â€¦"
msbooalkef,RT @NadelParis: Finger waggin' PinocchioCommunist needs2go #ImWithHer #millennialsforhillary #NewYorkPrimary https://t.co/6lveV70TZ3 https:â€¦
ggeett37aaa,MT @rxpatriot46: This is why #TedCruz is the best man for the job. https://t.co/KUPzOrF1bW #CruzCrew #PJNET
BjornDstss,"RT @YourPotus: #GOP * Trump Team Thanks a Vet !

#GOPcampaign #AlwaysTrump #TrumpArmy #TrumpTeam #TrumTrain #Trump2016 #YourPotus https://tâ€¦"
DawnDSh1,"RT @poodlelove55: If they deny @realDonaldTrump, I believe I have no choice but to leave party that proves itself corrupt! #VoteTrumpğŸŒŸ httpâ€¦"
nativekittens,#NeverTrump #ChooseCruz #NewYorkPrimary #CaliforniaPrimary #IndianaPrimary Trumpâ€™s getting trounced in Indiana https://t.co/qi5pfEsPlj
nativekittens,#NeverTrump #ChooseCruz #NewYorkPrimary #CaliforniaPrimary #IndianaPrimary Trumpâ€™s getting trounced in Indiana https://t.co/UqjlpB4pJv
paulbaja,"RT @bloodless_coup: ""The man's a mgmt GENIUS. This is PROOF. He hired the best people. Read all the rules. And look! Delegate-wrangling A+!â€¦"
fitzymom11,"RT @realDonaldTrump: ""@jlopez05391: @realDonaldTrump Rochester loves you! See you tomorrow! #MakeAmericaGreatAgain #Trump2016 #TrumpTrain""â€¦"
sljartist,RT @The_Trump_Train: RETWEET if you think Donald Trump will be the hardest working president in history! #MakeAmericaGreatAgain https://t.câ€¦
lbljm1,"RT @trump_world: ""Latinos For Donald Trump 2016 ""Go Out &amp; #VoteTrump"" #LatinosForTrump #Hispanics4Trump #Trump2016 #NYPrimary https://t.co/â€¦"
jgg1958,"RT @Socialist_Times: Stop shaming women who support Bernie into voting for Clinton https://t.co/FNym35huFt
#Women4Bernie #ImWithHer #P2 httâ€¦"
cldols,Tired of #Bernie &amp; his waiving finger &amp; basic #grumpy old man speeches #NotFeelingTheBern #ImWithHer @HillaryClinton
jefffogle342,"RT @LindaSuhler: ğŸ’¥RALLY TODAY!
ğŸ‰Donald Trump Rochester NYğŸ‰
âœ”ï¸ VOTE #Trump2016 #NY
3 PM EDT
#NYPrimary
#NYValues
#TrumpTrainğŸš‚ğŸ‡ºğŸ‡¸ğŸ‡ºğŸ‡¸
https://t.â€¦"
TheHippie_Chick,@TheHippie_Chick #MakeHistory #MakeAmericaGreatAgain #Vote
Gunnyed,"RT @LindaSuhler: ğŸ’¥RALLY TOMORROW
ğŸ‰Donald Trump Albany NYğŸ‰
âœ”ï¸ VOTE #Trump2016 #NY
7 PM EDT 4/11
#NYValues
#NYPrimary
#TrumpTrainğŸš‚ğŸ‡ºğŸ‡¸ğŸ‡ºğŸ‡¸
https:â€¦"
trumps2016,RT @TrumpNewMedia: @realDonaldTrump Cannot #TRUST politicians 'Only #DonaldTrump can &amp; will #MakeAmericaGreatAgain for all Americans'! httpâ€¦
jasondoulsga,RT @NadelParis: Finger waggin' PinocchioCommunist needs2go #ImWithHer #millennialsforhillary #NewYorkPrimary https://t.co/6lveV70TZ3 https:â€¦
CliffWilkin,"MT @TeriGRight: Grassroots, Please Rise Up &amp; #ChooseCruz! He can FIX this mess! #TCOT #LNYHBT https://t.co/47GCwuUUBt #CruzCrew #PJNET"
pjamesjp1,RT @Able_49: MT @DrSueDVM: EstGOP knows w/Cruz in WH lobbyist &amp; +other dirty deals won't be SOP. #tcot #ccot https://t.co/vzqbRPgUSZ #CruzCâ€¦
scootydry7,"RT @Don_Vito_08: ğŸ˜ WE LOVE THE #TrumpTrain ğŸ˜
Stand StrongğŸ’ª &amp; Together ğŸ‘«
We got this ğŸ‘Š #NeverCruz  @realDonaldTrump @governor_savage https:/â€¦"
albulento,https://t.co/wInL2yVb44
KyleWRowley,"RT @PeacefulOne70x7: @Reince 
Tsk, tsk, tsk... we are watching!!ğŸ‘‡ğŸ‘‡
#Trump2016
#DumpTheGOP 
#NoIncumbentsInNovember https://t.co/dhhnW3PxoX"
SyrusHolmes,"RT @BCsknees: #alwaysTrump #TrumpTrain #BurnDownTheGop #Trump2016 #NYPrimary 
#PAPrimary https://t.co/SouyqSp4Na"
Angelinuuh_,@thatniggaefrain lookin all ğŸ”¥ and shiiğŸ˜ğŸ˜‹
NoliaKaye,"Goodbye GOP - voting for @realDonaldTrump 
https://t.co/HykEiNj2G8
#AlwaysTrump 
#trump2016
#WomenForTrump 
#NeverGOP
#MakeAmericaGreatAgain"
DNosegotten,#FeelTheBern #BernieInPhilly #BernieInTheBronx #ImWithHer #NYPrimary #HillarySoQualified #HillaryResearch #bernout https://t.co/DzojzLis2b
marie_ders,"I'm done giving a fuck, it gets me no where"
Gunnyed,"RT @LindaSuhler: ğŸ’¥RALLY TODAY!
ğŸ‰Donald Trump Rochester NYğŸ‰
âœ”ï¸ VOTE #Trump2016 #NY
3 PM EDT
#NYPrimary
#NYValues
#TrumpTrainğŸš‚ğŸ‡ºğŸ‡¸ğŸ‡ºğŸ‡¸
https://t.â€¦"
treduua,RT @NadelParis: Finger waggin' PinocchioCommunist needs2go #ImWithHer #millennialsforhillary #NewYorkPrimary https://t.co/6lveV70TZ3 https:â€¦
eyakriver74,RT @PuyaFiel: They thought our movement would slow down.. Not gonna happen folks #MAGA #NewYorkValues #TrumpTrain #Trump2016 https://t.co/nâ€¦
rfsilva231,RT @NadelParis: Finger waggin' PinocchioCommunist needs2go #ImWithHer #millennialsforhillary #NewYorkPrimary https://t.co/6lveV70TZ3 https:â€¦
kkg4rl,RT @NadelParis: Finger waggin' PinocchioCommunist needs2go #ImWithHer #millennialsforhillary #NewYorkPrimary https://t.co/6lveV70TZ3 https:â€¦
AmberForAmerica,RT @DataGenesis: MT @JosephEach: @tedcruz has done exactly what he said he would do. Even when he stood alone. https://t.co/3xwqbeduSD #Cruâ€¦
ProjectPaus1e,RT @NadelParis: Finger waggin' PinocchioCommunist needs2go #ImWithHer #millennialsforhillary #NewYorkPrimary https://t.co/6lveV70TZ3 https:â€¦
tgradous,"#Cruz Gains Majority of Delegates at Colorado Convention: 'In 10 Elections, We've Beaten @realDonaldTrump
#CruzCrew  https://t.co/6waaGuNGfI"
SyrusHolmes,RT @Decoder2: #BurnDownTheGOP #WakeUpAmerica #MakeAmericaGreatAgain  WE THE PEOPLE own this country not the government~!
KOLLBW,RT @NadelParis: Finger waggin' PinocchioCommunist needs2go #ImWithHer #millennialsforhillary #NewYorkPrimary https://t.co/6lveV70TZ3 https:â€¦
_T_R_U_M_P_,"#MAGA 
#MakeAmericaGreatAgain 

MR.TRUMP needs u in #Cleveland

FYI no hotels available 

make other plans now https://t.co/niQs6CGErt"
Candi151,RT @bannerite: George knows! #ImWithHer https://t.co/NTRkboe0qv
NeverNeverTrump,RT @johngaltfla: So What's The Base Price For a Fox News Lackey? | RedState https://t.co/txVyXlQ1hn #FauxNews #NeverTrump #CruzCrew
qllqpnmdxc,RT @NadelParis: Finger waggin' PinocchioCommunist needs2go #ImWithHer #millennialsforhillary #NewYorkPrimary https://t.co/6lveV70TZ3 https:â€¦
ROCify,"RT @male75081: @realDonaldTrump @agentvf @Q102Philly
#NYPrimary #CaPrimary #roc
#trump again proud of lawless deed not model citizen!
#neveâ€¦"
dilemmv,"RT @lenadunham: She's smart. She's qualified. And yeah, we love her pantsuits. Go to https://t.co/22lNYOyRaE to tell us #ImWithHer https://â€¦"
_ravey_,RT @ChamoyChulo: #MakeAmericaGreatAgain #ImWithHer https://t.co/6vZdAokyE9
t_aqedbp,RT @NadelParis: Finger waggin' PinocchioCommunist needs2go #ImWithHer #millennialsforhillary #NewYorkPrimary https://t.co/6lveV70TZ3 https:â€¦
DanWantsFreedom,RT @gerfingerpoken: When #NeverTrump Blamed @PamelaGeller 4 Inciting Violence - American Thinker -  https://t.co/SDn9tvs5DY  #CruzCrew - htâ€¦
GeekMcNerdy,"RT @RichardAngwin: Cornel West sees it. Can you?
Don't get fooled again.
Vote for Bernie!!
#WYcaucus #NYprimary
#FeelTheBern #ImWithHer httâ€¦"
kepamer,"Picture of a Sandagerâ€™s wrasse, New Zealand https://t.co/JmC1N666dA"
aMdisonAdLikn,RT @NadelParis: Finger waggin' PinocchioCommunist needs2go #ImWithHer #millennialsforhillary #NewYorkPrimary https://t.co/6lveV70TZ3 https:â€¦
dowd_lauren,"RT @Libertea2012: MT Daniel, a 21 yr armed services vet explains why he's marching 140 miles with #DemocracySpring.â€¦ #BernieStrong https://â€¦"
44grace,"RT @JudgeMoroz: Behold the real #CruzCrew ...

And @tedcruz will do &amp; say whatever it takes to please his donors. https://t.co/GB0lVuckmT"
brownsugar7878,Another senseless shooting by people #heartbreaking #gunsense #guncontrol #gunviolence that's why #Imwithher  https://t.co/4AfJaXlNsd
IC3RTE,RT @NadelParis: Finger waggin' PinocchioCommunist needs2go #ImWithHer #millennialsforhillary #NewYorkPrimary https://t.co/6lveV70TZ3 https:â€¦
kimbaland50,"RT @LindaSuhler: ğŸ’¥RALLY TODAY!
ğŸ‰Donald Trump Rochester NYğŸ‰
âœ”ï¸ VOTE #Trump2016 #NY
3 PM EDT
#NYPrimary
#NYValues
#TrumpTrainğŸš‚ğŸ‡ºğŸ‡¸ğŸ‡ºğŸ‡¸
https://t.â€¦"
poliscistacey,RT @TheDonaldNorth: Wake up to tweet from #BernieSanders supporter that I'm sexist Is the coffee on honey? I'm talking my to partner A guyâ€¦
Luv_4Dogs,@kirstiealley you sold your soul to the devil endorsing #donaldtrump. #ImWithHer #ShesWithUs
bigdave2u,RT @TimBartender: HRC supporters brag about results from a rigged election. Then they wonder why I'm #BernieorBust #FeelTheBern https://t.câ€¦
MichaelCHakns,RT @NadelParis: Finger waggin' PinocchioCommunist needs2go #ImWithHer #millennialsforhillary #NewYorkPrimary https://t.co/6lveV70TZ3 https:â€¦
Free11Be,"RT @Libertea2012: MT .@VanJones68 unload on @BillClinton comments about Crime bill: ""It was stupid. It was wrong. Itâ€¦ https://t.co/f12qfdsSâ€¦"
becky_causey,"RT @realDonaldTrump: ""@lilrachiepoo: @realDonaldTrump Thank you, Mr. Trump, for your personal and financial sacrifices in this journey to #â€¦"
StreetGorislal,RT @NadelParis: Finger waggin' PinocchioCommunist needs2go #ImWithHer #millennialsforhillary #NewYorkPrimary https://t.co/6lveV70TZ3 https:â€¦
noopdoggy,"Wake Up People! RNC does NOT care about Cruz,just helping 2 steal enough Trump delegates 4 a contested convention!RT https://t.co/vnfUYEeqIT"
HughMcBryde,DPF Press Release. https://t.co/v2OaMVWfK4
barryjackson1,"#BernieSanders - Aren't mothers of Sandra Bland, Michael Brown, Eric Garner supporting Hillary Clinton? Trayvon Martin's too. #ImWithHer"
AtyakinSuper,RT @NadelParis: Finger waggin' PinocchioCommunist needs2go #ImWithHer #millennialsforhillary #NewYorkPrimary https://t.co/6lveV70TZ3 https:â€¦
PatriotGinger,"MT @ChuckNellis: Yes y'all, I did get @tedcruz to autograph my Maniacs For Cruz shirt! https://t.co/ThzZpdj4jS #CruzCrew #PJNET"
back40bri,"""Home isn't where you're from; its where you find light when all glows dark.""ğŸ¡â¤ï¸ #rural #homeâ€¦ https://t.co/A4zaWNenan"
daveorin,"RT @LindaSuhler: ğŸ’¥RALLY TOMORROW
ğŸ‰Donald Trump Albany NYğŸ‰
âœ”ï¸ VOTE #Trump2016 #NY
7 PM EDT 4/11
#NYValues
#NYPrimary
#TrumpTrainğŸš‚ğŸ‡ºğŸ‡¸ğŸ‡ºğŸ‡¸
https:â€¦"
4AmericaToday,"RT @amrightnow: ""My Wall"" Make Video #1 (Trump About You) https://t.co/j58e8aacrE #MakeAmericaGreatAgain #tcot https://t.co/Vk42HCl7oR"
TrilahgeeYG,RT @NadelParis: Finger waggin' PinocchioCommunist needs2go #ImWithHer #millennialsforhillary #NewYorkPrimary https://t.co/6lveV70TZ3 https:â€¦
JulesSiscoe,RT @The_Trump_Train: #MakeAmericaGreatAgain https://t.co/OMDEjaOoq6
Rictracee,"RT @The99forBernie: Idk Hillary, for some reason Bernie feels perfectly fine when people bring up his record #BernieOrBust #FeelTheBern httâ€¦"
NYMom7,"RT @DanScavino: #NewYorkValues- LYIN' @tedcruz. #TrumpTrainğŸš‚ğŸ’¨ğŸ‡ºğŸ‡¸17,000 strong in 
our home state of NEW YORKğŸ—½
#Trump2016 #MAGAğŸ‡ºğŸ‡¸ğŸ‡ºğŸ‡¸ https://tâ€¦"
Decoder2,#BurnDownTheGOP Shut them down~! #MakeAmericaGreatAgain  #WakeUpAmerica
VintageVeioc_,RT @NadelParis: Finger waggin' PinocchioCommunist needs2go #ImWithHer #millennialsforhillary #NewYorkPrimary https://t.co/6lveV70TZ3 https:â€¦
trumps2016,"RT @LindaSuhler: ğŸ’¥RALLY TOMORROW
ğŸ‰Donald Trump Albany NYğŸ‰
âœ”ï¸ VOTE #Trump2016 #NY
7 PM EDT 4/11
#NYValues
#NYPrimary
#TrumpTrainğŸš‚ğŸ‡ºğŸ‡¸ğŸ‡ºğŸ‡¸
https:â€¦"
helenmag,RT @artist4ever: BS can only get this endorsement by lying about it-Lezley is with HILLARY! #ImWithHer #ShesWithUs #NoMoreBS https://t.co/Râ€¦
kathcoll2006,"RT @Art_Mofo: This church is Binghamton, NY has the right idea! #Trump2016 #TrumpRally #MakeAmericaGreatAgain #NeverCruz https://t.co/9jfjRâ€¦"
obasima2,#BernieSanders #VoteBernie #BernieOrBust #FeelTheBern #NeverBernie #FleetheBern #cnn #foxnews #MSNBC https://t.co/1aiODJpCjD
daveorin,"RT @LindaSuhler: ğŸ’¥RALLY TODAY!
ğŸ‰Donald Trump Rochester NYğŸ‰
âœ”ï¸ VOTE #Trump2016 #NY
3 PM EDT
#NYPrimary
#NYValues
#TrumpTrainğŸš‚ğŸ‡ºğŸ‡¸ğŸ‡ºğŸ‡¸
https://t.â€¦"
HealyLee,"RT @ImagineAnna: Cruz facing disqualification for fraud in EIGHT STATES!!

#WakeUpAmerica #tcot #CruzSexScandal #TrumpTrain

https://t.co/hâ€¦"
deejay90192,RT @POTUSCLINTON_: Retweet if you will be supporting Hillary all the way to the Presidency! #ImWithHer #Election2016 https://t.co/OHHB3k11lo
RippleCreekNW,"About as good as it gets, what a brilliant thinker: 37 minutes of enthalling business theory 
@sarahcuda @PandoDaily https://t.co/9u5GbBDBDD"
FedUpPolitics,#FireSchultz #FeelTheBern #ImWithHer   DEBT TRAP DEBBIE: SABOTAGING OBAMA ON PAYDAY LENDING REFORM.   https://t.co/fJPXs7sKVF
june_fours,@realDonaldTrump @EricTrump cute dog what's up with postcards do we send or not https://t.co/GPN7d7p7tW
pms5699,@realDonaldTrump #Now doing photo-op at guess where #FreedomTower #NeverTrump #ChooseCruz https://t.co/UZueJyyU8O
pialombardi76,@MiddleClazzMom #TrumpTrain #Trump #TrumpVotersMatter @TomCarterforMS @LouLoudrummond #RETWEET Rewteet  !!!!! https://t.co/Jomb8kzkRE
Avraham5772,"RT @Unleas1Politics: #NeverCruz Say no to ultra conservatism! #NeverCruz #VoteTrump 

 https://t.co/STF6NrB8dB"
basantwawhda,RT @NadelParis: Finger waggin' PinocchioCommunist needs2go #ImWithHer #millennialsforhillary #NewYorkPrimary https://t.co/6lveV70TZ3 https:â€¦
scooterboydom,I think ed needs to smoke in his back yard .. maybe that's just me ?? https://t.co/kZUNASJ8A5
TrumpNewMedia,"@realDonaldTrump THE #TRUTH THE AMERICAN MEDIA HIDES FROM PEOPLE! #WATCH: https://t.co/sw9H3UnVtf
#VoteTrump
#Trump https://t.co/pmzlI2TVOb"
ToddDetro,"@realDonaldTrump Have you seen this yet by @realDennisLynch ?  Good stuff!

https://t.co/dW2OAOSGQ8

#MakeAmericaGreatAgain"
pSanishLeeanr,RT @NadelParis: Finger waggin' PinocchioCommunist needs2go #ImWithHer #millennialsforhillary #NewYorkPrimary https://t.co/6lveV70TZ3 https:â€¦
DennisAlanGray2,"RT @trump_world: ""TONIGHT - @realDonaldTrump talks to @JudgeJeanine on ""Justice."" @realDonaldTrump #MakeAmericaGreatAgain  https://t.co/Twkâ€¦"
GreggSeyale,RT @NadelParis: Finger waggin' PinocchioCommunist needs2go #ImWithHer #millennialsforhillary #NewYorkPrimary https://t.co/6lveV70TZ3 https:â€¦
Patta47cake,RT @BobbyTBD: I actually have a very successful career but thanks for showin how rude @BernieSanders supporters can be #ImWithHer https://tâ€¦
ormerodwat,"RT @Shoq: Yeah, that's sort of an ouchie. #FeetheBurn #ImWithHer #HillaryClinton #BernieSanders #feelthebern  https://t.co/ezpZuHNA4m"
MalsLAW,RT @bing_lbing: #OnlyTrump @realDonaldTrump #MakeAmericaGreatAgain #TrumpTrain ğŸ‡ºğŸ‡¸ğŸ‡ºğŸ‡¸ğŸ‡ºğŸ‡¸ğŸš‚ğŸ’¨ğŸ’¨ğŸ’¨ğŸ‡ºğŸ‡¸ğŸ‡ºğŸ‡¸ğŸ‡ºğŸ‡¸ https://t.co/n1gnzRiKhL
littlepiggies72,#NYPrimary #RhodeIsland #Pennsylvania #NewYork4Trump #Delaware #CT #Maryland #Trump @ffweekend @ClaytonMorris  https://t.co/qvlpsqvDX4
QuieroUSA,RT @Network_Citizen: MT @Dlw20161950: 'One Candidate Stands' Ted Cruz-President! https://t.co/Pe2aLjkB15 #CruzCrew #PJNET
JenniferMelke,RT @NadelParis: Finger waggin' PinocchioCommunist needs2go #ImWithHer #millennialsforhillary #NewYorkPrimary https://t.co/6lveV70TZ3 https:â€¦
myBOSSYass,RT @ChamoyChulo: #MakeAmericaGreatAgain #ImWithHer https://t.co/6vZdAokyE9
zensolidarity,#NYPrimary #Clinton #ImWithHer..opponent. https://t.co/GoJF4AwX7z
amadouh97,Never miss an opportunity to tell someone how much they mean to you!
lechefpierre,"Dilled salmon rillettes
https://t.co/8T9oOW7Tdb https://t.co/XXYGSDOfCY"
AmberForAmerica,MT @cheryl42058: Cruz can fix what has been torn apart! Constitutional Conservative Man! https://t.co/x4IVOnpe4i #CruzCrew #PJNET
jigymaw,RT @NadelParis: Finger waggin' PinocchioCommunist needs2go #ImWithHer #millennialsforhillary #NewYorkPrimary https://t.co/6lveV70TZ3 https:â€¦
CBockino,RT @SaraGreenwell: @EricTrump There just might be a civil war if they don't put your dad in as the nominee. And I am not kidding. #RiseUp #â€¦
egrifen,https://t.co/0O5ZRdZMcx
HelpThemaeHr,RT @NadelParis: Finger waggin' PinocchioCommunist needs2go #ImWithHer #millennialsforhillary #NewYorkPrimary https://t.co/6lveV70TZ3 https:â€¦
Richard01702798,RT @EternalRiteWing: #Cruz Held off New Jersey Ballot Pending Voter Fraud https://t.co/t0Vic0WF5F #CruzCrew #Eligibility
z56po,Trump's Twitter Army Appears To Be Phony https://t.co/dG7pcMO2zw As phony as the man himself. #ChooseCruz
QuieroUSA,RT @johngaltfla: So What's The Base Price For a Fox News Lackey? | RedState https://t.co/txVyXlQ1hn #FauxNews #NeverTrump #CruzCrew
tSeveMcGarryNYC,RT @NadelParis: Finger waggin' PinocchioCommunist needs2go #ImWithHer #millennialsforhillary #NewYorkPrimary https://t.co/6lveV70TZ3 https:â€¦
trumps2016,"RT @LindaSuhler: ğŸ’¥RALLY TODAY!
ğŸ‰Donald Trump Rochester NYğŸ‰
âœ”ï¸ VOTE #Trump2016 #NY
3 PM EDT
#NYPrimary
#NYValues
#TrumpTrainğŸš‚ğŸ‡ºğŸ‡¸ğŸ‡ºğŸ‡¸
https://t.â€¦"
pink_lady56,RT @Campaign_Trump: Percentage of remaining delegates necessary to secure the nomination. #Trump2016 #TrumpTrain #MAGA https://t.co/OFfxA82â€¦
Able_49,MT @RichardJSunkle: With Ted Cruz we'll reignite the spark of America. https://t.co/Ex2vV30ZJN #CruzCrew #PJNET
mmujicaDC,Enjoyed piece in @avenuemag on @LdeRothschild. #ImWithHer as well! I also loved the sensible way she describes inclusive capitalism.
dcsharp11,"RT @TrumpNewMedia: .@realDonaldTrump GOP will steal this election from #DonaldTrump #FightBack
https://t.co/JKGdz9D3QV
#VoteTrump
#tcot httâ€¦"
adjshow,RT @Bros4Hillary: Just to reiterate: it is an actual tie not a virtual tie. In a caucus state no less. With no spending $$ in ad buys.  #Imâ€¦
lbljm1,"RT @trump_world: Donald Trump self-funding his campaign. NOT FOR SALE! @realDonaldTrump #MakeAmericaGreatAgain  https://t.co/eIAjsuTiG9"""
arrjet17,"RT @ScottSaxman1: Poll shows Donald Trump above 50% in New York state 
https://t.co/40oOu4TubQ #TrumpTrain #trump2016"
djumv,RT @tedcruz: Thank you Colorado for another resounding victory! https://t.co/PXWWcifJKK #ChooseCruz #CruzCrew https://t.co/zhMVq5QpeH
_CFJ_,"EXCLUSIVE! 

EXPLOSIVE #OctoberSurprise that awaits Trump if nominated
Ascend Conservatism Podcast~&gt;https://t.co/2Ldjmgwtby 
#TrumpTrain"
tgradous,"RT @AwakeDeborah: The Truth is like a lion. . . .
Blessed Sunday y'all!ğŸ’’ğŸ’–ğŸŒºğŸŒ·ğŸŒ¸
#LionTed
#CruzCrew
#NYPrimary https://t.co/ao5hHcc6Rg"
autobody65,"RT @realDonaldTrump: ""@jlopez05391: @realDonaldTrump Rochester loves you! See you tomorrow! #MakeAmericaGreatAgain #Trump2016 #TrumpTrain""â€¦"
RobBenter,RT @Libertea2012: MT Retweeted Lauren Brillante ( . ): We Need To Get Record Numbers on theâ€¦ https://t.co/E7UDzx9HDn #BernieStrong https://â€¦
lindxeyy,@burblesquirrel https://t.co/tThxejoBG5
Lottery_Secrets,RT @tedcruz: Thank you Colorado for another resounding victory! https://t.co/PXWWcifJKK #ChooseCruz #CruzCrew https://t.co/zhMVq5QpeH
jallaioc07,RT @NadelParis: Finger waggin' PinocchioCommunist needs2go #ImWithHer #millennialsforhillary #NewYorkPrimary https://t.co/6lveV70TZ3 https:â€¦
Richard01702798,"RT @rebeccadiserio: HEY #CRUZCREW, U WANT 2 WIN BY DIRTY TRICKS? IT'S ON! MY LIFE IS NOW DEDICATED 2 MY CA SCREWING U BY GETTING #TRUMP 123â€¦"
Griefage,RT @CouncilmanRice: I know that look @cthagod. You are so #FeelingTheBern. #BernieInHarlem https://t.co/gu5jaxJFye
JasonsGrandpa,"RT @trump_world: ""TONIGHT - @realDonaldTrump talks to @JudgeJeanine on ""Justice."" @realDonaldTrump #MakeAmericaGreatAgain  https://t.co/Twkâ€¦"
bubusher,&lt;KKR[b0r3d]&gt; i once had a wet dream and was glued to my bed the following day
__owchcb,RT @NadelParis: Finger waggin' PinocchioCommunist needs2go #ImWithHer #millennialsforhillary #NewYorkPrimary https://t.co/6lveV70TZ3 https:â€¦
warfield_e,RT @sunbeltgirl: MT @luckyone6565: #TedCruz Understands Gov is NOT what makes America Great. #UniteWithCruz https://t.co/47nPLwhhre #CruzCrâ€¦
Goldilocks19,RT @realChristophS: @DRUDGE #MakeAmericaGreatAgain
_ZackLwise,RT @NadelParis: Finger waggin' PinocchioCommunist needs2go #ImWithHer #millennialsforhillary #NewYorkPrimary https://t.co/6lveV70TZ3 https:â€¦
TheTurpens,"RT @LindaSuhler: ğŸ’¥RALLY TODAY!
ğŸ‰Donald Trump Rochester NYğŸ‰
âœ”ï¸ VOTE #Trump2016 #NY
3 PM EDT
#NYPrimary
#NYValues
#TrumpTrainğŸš‚ğŸ‡ºğŸ‡¸ğŸ‡ºğŸ‡¸
https://t.â€¦"
patriot_girl_77,"RT @realDonaldTrump: ""@governor_savage: @realDonaldTrump is the only person who can save us from this corrupt political mess. #MakeAmericaGâ€¦"
MarkTay35376590,RT @tedcruz: Thank you Colorado for another resounding victory! https://t.co/PXWWcifJKK #ChooseCruz #CruzCrew https://t.co/zhMVq5QpeH
LaurieMettier,"RT @Shooters_Wife: .@tedcruz: If elected President, I'll veto any statute that exempts Congress. The law should apply evenly to every Ameriâ€¦"
HarveyAckerman,"Excuse me, you knew politics was a dirty game.  Stick to the mission. 1237 &amp; it's over.
#VoteTrump #NYPrimary #NewYorkValues"
guitararmstrong,Bongbong Marcos is for Donald Trump! #PiliPinasDebates2016 #MakeAmericaGreatAgain
JimTriesler,"RT @Don_Vito_08: ğŸ˜ WE LOVE THE #TrumpTrain ğŸ˜
Stand StrongğŸ’ª &amp; Together ğŸ‘«
We got this ğŸ‘Š #NeverCruz  @realDonaldTrump @governor_savage https:/â€¦"
Brebedan,https://t.co/EBghy0w3q6
DwayneSobrion,RT @NadelParis: Finger waggin' PinocchioCommunist needs2go #ImWithHer #millennialsforhillary #NewYorkPrimary https://t.co/6lveV70TZ3 https:â€¦
JaniceRaffa,"RT @LindaSuhler: ğŸ’¥RALLY TODAY!
ğŸ‰Donald Trump Rochester NYğŸ‰
âœ”ï¸ VOTE #Trump2016 #NY
3 PM EDT
#NYPrimary
#NYValues
#TrumpTrainğŸš‚ğŸ‡ºğŸ‡¸ğŸ‡ºğŸ‡¸
https://t.â€¦"
GiGiJanet1,RT @veganvecoh: Actor Lou Ferrigno Endorses Donald Trump for President. VOTE #Trump2016 #TrumpTrain #MakeAmericaGreatAgain https://t.co/QA8â€¦
vrmeg9,"RT @amschultz71: Dear @Reince 
Get off of the tracksğŸš‚ğŸ’¨coming through to #MakeAmericaGreatAgain #GOPâ¡ï¸#ATP 

#American 
#Trump 
#Party httpsâ€¦"
norandim,"""Ğ£Ğ¼ĞºĞ°"" https://t.co/jhLlYFtJ3z"
TheTurpens,"RT @LindaSuhler: ğŸ’¥RALLY TOMORROW
ğŸ‰Donald Trump Albany NYğŸ‰
âœ”ï¸ VOTE #Trump2016 #NY
7 PM EDT 4/11
#NYValues
#NYPrimary
#TrumpTrainğŸš‚ğŸ‡ºğŸ‡¸ğŸ‡ºğŸ‡¸
https:â€¦"
jdinerouscim,RT @NadelParis: Finger waggin' PinocchioCommunist needs2go #ImWithHer #millennialsforhillary #NewYorkPrimary https://t.co/6lveV70TZ3 https:â€¦
hillx123,Standing Strong and Proud with #DonaldTrump #MakeAmericaGreatAgain FlyTheFlag!! https://t.co/9LuvPLKqdE
n8s_awesome,"RT @realDonaldTrump: ""@jlopez05391: @realDonaldTrump Rochester loves you! See you tomorrow! #MakeAmericaGreatAgain #Trump2016 #TrumpTrain""â€¦"
mauricescareers,"Can you recommend anyone for this #job? Associate Manager (MIT) - https://t.co/6KCvyDmLLL #Springfield, OR #Retail https://t.co/w5Cz3DLtJR"
DanMari74,People should speak and lead themselves!  https://t.co/0aeVf95N7x
queengost,"RT @sandyaschneider: WTF... Ted Cruz came in 3rd in South Carolina... But now he stole the delegates, meaning your vote does not count #Truâ€¦"
cddesignerr,RT @NadelParis: Finger waggin' PinocchioCommunist needs2go #ImWithHer #millennialsforhillary #NewYorkPrimary https://t.co/6lveV70TZ3 https:â€¦
Kendra_9,RT @ChamoyChulo: #MakeAmericaGreatAgain #ImWithHer https://t.co/6vZdAokyE9
MMaria03146111,"RT @LindaSuhler: ğŸ’¥RALLY TODAY!
ğŸ‰Donald Trump Rochester NYğŸ‰
âœ”ï¸ VOTE #Trump2016 #NY
3 PM EDT
#NYPrimary
#NYValues
#TrumpTrainğŸš‚ğŸ‡ºğŸ‡¸ğŸ‡ºğŸ‡¸
https://t.â€¦"
Patta47cake,RT @FloridaforHRC: Liberal &amp; Think @HillaryClinton Is Corrupt-You Are Rewarding 25 Yrs of GOP Smears #ImWithHer https://t.co/roANEsGp3K httâ€¦
PRO_Backlinks,#SEO #Blogging- How to Make Money #Blogging- 5 Bestâ€¦ https://t.co/jcj810ayhG @vinaivil #Blogspot #topbest @vinaivil https://t.co/Ge45urPOjo
sactraffic,"Wrong Way Driver: I5 N at Hood Franklin Rd, Elk Grove"
QuieroUSA,RT @sunbeltgirl: MT @LynnMarki: CRUZ'S Economic Reforms will Jumpstart the US Economy! https://t.co/3kJZdiHr84 #CruzCrew #PJNET
teramaso,https://t.co/CROIT8eMJY 8-Bit Fight Club - Fight Club retold via 8-bit.
Ronrbone,RT @gerfingerpoken: Nobody's Stealing the Election from #NeverTrump - American Thinker -  https://t.co/bC9OwCSctz   https://t.co/PJm7hGCwqLâ€¦
HuertaPaulo7,@KyleeMagiera i know youre tired baby ğŸ˜˜ğŸ˜œ
ms1brinker,"RT @BikinInMaine: MT @ChuckNellis: Serious times require a serious candidate, #TedCruz. #SCPrimary https://t.co/VeL20CKOcA #CruzCrew #PJNET"
dust52moor,RT @johngaltfla: So What's The Base Price For a Fox News Lackey? | RedState https://t.co/txVyXlQ1hn #FauxNews #NeverTrump #CruzCrew
Adsnity,#SEO #Blogging- How to Make Money #Blogging- 5 Best Ways to Earn fromâ€¦ https://t.co/LXDlMOsl5K @vinaivil #Blogspot https://t.co/uCPscorlp5
debadoo444,"RT @realJasonTor: The Trump Train continues to roll on!
#TrumpTrain #Trump2016 #MakeAmericaGreatAgain https://t.co/YtrEpXl2Db"
VinAivil,#SEO #Blogging- How to Make Money #Blogging- 5 Best Ways toâ€¦ https://t.co/eSQFlWlEKr @vinaivil #Blogspot #weblogs https://t.co/pL7vUBVajy
Jpabooj15,"Off they go âœˆï¸
Praying my parents have an amazing trip &amp; come home safely ğŸ™ğŸ¼ğŸ’›"
diamactive2001,RT @bing_lbing: #OnlyTrump @realDonaldTrump #MakeAmericaGreatAgain #TrumpTrain ğŸ‡ºğŸ‡¸ğŸ‡ºğŸ‡¸ğŸ‡ºğŸ‡¸ğŸš‚ğŸ’¨ğŸ’¨ğŸ’¨ğŸ‡ºğŸ‡¸ğŸ‡ºğŸ‡¸ğŸ‡ºğŸ‡¸ https://t.co/n1gnzRiKhL
Jackie999666111,RT @ggeett37aaa: MT @TexasSheBandit: #ChooseCruz because HE will never bargain away your rights! #TrusTed https://t.co/23123HCcDV #CruzCrewâ€¦
dcsharp11,RT @TrumpNewMedia: @realDonaldTrump Cannot #TRUST politicians 'Only #DonaldTrump can &amp; will #MakeAmericaGreatAgain for all Americans'! httpâ€¦
ApolloTrump,@TimBrafford #GodBlessYou #MakeAmericaGreatAgain
bernorjill,#Bernie2016 #NotMeUs #FeelTheBern #BernieStrong  https://t.co/UxiXh8CZXT
wadsnends,RT @NadelParis: Finger waggin' PinocchioCommunist needs2go #ImWithHer #millennialsforhillary #NewYorkPrimary https://t.co/6lveV70TZ3 https:â€¦
tench2_ge,That should be only the first step. https://t.co/vTSoIjhpOz
mojogidget,RT @sunbeltgirl: MT @CountingOnCruz: 'I will not be neutral. America will stand UNAPOLOGETICALLY with Israel!' https://t.co/gbE6Pfihi3 #Cruâ€¦
allman1100,#PanamaPapers Reveal #Clintonâ€™s #Kremlin Connection | Observer #neverhillary #whichhillary #HillNo #imwithher #Putin https://t.co/3iAyDdBHvF
DNosegotten,#FeelTheBern #BernieInPhilly #BernieInTheBronx #ImWithHer #NYPrimary #HillarySoQualified #HillaryResearch #bernout https://t.co/hSnAkBixb8
allman1100,#PanamaPapers Reveal #Clintonâ€™s #Kremlin Connection | Observer #neverhillary #whichhillary #HillNo #imwithher #Putin https://t.co/mhNfslE5p5
Southappie,"RT @realDonaldTrump: ""@jlopez05391: @realDonaldTrump Rochester loves you! See you tomorrow! #MakeAmericaGreatAgain #Trump2016 #TrumpTrain""â€¦"
Wilomoc,"RT @LindaSuhler: ğŸ’¥RALLY TOMORROW
ğŸ‰Donald Trump Albany NYğŸ‰
âœ”ï¸ VOTE #Trump2016 #NY
7 PM EDT 4/11
#NYValues
#NYPrimary
#TrumpTrainğŸš‚ğŸ‡ºğŸ‡¸ğŸ‡ºğŸ‡¸
https:â€¦"
_CallMeBigCyddu,RT @NadelParis: Finger waggin' PinocchioCommunist needs2go #ImWithHer #millennialsforhillary #NewYorkPrimary https://t.co/6lveV70TZ3 https:â€¦
FranklinMan25,RT @DataGenesis: MT @JosephEach: @tedcruz has done exactly what he said he would do. Even when he stood alone. https://t.co/3xwqbeduSD #Cruâ€¦
Hamolena,https://t.co/Uhzyau8UhZ
americandream09,MAYBE #GOP should SUPPORT #TRUMP  ONLY CANDIDATE with CROWDS like this!  @realDonaldTrump @EricTrump @DonaldJTrumpJr https://t.co/to1g8wQRTX
QuieroUSA,RT @CruzinAhead: Freinds don't let friends vote for a con artist!!! Do your part &amp; convince a friend!!! #NeverTrump #ChooseCruz https://t.câ€¦
Rollgzdaw,RT @NadelParis: Finger waggin' PinocchioCommunist needs2go #ImWithHer #millennialsforhillary #NewYorkPrimary https://t.co/6lveV70TZ3 https:â€¦
pms5699,RT @bloodless_coup: Trump's delegate operation is the https://t.co/aQRNURXzEu of the 2016 campaign. Utterly botched &amp; boss blames everyoneâ€¦
hillx123,@realDonaldTrump @agentvf @Q102Philly Standing Strong and Proud with #DonaldTrump #MakeAmericaGreatAgain FlyTheFlag!! #AlwaysTrump
jacksfreetime10,"RT @trump_world: ""TONIGHT - @realDonaldTrump talks to @JudgeJeanine on ""Justice."" @realDonaldTrump #MakeAmericaGreatAgain  https://t.co/Twkâ€¦"
mrserica09,#ImWithHer #Hillary2016 https://t.co/yughA4ZgE2
ladydshops,"RT @sandyaschneider: WTF... Ted Cruz came in 3rd in South Carolina... But now he stole the delegates, meaning your vote does not count #Truâ€¦"
Wilomoc,"RT @LindaSuhler: ğŸ’¥RALLY TODAY!
ğŸ‰Donald Trump Rochester NYğŸ‰
âœ”ï¸ VOTE #Trump2016 #NY
3 PM EDT
#NYPrimary
#NYValues
#TrumpTrainğŸš‚ğŸ‡ºğŸ‡¸ğŸ‡ºğŸ‡¸
https://t.â€¦"
addictionguy,#Cruz2016 #CruzCrew #Trump #TrumpTrain #PJNET #LibCrib https://t.co/mNqcRZJKnb
deanopat1,RT @joshgremillion: He is doing this because he loves his country and the American people!#MakeAmericaGreatAgain #CannotBeBought #Trump httâ€¦
GQue242,RT @KeepHuynhing: Upset in Wyoming! 7-7 split if results hold. @BernieSanders was expected to win big! #delegates #ImWithHer  https://t.co/â€¦
MMaria03146111,"RT @LindaSuhler: ğŸ’¥RALLY TOMORROW
ğŸ‰Donald Trump Albany NYğŸ‰
âœ”ï¸ VOTE #Trump2016 #NY
7 PM EDT 4/11
#NYValues
#NYPrimary
#TrumpTrainğŸš‚ğŸ‡ºğŸ‡¸ğŸ‡ºğŸ‡¸
https:â€¦"
bloodless_coup,@realDonaldTrump @agentvf @Q102Philly You'll pay his legal fees right big guy? https://t.co/1T8ZG3Ao0r #CruzCrew #MakeAmericaGreatAgain
oYurFavoriteKay,RT @NadelParis: Finger waggin' PinocchioCommunist needs2go #ImWithHer #millennialsforhillary #NewYorkPrimary https://t.co/6lveV70TZ3 https:â€¦
telvia_hurtado,RT @dbrin62: Cruz Sweeps Colorado as Trump Campaign Issues Error-Filled Ballots #CruzCrew #Election2016  https://t.co/JnVscH0aZL via @nbcneâ€¦
AnthonyBlunden,RT @hillx123: Standing Strong and Proud with #DonaldTrump #MakeAmericaGreatAgain FlyTheFlag!! https://t.co/9LuvPLKqdE
dowd_lauren,"RT @Libertea2012: MT Prediction: #BernieSanders will be our 45th President Stats from top predictive primaries, KS &amp;;â€¦ #BernieStrong https:â€¦"
Campaign_Trump,"""TONIGHT - @realDonaldTrump talks to @JudgeJeanine on ""Justice."" @realDonaldTrump #MakeAmericaGreatAgain https://t.co/AR68WBRnjk"
ponytaila1a,"RT @Don_Vito_08: ğŸ˜WE LOVE THE #TrumpTrain #Vote ğŸ˜
Stand StrongğŸ’ªğŸ¾ and Together ğŸ‘«
We got this!! ğŸ‘Š #NewYorkValues #NYPrimary #NeverCruz https:â€¦"
jamesanthoy8n3,RT @NadelParis: Finger waggin' PinocchioCommunist needs2go #ImWithHer #millennialsforhillary #NewYorkPrimary https://t.co/6lveV70TZ3 https:â€¦
GiGiJanet1,RT @realCalvinHobbs: Governor Ralph Torres NMI R Endorses Donald Trump for President #CA https://t.co/vXCEyW9z0L #NeverCruz #TrumpTrain httâ€¦
CBockino,RT @Campaign_Trump: Percentage of remaining delegates necessary to secure the nomination. #Trump2016 #TrumpTrain #MAGA https://t.co/OFfxA82â€¦
Kareniarants,"No joke.
Don't let people be ignorant on your watch.
#StopStupidPeople https://t.co/uj5nRnh4K3"
64braintree,RT @veganvecoh: Actor Lou Ferrigno Endorses Donald Trump for President. VOTE #Trump2016 #TrumpTrain #MakeAmericaGreatAgain https://t.co/QA8â€¦
QuieroUSA,RT @sunbeltgirl: MT @CountingOnCruz: 'I will not be neutral. America will stand UNAPOLOGETICALLY with Israel!' https://t.co/gbE6Pfihi3 #Cruâ€¦
NicholeBlack,RT @Libertea2012: RT: Apollo theater Harlem aspettando Bernie Sanders #primaries2016 https://t.co/4TqBNMdJ9H: Apolloâ€¦ #BernieStrong https:/â€¦
deanopat1,"RT @LindaSuhler: Donald Trump will be a STRONG President!

#WomenForTrump

#Trump2016
#NYPrimary
#PAPrimary
#MakeAmericaGreatAgain
 https:/â€¦"
Red4Liberty,"Trump campaign in chaos. Cruz campaign thoughtful, methodical, &amp; WINNING! #ChooseCruz ğŸ‡ºğŸ‡¸ğŸ˜ƒğŸ‡ºğŸ‡¸https://t.co/GRmYMRcYuD"
Sherhimon,https://t.co/FH8hn0rTKa
KoyalWholesael,RT @NadelParis: Finger waggin' PinocchioCommunist needs2go #ImWithHer #millennialsforhillary #NewYorkPrimary https://t.co/6lveV70TZ3 https:â€¦
AFreespeechzone,"RT @Unleas1Politics: #NeverCruz Say no to ultra conservatism! #NeverCruz #VoteTrump 

 https://t.co/STF6NrB8dB"
lndlvry,RT @WayneDupreeShow: Boston Globe smears GOP front-runner Donald Trump with fake Sunday front-page headline https://t.co/AYgT1aLpMo #TrumpTâ€¦
Jenonibo,https://t.co/KnjPNpmRdZ
run13marathons,"@actlightning Love Mexico, especially Ixtapa!!!  #VoteBernie"
autobody65,"RT @realDonaldTrump: ""@governor_savage: @realDonaldTrump is the only person who can save us from this corrupt political mess. #MakeAmericaGâ€¦"
Bart_39,MT @CliffWilkin: CRUZ committed to smaller government. https://t.co/bBq2YpTHlw #CruzCrew #PJNET
tonguepiercer,RT @keksec__org: @realDonaldTrump It's very clear that they love you very much. #MakeAmericaGreatAgain
jcazen57s54,"RT @Libertea2012: RT: Clinton celebrates a strong WY showing tonight, She and Sanders are tied for Pledged Delegates.â€¦ #BernieStrong https:â€¦"
Angelinuuh_,Ashlyn:he's mad cause his cousin got a small dickğŸ˜‚ğŸ˜‚ğŸ˜‚ğŸ˜‚ğŸ˜‚ğŸ˜­ğŸ˜­ğŸ˜­ğŸ˜­ fuuuuhhhh I'm too weak
friendliauto,RT @NadelParis: Finger waggin' PinocchioCommunist needs2go #ImWithHer #millennialsforhillary #NewYorkPrimary https://t.co/6lveV70TZ3 https:â€¦
Kinect56,"RT @LindaSuhler: ğŸ’¥RALLY TODAY!
ğŸ‰Donald Trump Rochester NYğŸ‰
âœ”ï¸ VOTE #Trump2016 #NY
3 PM EDT
#NYPrimary
#NYValues
#TrumpTrainğŸš‚ğŸ‡ºğŸ‡¸ğŸ‡ºğŸ‡¸
https://t.â€¦"
Bob00Smith,@realDonaldTrump @AnnCoulter #MakeAmericaGreatAgain #Trump2016 #tcot #Trump @RogerJStoneJr #TrumpTrain https://t.co/vlz8F7Coru
2016twg,#Trump2016 #US #MakeAmericaGreatAgain #MakeAmericaWhiteAgain https://t.co/SQC8X5d3Xg
sunbeltgirl,MT @TeriGRight: Americans DESERVE One-on-One Debate in a 2 Man Race! DEMAND IT! https://t.co/mgWeR5CqMn #CruzCrew #PJNET
Final_Rule,"RT @LindaSuhler: ğŸ’¥RALLY TOMORROW
ğŸ‰Donald Trump Albany NYğŸ‰
âœ”ï¸ VOTE #Trump2016 #NY
7 PM EDT 4/11
#NYValues
#NYPrimary
#TrumpTrainğŸš‚ğŸ‡ºğŸ‡¸ğŸ‡ºğŸ‡¸
https:â€¦"
nativekittens,#NeverTrump #NewYorkPrimary #PennsylvaniaPrimary #ConneticutPrimary #ChooseCruz #MarylandPrimary https://t.co/EStGf13qCG
CrystalColl1ire,RT @NadelParis: Finger waggin' PinocchioCommunist needs2go #ImWithHer #millennialsforhillary #NewYorkPrimary https://t.co/6lveV70TZ3 https:â€¦
BeardOfTheBard,"RT @WeNeedHillary: New York Democratic Polls 2016: Clintonâ€™s Lead Grows https://t.co/SN8fQXHUhf
#ShesWithUs #ImWithHer #TNTweeters #p2 httpâ€¦"
Kinect56,"RT @LindaSuhler: ğŸ’¥RALLY TOMORROW
ğŸ‰Donald Trump Albany NYğŸ‰
âœ”ï¸ VOTE #Trump2016 #NY
7 PM EDT 4/11
#NYValues
#NYPrimary
#TrumpTrainğŸš‚ğŸ‡ºğŸ‡¸ğŸ‡ºğŸ‡¸
https:â€¦"
Gunnyed,"RT @TheGOPReport: The whole GOP would have looked golden if they said ""Trump can help clean the mess in Washington"" from the beginning httpâ€¦"
JodoResort,"RT @trump_world: ""TONIGHT - @realDonaldTrump talks to @JudgeJeanine on ""Justice."" @realDonaldTrump #MakeAmericaGreatAgain  https://t.co/Twkâ€¦"
DennisAlanGray2,"RT @jan_claine: Wake Up America!
#NYPrimary #CTPrimary #DEprimary #MDPrimary #PAprimary #RIPrimary #CAPrimary #BurnTheGOP #INPrimary https:â€¦"
Final_Rule,"RT @LindaSuhler: ğŸ’¥RALLY TODAY!
ğŸ‰Donald Trump Rochester NYğŸ‰
âœ”ï¸ VOTE #Trump2016 #NY
3 PM EDT
#NYPrimary
#NYValues
#TrumpTrainğŸš‚ğŸ‡ºğŸ‡¸ğŸ‡ºğŸ‡¸
https://t.â€¦"
GerR7Ra,RT @NadelParis: Finger waggin' PinocchioCommunist needs2go #ImWithHer #millennialsforhillary #NewYorkPrimary https://t.co/6lveV70TZ3 https:â€¦
Wilomoc,"RT @trump_world: ""TONIGHT - @realDonaldTrump talks to @JudgeJeanine on ""Justice."" @realDonaldTrump #MakeAmericaGreatAgain  https://t.co/Twkâ€¦"
rmandetroit,"RT @BikinInMaine: MT @peddoc63: Everything the government GIVES to you, it must first TAKE from you! https://t.co/sJyLcc1nZx #CruzCrew #PJNâ€¦"
AnnMacNaughton,RT @ic1foru: #ImWithHer  https://t.co/D2w6MZOa9c
gurevat,https://t.co/unNnpwDLpP
jhm001,"RT @Socialist_Times: Hacker #Guccifer is About to Take Down Hillary Clinton https://t.co/lyjbA39FuJ

#FeeltheBern #Bernie2016 #ImWithHer htâ€¦"
pmicc33,"RT @realDonaldTrump: ""@jlopez05391: @realDonaldTrump Rochester loves you! See you tomorrow! #MakeAmericaGreatAgain #Trump2016 #TrumpTrain""â€¦"
mojogidget,RT @FrankDCamp: Conservative Tomi Lahren Hits Bronx HARD for Not Welcoming Ted Cruz https://t.co/SBnTWYvyPu #tcot #CruzCrew #TedCruz #Boom
TAlexismoore,Let's start a #DUMPGOP trend! https://t.co/wxih5MqhNI
ghosthunter58,RT @mch7576: RT @vooda1:  The NRA is POWERFUL. #Vote4Hillary the ONLY candidate that will stand up to them! #GunSense #ImWithHer  https://tâ€¦
treschic1,"RT @Campaign_Trump: ""TONIGHT - @realDonaldTrump talks to @JudgeJeanine on ""Justice."" @realDonaldTrump #MakeAmericaGreatAgain https://t.co/Aâ€¦"
zendayagotassgw,RT @NadelParis: Finger waggin' PinocchioCommunist needs2go #ImWithHer #millennialsforhillary #NewYorkPrimary https://t.co/6lveV70TZ3 https:â€¦
CliffWilkin,"MT @CliffWilkin: In order to restore America's safety and security, we must rebuild our military. https://t.co/oRY6nqQFbt #CruzCrew #PJNET"
mgd2278,"RT @trump_world: ""TONIGHT - @realDonaldTrump talks to @JudgeJeanine on ""Justice."" @realDonaldTrump #MakeAmericaGreatAgain  https://t.co/Twkâ€¦"
DrCongress,"Dear #Congress, either do you're Job or you're https://t.co/EVOGY5Mkw4  https://t.co/DYMwiOKmlB"
fayingegneri,"RT @Campaign_Trump: ""TONIGHT - @realDonaldTrump talks to @JudgeJeanine on ""Justice."" @realDonaldTrump #MakeAmericaGreatAgain https://t.co/Aâ€¦"
n8s_awesome,"RT @realDonaldTrump: ""@governor_savage: @realDonaldTrump is the only person who can save us from this corrupt political mess. #MakeAmericaGâ€¦"
Davidboro21Dave,Conservatives are uniting around @tedcruz! Join us and #ChooseCruz in New York! Commit here: https://t.co/LEKFJeVjfr
TmontDk,RT @Kotcha301: They're  in on it together. The smoke and screen show may work on the rank and file GOP but not US. #VoteTrump https://t.co/â€¦
kjoerwin,"RT @IrisL49: Used to think Sanders=Trump Lite, now know nothing lite about him. #ImWithHer https://t.co/Iey9elrSfV"
rmandetroit,RT @TNople: MT @DanMartin_cards: There's Only One RIGHT Choice For POTUS VOTE #TEDCRUZ. #ChooseCruz https://t.co/kxUs3Bwiid #CruzCrew #PJNEâ€¦
CodysdadEd,"JUDGE JEANINE WAS TERRIFIC,FAIR,HONEST,HARD HITTING,""LOVE"" HER! BRET REPEATED ALL OF THE MISSTEPS,GRR #NY #VOTETRUMP https://t.co/Fkhxfwv7p9"
TrumpInfoMin,RT @bloodless_coup: @realDonaldTrump @agentvf @Q102Philly You'll pay his legal fees right big guy? https://t.co/1T8ZG3Ao0r #CruzCrew #MakeAâ€¦
DrCongress,"Dear #Congress, either do you're Job or you're https://t.co/EVOGY5Mkw4  https://t.co/R2EqPQYmZq"
tgradous,"RT @DarleneHBrook: .@newzealblog Donald Trump's HUGE admiration for Globalists https://t.co/k1htaB6NH1 https://t.co/Oxg8v2ljCj
#NYPrimary #â€¦"
JohnSwingilsh,RT @NadelParis: Finger waggin' PinocchioCommunist needs2go #ImWithHer #millennialsforhillary #NewYorkPrimary https://t.co/6lveV70TZ3 https:â€¦
YaleCGGE,RT @NadelParis: Finger waggin' PinocchioCommunist needs2go #ImWithHer #millennialsforhillary #NewYorkPrimary https://t.co/6lveV70TZ3 https:â€¦
LynnWoodcock2,"RT @WayneDupreeShow: Caller 2 - The media is trying to brainwashing each of us

#AlwaysTrump #TrumpTrain #MakeAmericaGreatAgain

https://t.â€¦"
DavidDu98893428,"RT @realDonaldTrump: ""@jlopez05391: @realDonaldTrump Rochester loves you! See you tomorrow! #MakeAmericaGreatAgain #Trump2016 #TrumpTrain""â€¦"
mitrimm,RT @DavidFWhitten67: I know I've built a #BridgeToBernie with a few friends who started out saying #ImWithHer and who now #FeelTheBern. Theâ€¦
jacksfreetime10,"RT @YourPotus: #GOP * Trump Team Thanks a Vet !

#GOPcampaign #AlwaysTrump #TrumpArmy #TrumpTeam #TrumTrain #Trump2016 #YourPotus https://tâ€¦"
gusilemo,https://t.co/Bk1EmJ1dgQ
DrCongress,"Dear #Congress, either do you're Job or you're https://t.co/EVOGY5Mkw4  https://t.co/Mj71W6DIVt"
chrisrobert1s00,RT @NadelParis: Finger waggin' PinocchioCommunist needs2go #ImWithHer #millennialsforhillary #NewYorkPrimary https://t.co/6lveV70TZ3 https:â€¦
QuieroUSA,RT @CruzinAhead: Follow the light to Freedom!!! Follow us to Freedom with @TedCruz: https://t.co/MeyX4TacSh. #CruzCrew #PJNET https://t.co/â€¦
QueenBee45Pres,#nevertrump #nevercruz #ImWithHer @KarlRove @marklevinshow will be explaining when election is over how his pary still won again in 2016
K4Trump_,"RT @LindaSuhler: ğŸ’¥RALLY TODAY!
ğŸ‰Donald Trump Rochester NYğŸ‰
âœ”ï¸ VOTE #Trump2016 #NY
3 PM EDT
#NYPrimary
#NYValues
#TrumpTrainğŸš‚ğŸ‡ºğŸ‡¸ğŸ‡ºğŸ‡¸
https://t.â€¦"
TarbyRocks,"I want a shirt with a screencap of that one yahoo answers thing where the dude asks ""does spider have pusspuss"" printed on it"
bcwilliams92,"RT @tgradous: #Cruz Gains Majority of Delegates at Colorado Convention: 'In 10 Elections, We've Beaten @realDonaldTrump
#CruzCrew  https://â€¦"
DrCongress,"Dear #Congress, either do you're Job or you're https://t.co/EVOGY5Mkw4  https://t.co/xAgT1PIC7b"
RobBenter,Yes. Preach!  #preeeeech #NotMeUs  https://t.co/ix2n1Fzg3p
BeardOfTheBard,"RT @WeNeedHillary: The New York Times endorsed Hillary Clinton. She's qualified. https://t.co/TYSJKqaLaT
#ShesWithUs #ImWithHer https://t.câ€¦"
theperfectRu,RT @ChamoyChulo: #MakeAmericaGreatAgain #ImWithHer https://t.co/6vZdAokyE9
QuieroUSA,RT @vmpcott: #TedCruz : I will always tell the truth and do what I said I would do https://t.co/S4OVHTa23t via @YouTube  #CruzCrew #Cruz201â€¦
DrCongress,"Dear #Congress, either do you're Job or you're https://t.co/EVOGY5Mkw4  https://t.co/d07hgN9f6I"
Libertea2012,"RT: Volunteering, Activism is passed down frm generation to generation. #FeelTheBern @Latinos4Bernieâ€¦ #BernieStrong https://t.co/LpJBleLDRo"
