the_intricate1_,RT @NadelParis: Finger waggin' PinocchioCommunist needs2go #ImWithHer #millennialsforhillary #NewYorkPrimary https://t.co/6lveV70TZ3 https:‚Ä¶
annie5133,RT @DPRINCECFRN: New York Democratic Polls 2016: Clinton‚Äôs Lead Grows ‚Äì https://t.co/0nEutxguXB #justsaying #ImWithHer  https://t.co/4KNAQa‚Ä¶
rod_burket,Trump @ 42% and climbing  Up in CA PA NJ De MD #AmericaFirst #MAGA #MakeAmericaGreatAgain @LouDobbs @seanhannity https://t.co/w2gkx8jbE0
Joy105com,There's a process to reaping your harvest!@HOHATL @edeweysmith https://t.co/MDp3maGUR6
rod_burket,Trump @ 42% and climbing  Up in CA PA NJ De MD #AmericaFirst #MAGA #MakeAmericaGreatAgain @LouDobbs @seanhannity https://t.co/d042XYKQOh
Sydpai,"Misty fucking wakes me up and says ""let's go get breakfast"" and then goes to sleep. I'm so mad right now."
subliminal_cat,RT @Libertea2012: MT . Harry Belafonte endorses Bernie. 'Now is the time': . Harry Belafonte‚Ä¶ https://t.co/dThaVrbu98 #BernieStrong https:/‚Ä¶
lovepeoplejo,"RT @fawfulfan: No, Bernie Sanders was not right about the Panama free trade agreement. Hillary Clinton was. #ImWithHer https://t.co/WSDmS23‚Ä¶"
sarahjminer,@tuOtraeHruoYtaE we're so opposite. #lowkeyannoyed
The_Break_Room_,Just posted a photo @ Huntersville Area https://t.co/CvJY8tZCBh
a_strata,RT @TimBartender: HRC supporters brag about results from a rigged election. Then they wonder why I'm #BernieorBust #FeelTheBern https://t.c‚Ä¶
DunningRandall,RT @CC4Ted: Led fight of 31 states &amp; won 4 our 2A #NeverTrump bought pols 4 favors #ChooseCruz #PJNET #WIPrimary #NYPrimary https://t.co/9G‚Ä¶
jokr1822,"@progressivepush @thenation you'd have to get past the voices in his head telling him he's ""god's"" anointed prophet on earth and shud be Prz"
mandersonhare1,"RT @realDonaldTrump: ""@governor_savage: @realDonaldTrump is the only person who can save us from this corrupt political mess. #MakeAmericaG‚Ä¶"
clsamuels99,"""Every year Cruz has voted against the most important defense bill""  

#MakeAmericaGreatAgain 
#Womenfortrump https://t.co/fpoW6dH5iF"
dnahealthnut,#ImWithHer  https://t.co/q1Sqwh0TlV
TrumpNewMedia,@realDonaldTrump #America get out &amp; #VoteTrump because he is the only one who will work for the #American people! https://t.co/mZWjq6Tcfi
pmswolfy,"RT @LindaSuhler: üí•RALLY TOMORROW!
üéâDonald Trump Rochester NYüéâ
‚úîÔ∏è VOTE #Trump2016 
3 PM EDT
#NYPrimary
#NYValues
#TrumpTrainüöÇüá∫üá∏üá∫üá∏
https://t.‚Ä¶"
jason2006,"RT @LindaSuhler: üí•RALLY TODAY!
üéâDonald Trump Rochester NYüéâ
‚úîÔ∏è VOTE #Trump2016 #NY
3 PM EDT
#NYPrimary
#NYValues
#TrumpTrainüöÇüá∫üá∏üá∫üá∏
https://t.‚Ä¶"
ashlynn4841,Happy birthday @yo_makbell I hope you have an amazing day‚ù§Ô∏è I love ya lotsüôÜüèª
1OKCupcake,@rapidcraft @tedcruz @JudgeJeanine #CruzCrew #ChooseCruz #Cruz2016 #NEVERtrump https://t.co/qjZQTAfser
BretMaverick777,"@ZodiacActivity @omfgcomplex friendly but shy, stubborn but easygoing,  weird but cool.

Yep. üëç
‚ôç#VirgoNation"
tinkerhell2,@AliquamBruchus @DavidCline they want to make bathrooms Unisex. I don't need to know if you are lgbt. Don't care. Keep it under your skirt.
CPH46,@Noah_Galloway  Why are you having to do  the media thing to promote American Grit I've already done it  I've told every body to watch LOL
TheMassesAwaken,RT @jman_jim: Its time to vote for a real #American for President not a #Democrat or #Republican #TrumpTrain
truckerbeast,RT @SpecialKMB1969: If you don't like the road you're on start paving another one / our system is broke #VOTETRUMP #1A üá∫üá∏ #NY #Penn4Trump #‚Ä¶
eliz_beth,"And on to DC. No celebrities yet. (@ Charlotte Douglas International Airport (CLT) - @cltairport in Charlotte, NC) https://t.co/2FypVO6g2c"
ALLTRUEMAN1,"So even tho the trash niggah was in the wrong, his ghetto mentality dictated he use a gun to solve all his self inflicted problems. Typical"
venky9999999,"RT @realDonaldTrump: ""@Genie115: #MakeAmericaGreatAgain we can only do that with @realDonaldTrump RT https://t.co/RViAgxoa4t"""
jrwade1955,"RT @WayneDupreeShow: Trump has fun with TIME ""Man Of The Year"" retweet; Haters unite once again! https://t.co/aZTnp7qxYK #AlwaysTrump #Trum‚Ä¶"
LJR1106,"RT @TrumpNewMedia: @realDonaldTrump NOTHING WILL CHANGE WITHOUT #TRUMP &amp; THAT IS A FACT #RISEUPAMERICA &amp; #VOTETRUMP
#VoteTrump
#tcot https:‚Ä¶"
qEuusProjecst,RT @NadelParis: Finger waggin' PinocchioCommunist needs2go #ImWithHer #millennialsforhillary #NewYorkPrimary https://t.co/6lveV70TZ3 https:‚Ä¶
soniaerasmus,"RT @InnerDonald: ADD ME TO YOUR EFFORT, CARMINE
#Trump2016 #NYPrimary @FoxNews
#ALWAYSTRUMP #MAGA #DTNews
#TRUMPTRAIN #TRUMP @REINCE https:‚Ä¶"
Mac_Pricadrh,RT @NadelParis: Finger waggin' PinocchioCommunist needs2go #ImWithHer #millennialsforhillary #NewYorkPrimary https://t.co/6lveV70TZ3 https:‚Ä¶
melbahnikz777,RT @NadelParis: Finger waggin' PinocchioCommunist needs2go #ImWithHer #millennialsforhillary #NewYorkPrimary https://t.co/6lveV70TZ3 https:‚Ä¶
SmtStrgWmnTrump,RT @EricTrump: #CharlieDog wants to #MakeAmericaGreatAgain #TrumpPets #TrumpDog https://t.co/BjcAXlR91H
todoogdd,RT @NadelParis: Finger waggin' PinocchioCommunist needs2go #ImWithHer #millennialsforhillary #NewYorkPrimary https://t.co/6lveV70TZ3 https:‚Ä¶
thedumbrunette_,Too bad you're a whore
tmj_in_retail,"If you're a #Retail professional in IN, check out this #job: https://t.co/Ky8wwDnFk4 #Veterans #Hiring #CareerArc"
just_JohnnyS,RT @Libertea2012: RT: New York you've shown us so much love! Keeping being you and get out the‚Ä¶ https://t.co/rhWuKSWXJc #BernieStrong https‚Ä¶
LiveFreedomOrDi,RT @Trumplersux1: #NYPrimary #NewYorkValues #NewYorkPrimary #NeverTrump #DumpTrump #CruzCrew  https://t.co/qkWPRNHy84
LukeBradshaw20,Needing to get up versus wanting to get up are two separate things
duncanbsc,Very proud of @csscruickshank for winning Royal Cape GC club champs again. Second Sunday in April not a bad day to win a tournament.
RNcat50,"RT @amrightnow: ""My Wall"" Make Video #1 (Trump About You) https://t.co/j58e8aacrE #MakeAmericaGreatAgain #tcot https://t.co/Vk42HCl7oR"
bloodless_coup,@Sanjay25_ @rtoberl https://t.co/1T8ZG3Ao0r
roseserao,RT @kits54: #CruzSweep #ChooseCruz #NeverTrump  https://t.co/ypGi22GIS4
Patta47cake,"RT @oregondemocrat: Check it out, New Yorkers! https://t.co/TqjdpnHp54"
OGmage,RT @OnlyHotyP: #Trump2016 Politico: Donald Trump Is The ‚ÄòAmerican Silvio Berlusconi‚Äô https://t.co/ipnCGV2xRj #TrumpTrain https://t.co/7Jrwy‚Ä¶
SaraiiLee,AHHHHHHHüòªüéàmy baby is so adorableeeee like damn mi  https://t.co/IxffY5ZvGE
Koltin_Greeen,RT @NadelParis: Finger waggin' PinocchioCommunist needs2go #ImWithHer #millennialsforhillary #NewYorkPrimary https://t.co/6lveV70TZ3 https:‚Ä¶
peachesgirli23,RT @dixiefortrump: Lets #MakeAmericaGreatAgain üìû‚òéÔ∏è #NY4Trump #TrumpTrain #IN4Trump #MD4Trump #CA4Trump #Trump2016 ANY STATE CAN CALL! https‚Ä¶
luvnmygirl,@MullingarSmile @EstelleMaskame @mendesftswtc awe
jrwade1955,RT @EricTrump: #CharlieDog wants to #MakeAmericaGreatAgain #TrumpPets #TrumpDog https://t.co/BjcAXlR91H
CherylBesser,"#ChooseCruz
#TeamHeidi
#DropOutKasich
#NeverTrump
#DropOutTrump
#NYPrimary
https://t.co/PnQFRLgbDc"
helenmag,"RT @NevilleLouann: When it comes to civil rights advocacy all I've seen is a recycled 50 yr. old photo. 
#WhereHaveYouBeenBernie? https://t‚Ä¶"
CherylBesser,"#ChooseCruz
#TeamHeidi
#DropOutKasich
#NeverTrump
#DropOutTrump
#NYPrimary
https://t.co/fZMDCOtmuC"
JohnnyDs_SC,Our youth sizes are now available for purchase... Thank you for the support üíô #weareawareatjds‚Ä¶ https://t.co/nmshCtXk4r
birdiemom307,"RT @realDonaldTrump: ""@governor_savage: @realDonaldTrump is the only person who can save us from this corrupt political mess. #MakeAmericaG‚Ä¶"
ranchdancer,RT @BikinInMaine: MT @Saint_Obama: Ted Cruz has the best plan. #UniteWithCruz #tcot https://t.co/Tf8hEltmVD #CruzCrew #PJNET
missykenkel2,"RT @MercuryOneOC: Hey @GeraldoRivera - This is what @tedcruz meant by ""New York"" values. You're being dishonest! #CruzCrew #NeverTrump
http‚Ä¶"
Mike_USPatriot,RT @LuvRedWhiteBlue: #nevertrump #ChooseCruz #UniteWithCruz #CruzCrew üá∫üá∏üá∫üá∏ https://t.co/7tdaIXPKx0
AprilBeam1,My #AprilBeam #Amazon page with the list of my #books. https://t.co/gGD3INlPfB‚Ä¶ https://t.co/12v6eFfFo9
mlairBrantd,RT @NadelParis: Finger waggin' PinocchioCommunist needs2go #ImWithHer #millennialsforhillary #NewYorkPrimary https://t.co/6lveV70TZ3 https:‚Ä¶
Mariatweets3,RT @Chad_59: MT @andersonDrLJA: #IChooseCruz For Many Great Reasons. Here Are Only a Few! https://t.co/m6XsPAwcIk #CruzCrew #PJNET
SunniePCD,https://t.co/k2eedULTbY
12stepmama,@jarodallan PLEASE tell me you responded with a super sarcastic retort üòÇüòÇüòÇ
renokenopam,"RT @realDonaldTrump: ""@jlopez05391: @realDonaldTrump Rochester loves you! See you tomorrow! #MakeAmericaGreatAgain #Trump2016 #TrumpTrain""‚Ä¶"
noopdoggy,"ALL voters that have already voted 4 Trump,CHANGE YOUR VOTING STATUS 2 INDEPENDANT this week,OFFICIAL #RNC_DUMP RT! https://t.co/0bhyNRgXfj"
milinda_morris,"RT @Don_Vito_08: üòçWE LOVE THE #TrumpTrain #Vote üòç Stand Strongüí™üèæ and Together üë´
We got this!! üëä #NewYorkValues #NYPrimary #NeverCruz https:‚Ä¶"
hSandonFowler,RT @NadelParis: Finger waggin' PinocchioCommunist needs2go #ImWithHer #millennialsforhillary #NewYorkPrimary https://t.co/6lveV70TZ3 https:‚Ä¶
jpandoz,RT @HillaryPix: #ImWithHer #FeelTheBern #BernieSanders #HillaryClinton #NewYorkPrimary #BernieOrBust #Hillary2016 #NYPrimary https://t.co/R‚Ä¶
kleegrubaugh,RT @FCMarx68: And Trump helped to elect Cuomo. #DumpTrump  https://t.co/69Plcw6QVq
teamamerica2016,"RT @ConservaCyborg: Today's delegate total:

Cruz 39; Trump 2; Kasich 2; uncommitted 3.

#CruzCrew
#ChooseCruz
#UniteWithCruz
. https://t.c‚Ä¶"
clsamuels99,"#MakeAmericaGreatAgain 
#Trump2016 
#VoteforTrump 
#WomanforTrump 
#Women4Trump 
#Trump4President 
#Trumptrain 
 https://t.co/ph4GXnWS5y"
The_Break_Room_,Just posted a photo @ Huntersville Area https://t.co/cxiIMHn6ty
coke_usa,RT @DayJojo771980: #EndCyBernBullying #ImWithHer #DonateToHillary #HillarySoQualified #HillaryStrong #WyomingCaucus  #ReleaseTheReturns htt‚Ä¶
Candi151,"RT @fawfulfan: No, Bernie Sanders was not right about the Panama free trade agreement. Hillary Clinton was. #ImWithHer https://t.co/WSDmS23‚Ä¶"
thedumbrunette_,He's not what you expect lmao
FedUpPolitics,#FireSchultz #FeelTheBern #ImWithHer  Behind Wasserman Schultz's marijuana feud  https://t.co/n2LhBfx9ML
DanMartin_cards,RT @Able_49: MT @DanMartin_cards: There's Only One RIGHT Choice For POTUS VOTE #TEDCRUZ. #ChooseCruz https://t.co/sG1GZIJTrk #CruzCrew #PJN‚Ä¶
FrenchForTrump,"RT @realDonaldTrump: ""@governor_savage: @realDonaldTrump is the only person who can save us from this corrupt political mess. #MakeAmericaG‚Ä¶"
ChefLomonaoc,RT @NadelParis: Finger waggin' PinocchioCommunist needs2go #ImWithHer #millennialsforhillary #NewYorkPrimary https://t.co/6lveV70TZ3 https:‚Ä¶
F3Bono,@F3ENC T-Claps to @TimWiseman2 for earning the plank. It was a Beatdown this morning. https://t.co/g75tsrc3je
AlasandraATCAD,"RT @BritishBerner: #ImWithHer, and by her I mean @JaneOSanders, of course! #ImWithJane #JaneForFLOTUS #Bernie2016 
üíõüíôüíúüíö‚ù§ https://t.co/5rMhy‚Ä¶"
TNople,RT @Earl_59: MT @TeriGRight: Why does #TedCruz fight? This election is about the NEXT Generation! #TCOT https://t.co/Cf4iL7mMSn #CruzCrew #‚Ä¶
aliyah_russell,There are so many things I could thank you for last night but thank‚Ä¶ https://t.co/YGS9U9CT7D
pjroberts1,22 years of love and fun#time for a new kitchen#missing Dad's pancakes
__sherane,i wanna feel special. i wanna be important to someone.
DanMartin_cards,RT @AmberForAmerica: MT @DanMartin_cards: There's Only One RIGHT Choice For POTUS VOTE #TEDCRUZ. #ChooseCruz https://t.co/FT81yZTLIf #CruzC‚Ä¶
stevealmeida88,@TroyBayer u should get buckner so they csll ur dline jets like
T_FisherKing,RT @DPRINCECFRN: New York Democratic Polls 2016: Clinton‚Äôs Lead Grows ‚Äì https://t.co/0nEutxguXB #justsaying #ImWithHer  https://t.co/4KNAQa‚Ä¶
MercysFight,#NewYorkValues ----&gt; #NeverTrump  NO to #Trump2016 #MakeAmericagreatagain #MAGA by NOT voting Trump! https://t.co/cVI7s74bsv
AlasandraATCAD,"Retweeted Steve (@BritishBerner):

#ImWithHer, and by her I mean @JaneOSanders, of course! #ImWithJane... https://t.co/S5iu4MgVEP"
rthompson9135,RT @NadelParis: Finger waggin' PinocchioCommunist needs2go #ImWithHer #millennialsforhillary #NewYorkPrimary https://t.co/6lveV70TZ3 https:‚Ä¶
JayStylus,Will Smith shooting is just more proof we need to ban automobiles and retired NFL players #notonemore #guncontrol #gunviolence #NRA
nobamanoway,"Cruz has been getting hand fed by the eGOP.
Jeb, Mitt, Lindsay, Ryan
Who u kidding?
What Tea Party? That ship sailed https://t.co/Z3WxUAMccX"
MariaYes2trump,@Csinaco Welcome! #TrumpTrain #Trump2016 Together we can #MAGA
Nayasstn,RT @NadelParis: Finger waggin' PinocchioCommunist needs2go #ImWithHer #millennialsforhillary #NewYorkPrimary https://t.co/6lveV70TZ3 https:‚Ä¶
55andwhat,"RT @DPRINCECFRN: She's been with us, so #ImWithHer #NYPrimary #MadamPresident #salute  https://t.co/sgmKTSbyoH"
JetSetRFuture,"@FentyFanatic_ Ivy!! I ask of one favor check out le song for me AboUt - Single by Jet$et
https://t.co/HdwWiATTaT"
DanMartin_cards,RT @CliffWilkin: MT @DanMartin_cards: There's Only One RIGHT Choice For POTUS VOTE #TEDCRUZ. #ChooseCruz https://t.co/yEPqihvokf #CruzCrew‚Ä¶
Manni_syd,RT @KazmierskiR: @vivelafra @realDonaldTrump #WisconsinPrimary  #LoseCruz  #Trump2016  #TrumpTrain  #UnitedWeStand  #MakeItHappen  #MakeAme‚Ä¶
coke_usa,RT @DayJojo771980: #EndCyBernBullying #ImWithHer #DonateToHillary #HillarySoQualified #HillaryStrong #WyomingCaucus  #ReleaseTheReturns htt‚Ä¶
WoolardLynda,"RT @ScottBLG: *New York Values*
@ChuckNellis #CruzCrew #Cruz #tcot #pjnet #ChooseCruz @TedCruz @GlennBeck #NYPrimary #ccot https://t.co/MCG‚Ä¶"
kayanders89,Me and Kyle are like an old couple.
izeondesing,RT @NadelParis: Finger waggin' PinocchioCommunist needs2go #ImWithHer #millennialsforhillary #NewYorkPrimary https://t.co/6lveV70TZ3 https:‚Ä¶
BanditGolf,RT @LindaRoyer1: Good morning #Colorado!!! Thank you for making your state #CruzCountry. #CruzCrew
GrayHarrisburg,Hey @F3_Concord...thanks for the gift of @geo_lil82. We appreciate it. We'll take good care of him. #winning
jason2006,"RT @LindaSuhler: üí•RALLY TOMORROW
üéâDonald Trump Albany NYüéâ
‚úîÔ∏è VOTE #Trump2016 #NY
7 PM EDT 4/11
#NYValues
#NYPrimary
#TrumpTrainüöÇüá∫üá∏üá∫üá∏
https:‚Ä¶"
RockyTopSports1,...day 2 is off with a bang @wbhofinvitation #gatlinburg #basketball https://t.co/DatzNlAlMV
heardbarry,"RT @Europe4Sanders: Hi #ImWithHer -it's never too late to change your life- join the revolution! #BridgeToBernie https://t.co/v9fW9gtUJi
ht‚Ä¶"
55andwhat,RT @vooda1: ANOTHER HILLARY ENDORSEMENT #ImWithHer #Vote4Hillary #HillarySoQualified https://t.co/U4GjNdR1l5
_Key2hisHEART,I just wanna sleep !
OBEY_LOVELL_,@CJ_TooTurnt prolly around 1 or 2 b
DanMartin_cards,RT @LifeLibHappy: MT @DanMartin_cards: There's Only One RIGHT Choice For POTUS VOTE #TEDCRUZ. #ChooseCruz https://t.co/2eE9zcZ8Pz #CruzCrew‚Ä¶
avstiinn,Crazy ass night with my bros ..
kleegrubaugh,RT @CruzWin2016: #nyprimary #choosecruz #cruzcrew #nevertrump #unitewithcruz #dumptrump https://t.co/Q1EiXla8z0
azcreativecnade,RT @NadelParis: Finger waggin' PinocchioCommunist needs2go #ImWithHer #millennialsforhillary #NewYorkPrimary https://t.co/6lveV70TZ3 https:‚Ä¶
slipcases,#Bernbot with sock account tries to lecture Hillary Clinton. Forgets the irony. https://t.co/GkBfPtZ80J
karen_lamoure,"RT @TrumpNewMedia: @realDonaldTrump NOTHING WILL CHANGE WITHOUT #TRUMP &amp; THAT IS A FACT #RISEUPAMERICA &amp; #VOTETRUMP
#VoteTrump
#tcot https:‚Ä¶"
KonzieK2,RT @benfergusonshow: Fun morning talking presidential election w @TeamTedCruz @tedcruz at election HQ #cruzcrew #TEDCRUZ2016 https://t.co/H‚Ä¶
ronungerjr,RT @CliffWilkin: MT @FranklinMan25: Ted Cruz calls the enemy by name! and  will utterly destroy ISIS! https://t.co/NYZn5IH8Ls #CruzCrew #PJ‚Ä¶
DanMartin_cards,RT @sunbeltgirl: MT @DanMartin_cards: There's Only One RIGHT Choice For POTUS VOTE #TEDCRUZ. #ChooseCruz https://t.co/tcJzC43kMU #CruzCrew‚Ä¶
ajkefullre,RT @NadelParis: Finger waggin' PinocchioCommunist needs2go #ImWithHer #millennialsforhillary #NewYorkPrimary https://t.co/6lveV70TZ3 https:‚Ä¶
davlyn2032,"RT @starknightz: ""TONIGHT - @realDonaldTrump 
talks to @JudgeJeanine on ""Justice."" 
#Trump2016
#TrumpTrain https://t.co/JvwTceT2Oa"
PleaseFollowMe,"@SamsungMobile  #JosephStinziano,my #galaxys2 screen cracked as a result of removing it from the #bookcover, #customerservice says I'm lying"
realitycoach99,I can't listen to @tedcruz speak. He sounds like a little nerdy douchebag #MakeAmericaGreatAgain
JobsatVA,"Interested in a #Physician #job near #Fayetteville, NC? This could be a great fit: https://t.co/XDLCjoL95p #Hiring https://t.co/Rh5N35y0rC"
CruzWin2016,DT/Kasich team up? Still this Kasich's in to win? Still think he's a conservative? Wake up. #choosecruz #nevertrump https://t.co/iqRjE5NPHU
Probonafied,RT @NadelParis: Finger waggin' PinocchioCommunist needs2go #ImWithHer #millennialsforhillary #NewYorkPrimary https://t.co/6lveV70TZ3 https:‚Ä¶
rtoberl,"RT @Sanjay25_: Trump will win NY handedly. LyinTed is so despised here in NY he'll be lucky to comes close to 20% 
#CruzSexScandal https://‚Ä¶"
amrightnow,"""The Real Trump"" Make Video #1 (Trump About You) https://t.co/j58e8aacrE #MakeAmericaGreatAgain #1A https://t.co/uRtbYE9bYR"
Danno_a_Jyd,"How many republicans cheered for Obama @bowtrip76? We know you did... @CalMur2 @megancarpentier
#NeverTrump #LIAR
https://t.co/UDVt2eOccJ"
MariaYes2trump,@Rock4Trump Welcome! #TrumpTrain #Trump2016 Together we can #MAGA
smcgee2581,"I feel like that also , there taking away our rights to vote as we want üò§ https://t.co/3sQWcprYQe"
nknikik19,@TurnerPonce @sherylunderwood @2pathKnowledge Atl date?
male75081,"#NYPrimary #PA #DE #MD #roc
#trump flag broke rule same as sucker punch!
#nevertrump Lawlessness
#voteCruz Ordered https://t.co/sFXKbScbOr"
christie_crunk,@mackenna_marie praying for you üòÖ
FoxPatriotX,RT @Benelliot3: When is the school going to have an event so Christian students can share their faith &amp; convert the heathens?  #tcot https:‚Ä¶
smallstheGOAT,RIP Will Smithüòî
ruth_elissa,"RT @LindaSuhler: üí•RALLY TOMORROW
üéâDonald Trump Albany NYüéâ
‚úîÔ∏è VOTE #Trump2016 #NY
7 PM EDT 4/11
#NYValues
#NYPrimary
#TrumpTrainüöÇüá∫üá∏üá∫üá∏
https:‚Ä¶"
Latinas4Hillz,"RT @regwag2003: ""Unlikable &amp; untrustworthy"" = code for ""She's a woman who's asking for a promotion"" https://t.co/eW2yUr1Qdg"
jennife67536009,"RT @LindaSuhler: üí•RALLY TODAY!
üéâDonald Trump Rochester NYüéâ
‚úîÔ∏è VOTE #Trump2016 #NY
3 PM EDT
#NYPrimary
#NYValues
#TrumpTrainüöÇüá∫üá∏üá∫üá∏
https://t.‚Ä¶"
THENICKBRADLEY,"On this day 30 years ago Jack Nicklaus said 'y'know what, I haven't worn yellow in a while.' #Masters2016 #masters"
MercysFight,#NewYorkValues ----&gt; #NeverTrump  NO to #Trump2016 #MakeAmericagreatagain #MAGA by NOT voting Trump! https://t.co/twgPV8dB0X
KD_pineapples,some people in my life are needed and some of y'all just want to feel special
55andwhat,RT @artist4ever: Headed your way NY! We know you're in Hillary's corner #ImWithHer #ShesWithUs #NYPrimary #NoMoreBS https://t.co/ynReo6IZBL
sunbeltgirl,MT @DrSueDVM: I #ChooseCruz bc he has a proven record of defending the Constitution. #tcot #ccot https://t.co/wmGzWAifQz #CruzCrew #PJNET
SessionsTroy,"RT @JHowieJr: Trump wants to run US Govt, but can't figure out how delegate selection process works?
Incompetent boob.
#NeverTrump https://‚Ä¶"
webby1000,RT @tedcruz: Thank you Colorado for another resounding victory! https://t.co/PXWWcifJKK #ChooseCruz #CruzCrew https://t.co/zhMVq5QpeH
ruth_elissa,"RT @LindaSuhler: üí•RALLY TODAY!
üéâDonald Trump Rochester NYüéâ
‚úîÔ∏è VOTE #Trump2016 #NY
3 PM EDT
#NYPrimary
#NYValues
#TrumpTrainüöÇüá∫üá∏üá∫üá∏
https://t.‚Ä¶"
GiddinghoJsn,RT @NadelParis: Finger waggin' PinocchioCommunist needs2go #ImWithHer #millennialsforhillary #NewYorkPrimary https://t.co/6lveV70TZ3 https:‚Ä¶
tmj_sc_retail,"See our latest #CLEARWATER, SC #job and click to apply: Deli Associate - https://t.co/ugjpiEzJQ9 #Retail #Hiring #CareerArc"
The_Break_Room_,Just posted a photo @ Huntersville Area https://t.co/opAiUCDQkp
DanMartin_cards,RT @TNople: MT @DanMartin_cards: There's Only One RIGHT Choice For POTUS VOTE #TEDCRUZ. #ChooseCruz https://t.co/kxUs3Bwiid #CruzCrew #PJNE‚Ä¶
ElectShanlele,RT @NadelParis: Finger waggin' PinocchioCommunist needs2go #ImWithHer #millennialsforhillary #NewYorkPrimary https://t.co/6lveV70TZ3 https:‚Ä¶
tmj_ga_hrta,"SONIC Drive-In #Hospitality #Job: General Manager (#Swainsboro, GA) https://t.co/1E3io57lO2 #SONIC #Jobs #Hiring #CareerArc"
RNcat50,RT @queengost: Yes they do! Trump will enforce our border laws! #WakeUpAmerica #MakeAmericaGreatAgain #Trump  https://t.co/w3I03Ha598
PremiseJobs,"Can you recommend anyone for this #Nursing #job? https://t.co/MZrAaAGIUt #NursingJobs #Fayetteville, NC #Hiring https://t.co/DKvyXjiffR"
khaft007,"RT @DanWantsFreedom: . @tedcruz has #CruzMentum
1.1 billion Twitter hits for #CruzCrew  in online rally, setting records https://t.co/zRykw‚Ä¶"
mrbacombits,RT @Bernie_Facts: Hillary Clinton Booed By New York Teachers For Praising Cuomo https://t.co/dwmNLsyFes #WYCaucus #ImWithHer #FeelTheBern #‚Ä¶
cindyboyenga,"RT @Midwood49: #TrumpTrain #Vote trump
There are young men and women your age fighting Isis to keep your wimpy ass safe. Shame on U https:/‚Ä¶"
ggeett37aaa,MT @0boy: Brent Bozell III on Ted Cruz. #Cruz2016 #TCOT https://t.co/ga2sflkrSa #CruzCrew #PJNET
andieiamwhoiam,There are myriad taxes.  Corporations in this country pay the highest effective tax rate on the planet.   https://t.co/N47L9mUlIQ
DanMartin_cards,RT @crosswindlive: MT @DanMartin_cards: There's Only One RIGHT Choice For POTUS VOTE #TEDCRUZ. #ChooseCruz https://t.co/vT3FjvlLWU #CruzCre‚Ä¶
Lperera28,"RT @TrumpNewMedia: @realDonaldTrump LEAKED: HILLARY/SOROS BEHIND ANTI-TRUMP VIOLENCE! #WATCH: https://t.co/5YnocpV2XU 
#VoteTrump
#tcot htt‚Ä¶"
RissyyCurine,Noooooooo you don't I do lol https://t.co/ccRC59b7P2
gangofme,RT @tedcruz: Thank you Colorado for another resounding victory! https://t.co/PXWWcifJKK #ChooseCruz #CruzCrew https://t.co/zhMVq5QpeH
kayanders89,üíÉüèº https://t.co/iN1HOhslB9
SecretPlaytils,RT @NadelParis: Finger waggin' PinocchioCommunist needs2go #ImWithHer #millennialsforhillary #NewYorkPrimary https://t.co/6lveV70TZ3 https:‚Ä¶
tsimmo39,"RT @realDonaldTrump: ""@jlopez05391: @realDonaldTrump Rochester loves you! See you tomorrow! #MakeAmericaGreatAgain #Trump2016 #TrumpTrain""‚Ä¶"
DanMartin_cards,RT @cpcllc: MT @DanMartin_cards: There's Only One RIGHT Choice For POTUS VOTE #TEDCRUZ. #ChooseCruz https://t.co/gxB8YLGBm6 #CruzCrew #PJNET
HirtSara,üòäüòä ‚úîÔ∏è‚úîÔ∏è‚úîÔ∏è this morning  https://t.co/EWgZUt4c1u
PatriotGinger2,MT @LynnMarki: TED CRUZ is a TRUE Conservative that will fight for your Rights! https://t.co/lsbUXbGMpr #CruzCrew #PJNET
helenmag,RT @peterdaou: Absolutely FASCINATING research on @SenWarren being seen as unlikable and untrustworthy in MA race: https://t.co/KFYEnQJgNi‚Ä¶
tdaviegobls,RT @NadelParis: Finger waggin' PinocchioCommunist needs2go #ImWithHer #millennialsforhillary #NewYorkPrimary https://t.co/6lveV70TZ3 https:‚Ä¶
SquattingDog55,"ALL voters that have already voted 4 Trump,CHANGE YOUR VOTING STATUS 2 INDEPENDANT this week,OFFICIAL #RNC_DUMP RT! https://t.co/vfVwWoMfWZ"
LizardTrump,"RT @Socialist_Times: Stop shaming women who support Bernie into voting for Clinton https://t.co/FNym35huFt
#Women4Bernie #ImWithHer #P2 htt‚Ä¶"
ManUnwavering,RT @LuvRedWhiteBlue: #nevertrump #ChooseCruz #UniteWithCruz #CruzCrew üá∫üá∏üá∫üá∏ https://t.co/7tdaIXPKx0
Flyer_thanu2,@DrJackMaGrawPhD this true but my thing is if he or she deny their significant other on a constant basis then it's a problem. I understand
princesspaslie,"RT @Don_Vito_08: üòç WE LOVE THE #TrumpTrain üòç
Stand Strongüí™ &amp; Together üë´
We got this üëä #NeverCruz  @realDonaldTrump @governor_savage https:/‚Ä¶"
amzcon,Remember the 2012 Democrats convention . God couldn't be included in their platform. https://t.co/xApgX7OPns
DanMartin_cards,RT @nanajill211: MT @DanMartin_cards: There's Only One RIGHT Choice For POTUS VOTE #TEDCRUZ. #ChooseCruz https://t.co/ciyCISe1zL #CruzCrew‚Ä¶
hunkaberninlove,RT @rosariodawson: Here tis: https://t.co/wn6A7BAn2I #ItsARevolution @DemocracyNow #AmyGoodman #BernieSanders #BronxRally #NotMeUs https://‚Ä¶
MattSheldon,@mks_mvp  Watch this! https://t.co/Wmc9otqLe7 #NotMeUs #Bernie2016 #FeelTheBern #BernieSanders #BernieStrong #BernieInHarlem #SenatorSanders
DanielleBoise,@TaylourPaige it was an absolute pleasure to discuss your character with me yesterday.  Truly a remarkable experience that made my day
RebeccaFaussett,"RT @LindaSuhler: üí•RALLY TODAY!
üéâDonald Trump Rochester NYüéâ
‚úîÔ∏è VOTE #Trump2016 #NY
3 PM EDT
#NYPrimary
#NYValues
#TrumpTrainüöÇüá∫üá∏üá∫üá∏
https://t.‚Ä¶"
Joy105com,You have to remain in your pain sometimes to reap your harvest.@HOHATL @edeweysmith https://t.co/wLuEV2uFcW
freethinking56,@jmartNYT try some chapstick. #ontv
MariaYes2trump,@Mike07698328 Welcome! #TrumpTrain #Trump2016 Together we can #MAGA
AlDeSln,RT @NadelParis: Finger waggin' PinocchioCommunist needs2go #ImWithHer #millennialsforhillary #NewYorkPrimary https://t.co/6lveV70TZ3 https:‚Ä¶
CliffWilkin,MT @LynnMarki: TED CRUZ is a TRUE Conservative that will fight for your Rights! https://t.co/nseKYRVPRF #CruzCrew #PJNET
lmchristi1,WAKE UP #CruzCrew #Kasich4Us U NEDD TO WATCH AND UNDERSTAND THIS‚ÄºÔ∏è This country needs #Trump‚ÄºÔ∏è #TrumpForChangeüá∫üá∏üá∫üá∏ https://t.co/RZkSfH8NWZ
55andwhat,"RT @LindseyTWood: Gearing up for #HRC: ""She's the best person to be President. We tried all the men, let's try a woman!"" #ImWithHer https:/‚Ä¶"
raftersranch17,RT @AJM9588: Trump is a demoncrat. #NYPrimary #NeverTrump #ChooseCruz  https://t.co/Apl3lCb89z
DanMartin_cards,RT @cantontweet: MT @DanMartin_cards: There's Only One RIGHT Choice For POTUS VOTE #TEDCRUZ. #ChooseCruz https://t.co/AsZC637XNF #CruzCrew‚Ä¶
4endseuee,RT @NadelParis: Finger waggin' PinocchioCommunist needs2go #ImWithHer #millennialsforhillary #NewYorkPrimary https://t.co/6lveV70TZ3 https:‚Ä¶
mchristensen61,RT @The_Trump_Train: RETWEET if you think Donald Trump will be the hardest working president in history! #MakeAmericaGreatAgain https://t.c‚Ä¶
GreenAmbition,"RT @John_D_Blackman: Question for #ImWithHer. Do you think she will put her heart into #MoneyInPolitics, slowing military, mass incarcerati‚Ä¶"
jrwade1955,RT @vivelafra: America's next president.  A true man of the people.  Not a moment too soon. #VoteTrump #Trump2016 https://t.co/q6tzwTfiEB
gikavchuk92,RT @NadelParis: Finger waggin' PinocchioCommunist needs2go #ImWithHer #millennialsforhillary #NewYorkPrimary https://t.co/6lveV70TZ3 https:‚Ä¶
NattySrith,RT @NadelParis: Finger waggin' PinocchioCommunist needs2go #ImWithHer #millennialsforhillary #NewYorkPrimary https://t.co/6lveV70TZ3 https:‚Ä¶
drzevetchin,"RT @NMarco331: I second this pledge @reince , @GOP
But, I've been warning you for weeks now.

#AlwaysTrump #VoteTrump #BurnTheGOP https://t‚Ä¶"
wraithburn,"RT @realDonaldTrump: ""@governor_savage: @realDonaldTrump is the only person who can save us from this corrupt political mess. #MakeAmericaG‚Ä¶"
Roberta1836,"RT @damonbethea1: Hillary Clinton never called Bernie Sanders unqualified. In fact, she refused to. https://t.co/Y7IymZ5I2T via @TheWeek #I‚Ä¶"
ravindrarathod2,"RT @realDonaldTrump: ""@Genie115: #MakeAmericaGreatAgain we can only do that with @realDonaldTrump RT https://t.co/RViAgxoa4t"""
Minuteman_1756,RT @cpcllc: MT @DanMartin_cards: There's Only One RIGHT Choice For POTUS VOTE #TEDCRUZ. #ChooseCruz https://t.co/gxB8YLGBm6 #CruzCrew #PJNET
RebeccaFaussett,"RT @LindaSuhler: üí•RALLY TOMORROW
üéâDonald Trump Albany NYüéâ
‚úîÔ∏è VOTE #Trump2016 #NY
7 PM EDT 4/11
#NYValues
#NYPrimary
#TrumpTrainüöÇüá∫üá∏üá∫üá∏
https:‚Ä¶"
kiawahresort,"Rise and shine, it's Masters time! ‚õ≥Ô∏è Who are you rooting for? #finalround #sunday #golf @‚Ä¶ https://t.co/2SD4p6E9Dp"
DanMartin_cards,RT @RocNConserChick: MT @DanMartin_cards: There's Only One RIGHT Choice For POTUS VOTE #TEDCRUZ. #ChooseCruz https://t.co/POXRIuhoGI #CruzC‚Ä¶
GlennSilva76,RT @Able_49: MT @CliffWilkin: PROTECTING THE SECOND AMENDMENT RIGHTS OF AMERICANS. #UniteWithCruz https://t.co/KYMornea1x #CruzCrew #PJNET
theresahannah4,"RT @1more4_Trump: Oh, yes...and that would be like ALL the lyin' media! #TrumpTrain  #Trump2016 https://t.co/HlxU3Ep8O3"
whcarmichael,"Bring some #Grace back to the White House, support https://t.co/u6nKKIjEkm  https://t.co/cuDMwaAibz"
otcstscok,RT @NadelParis: Finger waggin' PinocchioCommunist needs2go #ImWithHer #millennialsforhillary #NewYorkPrimary https://t.co/6lveV70TZ3 https:‚Ä¶
skyoversc,#BernieOrBust https://t.co/kxeH1Fkr0n
LeChatNoire4,RT @dnahealthnut: #ImWithHer  https://t.co/q1Sqwh0TlV
jimmyrusslles,"RT @realDonaldTrump: ""@jlopez05391: @realDonaldTrump Rochester loves you! See you tomorrow! #MakeAmericaGreatAgain #Trump2016 #TrumpTrain""‚Ä¶"
Spessmen,@realDonaldTrump #Pennsylvania for #Trump . #MakeAmericaGreatAgain https://t.co/aorubNF9Js
drzevetchin,"RT @InnerDonald: ADD ME TO YOUR EFFORT, CARMINE
#Trump2016 #NYPrimary @FoxNews
#ALWAYSTRUMP #MAGA #DTNews
#TRUMPTRAIN #TRUMP @REINCE https:‚Ä¶"
CampOfSaints1,"RT @JudgeMoroz: Behold the real #CruzCrew ...

And @tedcruz will do &amp; say whatever it takes to please his donors. https://t.co/GB0lVuckmT"
sanigak,@SunnyHunt Hello Sunny!  Would love to connect with you!
happicook,RT @sunbeltgirl: MT @TerresaHobbs: New York values? Show us the NYC libs don't run the whole state! #ChooseCruz https://t.co/nQDWi4vdI1 #Cr‚Ä¶
JigB,"RT @realDonaldTrump: ""@governor_savage: @realDonaldTrump is the only person who can save us from this corrupt political mess. #MakeAmericaG‚Ä¶"
DanMartin_cards,RT @PatriotGinger: MT @DanMartin_cards: There's Only One RIGHT Choice For POTUS VOTE #TEDCRUZ. #ChooseCruz https://t.co/BBLxd9Iuit #CruzCre‚Ä¶
boknowsfitness,"You owe me breakfast @mysell42! (@ Seacoast Church: Summerville Campus - @seacoastchurch in Summerville, SC) https://t.co/ts2NSbSq5P"
TweetsOnThat,We're losing our country people. #DumptheEstablishment &amp; #MAGA #Trump2016 #TrumpTrain #AlwaysTrump  https://t.co/2SpaSnKkpb
DSTrey5,It's chilly here like it is in Columbus
smileyt22,Sanders Is Even Less Competitive Than He Appears https://t.co/1pfGhVCH9i #HillarySoQualified #FeelTheBern #ReleaseTheReturns #ImWithHer
FrankieFusco,G.O.P. WE are warning you! https://t.co/XzhFB45eZy  #MakeAmericaGreatAgain #Trump2016 #TrumpTrain #MAGA #CruzSexScandal #LyinTed
LarryGrant95,Man it's so crazy to believe that The big guy Will Smith passed last night man. Was just with him last week at school.  RIP Will Smith. üòûüôèüèæ
wayoffaxis,"RT @realDonaldTrump: ""@governor_savage: @realDonaldTrump is the only person who can save us from this corrupt political mess. #MakeAmericaG‚Ä¶"
ALLTRUEMAN1,This is why i put a significant distance between myself and trash niggahs and any other ghetto minded person who lives for confrontations
lebeech,Aint no rest! üò° https://t.co/N5nAmcsLCE
55andwhat,"RT @Hillary4Florida: U.S. Senator Kirsten Gillibrand on endorsing Hillary Clinton:

üòçüá∫üá∏#ImWithHer #HillYes #NYPrimary #WYCaucus #Florida ht‚Ä¶"
The_Break_Room_,Just posted a photo @ Huntersville Area https://t.co/gxl476EM9I
anthony5505,"RT @realDonaldTrump: ""@jlopez05391: @realDonaldTrump Rochester loves you! See you tomorrow! #MakeAmericaGreatAgain #Trump2016 #TrumpTrain""‚Ä¶"
Richard01702798,RT @Benelliot3: When is the school going to have an event so Christian students can share their faith &amp; convert the heathens?  #tcot https:‚Ä¶
tmj_clt_manuf,"Join the Aerotek team! See our latest #Manufacturing #job opening here: https://t.co/6MM2kyS5Jl #Monroe, NC #Hiring"
TomJEstes,RT @tedcruz: Thank you Colorado for another resounding victory! https://t.co/PXWWcifJKK #ChooseCruz #CruzCrew https://t.co/zhMVq5QpeH
JetSetRFuture,‚Äú@Shottyisms: I'm bout to deactivate. https://t.co/SvoHRj3iWG‚Äù @jordan_the_poet *sighs*
UndividedFilm,RT @Libertea2012: MT I'm With These Guys...#BernieAtTheApollo #HarryBelafonte #NYForBernie https://t.co/Y3wJV7aLTQ: I'm‚Ä¶ #BernieStrong http‚Ä¶
Stepdaddyv,"@JayCharleston nice interview Chicago
https://t.co/8bA9gUu6GV https://t.co/qdnBpYi71y"
DanMartin_cards,RT @Network_Citizen: MT @DanMartin_cards: There's Only One RIGHT Choice For POTUS VOTE #TEDCRUZ. #ChooseCruz https://t.co/QwhTKyQQ12 #CruzC‚Ä¶
coriandertbsie,RT @NadelParis: Finger waggin' PinocchioCommunist needs2go #ImWithHer #millennialsforhillary #NewYorkPrimary https://t.co/6lveV70TZ3 https:‚Ä¶
maxlydic,#TrumpTrain 6 hrs and 39 mins to the Rally Rochester NY 3 PM EDT 4-10-16 https://t.co/dlpofoD9IS https://t.co/uSOdptah4u
Odthompson_,Preciate it Tay Ming üíò I miss you üòï https://t.co/zYGp9QqLGT
youngJeffHolt,@KatTimpf I laugh with you while reading your tweets. Then I laugh at your expense while reading your replies. People are really cool.
TeamPlayGammng,RT @NadelParis: Finger waggin' PinocchioCommunist needs2go #ImWithHer #millennialsforhillary #NewYorkPrimary https://t.co/6lveV70TZ3 https:‚Ä¶
FrenchForTrump,"RT @realDonaldTrump: ""@jlopez05391: @realDonaldTrump Rochester loves you! See you tomorrow! #MakeAmericaGreatAgain #Trump2016 #TrumpTrain""‚Ä¶"
bobmacfarlane1,@PaulMSports @KISHAthletics  bringing back memories listening to Mitch Murphy  #kish
MariaYes2trump,@jason4trump Welcome! #TrumpTrain #Trump2016 Together we can #MAGA
Flyer_thanu2,@DrJackMaGrawPhD there might be times sex not needed or whatever but like every time tho? Lol nah man
Madimattt_,Same same  https://t.co/4HwN7jNGSX
WhytePantherRN,#WhytePanther #BernieOrBUST *VIDEO* (@BernieSanders #FeelTheBern) https://t.co/4Jz8JYjchI https://t.co/v3kEScfIBj
antonio5591,"And just as importantly,Amal knows! She is on the front lines day in, day out. https://t.co/vWPNGnWgC0"
HowardIRubin,RT @Libertea2012: MT Amen!: Amen! https://t.co/R8pJr13CBx #BernieStrong https://t.co/OxeCbgFnfM
jessied44,RT @dnahealthnut: #ImWithHer  https://t.co/q1Sqwh0TlV
caf514,RT @EricTrump: #CharlieDog wants to #MakeAmericaGreatAgain #TrumpPets #TrumpDog https://t.co/BjcAXlR91H
johngaltfla,RT @CruzinAhead: @TedCruz: A Man with a Mission to Save America!!! Join Us on Our Mission: https://t.co/MeyX4TacSh. #CruzCrew #PJNET https:‚Ä¶
SylviaHandwerg4,"RT @Campaign_Trump: ""TONIGHT - @realDonaldTrump talks to @JudgeJeanine on ""Justice."" @realDonaldTrump #MakeAmericaGreatAgain https://t.co/A‚Ä¶"
FranklinAutoSpa,RT @The_Trump_Train: RETWEET if you think Donald Trump will be the hardest working president in history! #MakeAmericaGreatAgain https://t.c‚Ä¶
teamamerica2016,"RT @bloodless_coup: #CruzCrew has the delegate wrangling operation Trump says he's capable of having but doesn't. The ""talker"" is ""doing"" w‚Ä¶"
ggbootsrock,RT @realTrump4POTUS: @ggbootsrock I will definitely be in Cleveland and it was a great idea to setup a group. #TrumpTrain to Cleveland #Sto‚Ä¶
lucysigal,RT @NadelParis: Finger waggin' PinocchioCommunist needs2go #ImWithHer #millennialsforhillary #NewYorkPrimary https://t.co/6lveV70TZ3 https:‚Ä¶
MariaYes2trump,@trumpaboard Welcome! #TrumpTrain #Trump2016 Together we can #MAGA
Odthompson_,@yagiirlnae thank you üíò
evetssh,"RT @LindaSuhler: üí•RALLY TOMORROW
üéâDonald Trump Albany NYüéâ
‚úîÔ∏è VOTE #Trump2016 #NY
7 PM EDT 4/11
#NYValues
#NYPrimary
#TrumpTrainüöÇüá∫üá∏üá∫üá∏
https:‚Ä¶"
CU86Grad,"@lrheinemann @LeafsGrl Thank you Laura, have a beautiful Sunday!"
peachesgirli23,"RT @SandraHartle: üîπ #Trump
üîπ #MAGA
üîπ #Women4Trump
üîπ #NYValues
üîπ #NYPrimary
üîπ #CruzCrew
üîπ #NeverCruz
üîπ #stayonbudget
üîπ #BigHeart
üîπ #PA https‚Ä¶"
nozohonorin,whooo i love that feel when u find a great new fanfic writer god bless america
HannahbarnettP,Surprisingly this is one of those rare times when I just want to talk to my mommy. And she's asleep. As I should be. üòî
DanMartin_cards,"RT @jstines3Paints: Preserve 2A rights! Vote SECURITY, LIBERTY, JOBS! Vote #Cruz!

#ChooseCruz #UniteWithCruz #CruzCrew #PJNET 

https://t.‚Ä¶"
tgben43,#StillSanders #ForThePeople #FeelTheBern  https://t.co/9ftYCjsigV
JanAustin13,"RT @realDonaldTrump: ""@governor_savage: @realDonaldTrump is the only person who can save us from this corrupt political mess. #MakeAmericaG‚Ä¶"
DanMartin_cards,RT @PatriotJewel: MT @DanMartin_cards: There's Only One RIGHT Choice For POTUS VOTE #TEDCRUZ. #ChooseCruz https://t.co/YSCuf4jsB8 #CruzCrew‚Ä¶
TrueEO,"RT @STRONG_OPED: WHO IS BEHIND PAUL RYAN  AND WHY??

#TRUMP TO #MakeAmericaGreatAgain https://t.co/OY7lqc6h7D"
55andwhat,RT @mmmMeggie: Hillary in action re raising minimum wage #HillarySoQualifed #HillarySoProgressive #ImWithHer  https://t.co/iybkvGj7rX
DonaldMielke,LoL https://t.co/MGTbB2R3VG
MariaYes2trump,@SarahWillerup Welcome! #TrumpTrain #Trump2016 Together we can #MAGA
JennaLarcara19,Anyone want to go get doughnuts with me??
The_Break_Room_,Just posted a photo @ Huntersville Area https://t.co/k5HioV7H3D
celiabonavita,#NewYorkValues #NewYorkPrimary #NewYork #BernieSanders CANT WONT &amp; doesn't want to win w/o ALL of us being democracy https://t.co/LZaLOH1Lzy
DanMartin_cards,RT @kvmidd85: #UniteWithCruz #ChooseCruz 4 #PresidentCruz #CruzCrew #LionTed @tedcruz #TeamHeidi #PJNET https://t.co/KLgGp1kYyB
ReaganDem4Trump,"RT @InnerDonald: ADD ME TO YOUR EFFORT, CARMINE
#Trump2016 #NYPrimary @FoxNews
#ALWAYSTRUMP #MAGA #DTNews
#TRUMPTRAIN #TRUMP @REINCE https:‚Ä¶"
davjzgado,RT @NadelParis: Finger waggin' PinocchioCommunist needs2go #ImWithHer #millennialsforhillary #NewYorkPrimary https://t.co/6lveV70TZ3 https:‚Ä¶
nsarts_passmore,Oh wow! https://t.co/ZsVtoLBuxF
AndrewNorris8,Prediction: one of the three at even par wins @TheMasters
lebeech,"We are 9th in the table, this game is just as important as the 2nd leg vs Dortmund"
6grade56,RT @dnahealthnut: #ImWithHer  https://t.co/q1Sqwh0TlV
DanMartin_cards,"RT @dansch2002: MT @_CFJ_:  31 months BEFORE announcing running for4 President, Trump STOOD WITH DREAMers. https://t.co/aFHRrHr7YA #CruzCre‚Ä¶"
StarryKnight47,RT @maxlydic: #TrumpTrain 6 hrs and 39 mins to the Rally Rochester NY 3 PM EDT 4-10-16 https://t.co/dlpofoD9IS https://t.co/uSOdptah4u
jonholl48adn,RT @NadelParis: Finger waggin' PinocchioCommunist needs2go #ImWithHer #millennialsforhillary #NewYorkPrimary https://t.co/6lveV70TZ3 https:‚Ä¶
Ashley_Jaanee,RT @NadelParis: Finger waggin' PinocchioCommunist needs2go #ImWithHer #millennialsforhillary #NewYorkPrimary https://t.co/6lveV70TZ3 https:‚Ä¶
drzevetchin,"RT @HardcoreRep: So this happened. @cologop #cogop2016 ""They did it"" Now claiming they were hacked! Please, tell us more. #TrumpTrain https‚Ä¶"
VirtualJukebox,"Heartbeat by Carrie Underwood is #nowplaying in Tavern on Main, Snellville."
jimmyrusslles,"RT @realDonaldTrump: ""@governor_savage: @realDonaldTrump is the only person who can save us from this corrupt political mess. #MakeAmericaG‚Ä¶"
clairefinn54,RT @gerfingerpoken: Nobody's Stealing the Election from #NeverTrump - American Thinker -  https://t.co/bC9OwCSctz   https://t.co/PJm7hGCwqL‚Ä¶
DanMartin_cards,RT @La_Jaconde_1506: MT @PatriotJewel: Thank God we finally have a constitutional conservative running! #UniteWithTed https://t.co/HEON09aQ‚Ä¶
KingIcy_,@Naughty_NAYture ayee it's lit ! Anybody that got my birthday already cool in my book üòéüí™üèΩ
philg1127,"RT @DonJTrump4Pres: This article does a great job explaining what she has done wrong, with sources!

#TrumpTrain
https://t.co/TNMg8nh1fx ht‚Ä¶"
rivkin_suzanne,"RT @immigrant4trump: Latinos For Donald Trump 2016 ""Go Out &amp; #VoteTrump"" #LatinosForTrump #Hispanics4Trump #Trump2016 #NYPrimary
https://t.‚Ä¶"
radio_tom,LOVE 'YA T...keeping doin' you!! https://t.co/UJCRBj2pTF
hv7hdpnblw,RT @NadelParis: Finger waggin' PinocchioCommunist needs2go #ImWithHer #millennialsforhillary #NewYorkPrimary https://t.co/6lveV70TZ3 https:‚Ä¶
MariaYes2trump,@fplumber_frank Welcome! #TrumpTrain #Trump2016 Together we can #MAGA
amcfarla,"Cold one in Myrtle Beach today, 37 degrees. #atlanticocean #mrytlebeach @ North Myrtle Beach, SC‚Ä¶ https://t.co/6BdyZF3n24"
NotAnAntiSemite,RT @kincannon_show: Most of these Cruz positions are brand new. Trump has held all of them the entire time. https://t.co/ICcs9GKPKl
DanMartin_cards,RT @kvmidd85: #UniteWithCruz #ChooseCruz 4 #PresidentCruz #CruzCrew #LionTed @tedcruz #TeamHeidi #PJNET https://t.co/ox4LtkcRCK
SoBlu224,"RT @LifeLibHappy: MT @jphilman0206: It's always darkest before dawn. Don't Stand Down, STAND UP! #ChooseCruz &amp; we win... https://t.co/oXG14‚Ä¶"
er2u0o,RT @NadelParis: Finger waggin' PinocchioCommunist needs2go #ImWithHer #millennialsforhillary #NewYorkPrimary https://t.co/6lveV70TZ3 https:‚Ä¶
sanigak,@LoCountryBarber Hello Brent!  Would love to connect with you!  #hair
kenlweb36,"RT @trump_world: ""My superpac? The american people!""
@realDonaldTrump¬†
GO TRUMP!
WE GOT YOUR BACK!
#MakeAmericaGreatAgain
#Trump2016 https:‚Ä¶"
DanielleBoise,@julia_doughty @7StagesATL @PlazaAtlanta @RenDoughty contemplating heading down to Macy then over to Labyrinth
AliciaBarnesTV,Amen to that!! I have so much respect for her. If people really knew how much she gives....üò≥üôåüèΩüôèüèΩ @dawnstaley  https://t.co/OQUJ74IwsZ
evetssh,"RT @LindaSuhler: üí•RALLY TODAY!
üéâDonald Trump Rochester NYüéâ
‚úîÔ∏è VOTE #Trump2016 #NY
3 PM EDT
#NYPrimary
#NYValues
#TrumpTrainüöÇüá∫üá∏üá∫üá∏
https://t.‚Ä¶"
truckerbeast,"RT @Lrihendry: Jesus out, Mohammad in! Disgusting! Vernon Hills High, IIL https://t.co/YCssamqQsM #Trump2016 #TrumpTrain"
Coondawg68,"RT @proteinwisdom: All you need to debunk smears on Cruz parroted by gibbering Trumpchimps, often in all caps, festooned w angry eagles htt‚Ä¶"
DanMartin_cards,"RT @BikinInMaine: MT @ChuckNellis: Yes y'all, I did get @tedcruz to autograph my Maniacs For Cruz shirt! https://t.co/BrjHJ4Ulw3 #CruzCrew‚Ä¶"
MyTac852413,"Good morning Sunday! There is only 1 person who could improve my day, I have been kept from. #lovemyson #missmyson #godisgreat #motivation"
teamamerica2016,"RT @NotMyUSA: If he doesn't get to 1,237, he didn't - win regardless of how many delegates or votes he received https://t.co/1V5fjMrm0b"
theresahannah4,"RT @NMarco331: I second this pledge @reince , @GOP
But, I've been warning you for weeks now.

#AlwaysTrump #VoteTrump #BurnTheGOP https://t‚Ä¶"
tmj_scc_retail,"#NorthCharleston, SC #Retail : Non-CDL DRIVER, Full-Time, 3348-CDT @ 4801 Rivers Ave, Suite A,... at Lowe's Stores https://t.co/gRA2KaiKHA"
brittanhere,"Bright &amp;Early for the first weekend of my Yoga Teacher Training, We are studying the use of Yoga‚Ä¶ https://t.co/Zaf1r9lulg"
BikinInMaine,MT @bcwilliams92: If This Is Your List Then Ted Cruz Is your Guy. https://t.co/AY1HkPEH1W #CruzCrew #PJNET
DanMartin_cards,"RT @PatriotJewel: MT @ChuckNellis: Serious times require a serious candidate, #TedCruz. #SCPrimary https://t.co/1714IvyWkb #CruzCrew #PJNET"
MariaYes2trump,@asdomke Welcome! #TrumpTrain #Trump2016 Together we can #MAGA
iScreamSarcasm,He Be Tearing My Nephew Up With Them Sharp Ahh Teeth üòÇüòÇ
ThomasSwords,That moment when you realize things have gotten completely out of hand. #ImWithHer  https://t.co/xxFFCDj6wb
tnasiatowon_,praying for my bestfriend mama üôèüèΩ
Dave4Libtyer,RT @NadelParis: Finger waggin' PinocchioCommunist needs2go #ImWithHer #millennialsforhillary #NewYorkPrimary https://t.co/6lveV70TZ3 https:‚Ä¶
manuela_carter,"RT @Billright50: WHAT DIFFERENCE DOES IT MAKE!
OBAMA HILLARY JEB MARCO RYAN CRUZ
ONLYTRUMP WILL SHAKE UP DC
#TRUMPTRAIN #YUGE https://t.co/‚Ä¶"
tiffanymoua,Not looking forward to this double.
DanMartin_cards,RT @dansch2002: MT @DanMartin_cards: There's Only One RIGHT Choice For POTUS VOTE #TEDCRUZ. #ChooseCruz https://t.co/pdlov9XWcz #CruzCrew #‚Ä¶
RickyRose_,RT @TcDobard: Well.. Wendy's been the move anyway  https://t.co/1TxZaZm80M
BrandonLGubbrs,RT @NadelParis: Finger waggin' PinocchioCommunist needs2go #ImWithHer #millennialsforhillary #NewYorkPrimary https://t.co/6lveV70TZ3 https:‚Ä¶
bchance33,RT‚ÄºÔ∏èThank You BARNEY FRANK‚Äº         Ô∏è #NoMoreBS @BarneyFrank  Thank You‚ÄºÔ∏è #ImWithHer #HillaryClinton2016
6grade56,"Retweeted Roberta Johnson (@dnahealthnut):

#ImWithHer  https://t.co/9qhF54uRAi https://t.co/rjK5r0bzgv"
LiveFreedomOrDi,RT @benfergusonshow: Fun morning talking presidential election w @TeamTedCruz @tedcruz at election HQ #cruzcrew #TEDCRUZ2016 https://t.co/H‚Ä¶
kits54,"RT @WinnaWinna2016: Ultimate con
https://t.co/j9hzNkIIGV https://t.co/dRgyayjVvc"
CyndiJorae,RT @nativekittens: #ChooseCruz #NewYorkPrimary #ConnecticutPrimary #PennsylvaniaPrimary https://t.co/Todl19lnuw
SoEnlightenMe,"RT @LouDobbs: Fearing Trump, BostonGlobe Lampoons Itself,The Pretend Paper It's Become   #MakeAmericaGreatAgain  #Trump2016 #Dobbs https://‚Ä¶"
MariaYes2trump,@TammySouthwick1 Welcome! #TrumpTrain #Trump2016 Together we can #MAGA
rivkin_suzanne,"RT @David360NC: ‚ÄúTIME 4 ALL TO UNITE‚Äù Behind @realDonaldTrump #MakeAmericaGreatAgain
#NYPrimary #GOP2016 #CAPrimary #NYC #PAPrimary https:/‚Ä¶"
SKisinger,"Will @PaulManafort indicted for HUD #corruption, #lobbyist, #Putin buddy be helping? Not Great, @realDonaldTrump   https://t.co/CysJw0YyoX"
decalarama,Hillary Clinton #ImWithHer GIANT 8ft BANNER SIGN #democrat  #TopProg #FeelTheBern https://t.co/7ZEjykl8HY
sgvkp21,@realDonaldTrump ...IndoAmericans ..pl vote Trump for showing courage to eliminate terrorism. https://t.co/LRA9Sa3JUI
SiiYonceee,@curlyheaadbee THATS MY WIFEYüíçüòç
wolfmother16,"RT @Libertea2012: RT: Volunteering, Activism is passed down frm generation to generation. #FeelTheBern @Latinos4Bernie‚Ä¶ #BernieStrong https‚Ä¶"
JONWBRID,RT @paleblueeyes24: Just made this up to use with all the clueless Bernie supporters. #ImWithHer #FeelTheBernOut https://t.co/qaVW3gpKEF
annie5133,"RT @DPRINCECFRN: She's been with us, so #ImWithHer #NYPrimary #MadamPresident #salute  https://t.co/sgmKTSbyoH"
manuela_carter,"RT @RichardWeaving: Thank You Clint Eastwood For Endorsing TRUMP
#MakeAmericaGreatAgain
#VoteTrumpUSA https://t.co/IRCBuhrLHJ"
mgd2278,RT @Benelliot3: When is the school going to have an event so Christian students can share their faith &amp; convert the heathens?  #tcot https:‚Ä¶
Able_49,MT @jphilman0206: He stood for us when the rest betrayed us. #TrusTed #UniteWithCruz https://t.co/1baiRYPrcV #CruzCrew #PJNET
SuccessDriven91,Sitting here I can only imagine what is said behind my back!
hannon_madison,Happy birthday day pretty girl ! @reesethompsonn
TrumpNewMedia,"@realDonaldTrump https://t.co/ftwwndqS1G  AND #JohnKasich are both funded by George Soros!
#Trump2016
#VoteTrump https://t.co/xJ3CvpS1UJ"
viveisr0,RT @NadelParis: Finger waggin' PinocchioCommunist needs2go #ImWithHer #millennialsforhillary #NewYorkPrimary https://t.co/6lveV70TZ3 https:‚Ä¶
MachPierogi,RT @AliceEngle3: Trump has reached MILLIONS of new voters! His message is for Americans.....He doesn't need the #GOP....they need him https‚Ä¶
lisaparenteau,"RT @Lariotgirl: #HillYes! #ImWithHer 
üíôüíôüíô    ‚ù§Ô∏èüíôüíô
üíôüíôüíô    ‚ù§Ô∏è‚ù§Ô∏èüíô
‚ù§Ô∏è‚ù§Ô∏è‚ù§Ô∏è‚ù§Ô∏è‚ù§Ô∏è‚ù§Ô∏è‚ù§Ô∏è
‚ù§Ô∏è‚ù§Ô∏è‚ù§Ô∏è‚ù§Ô∏è‚ù§Ô∏è‚ù§Ô∏è‚ù§Ô∏è‚ù§Ô∏è
‚ù§Ô∏è‚ù§Ô∏è‚ù§Ô∏è‚ù§Ô∏è‚ù§Ô∏è‚ù§Ô∏è‚ù§Ô∏è
üíôüíôüíô     ‚ù§Ô∏è‚ù§Ô∏èüíô
üíôüíôüíô     ‚ù§Ô∏èüíôüíô
#H‚Ä¶"
przasa1,"RT @realDonaldTrump: ""@governor_savage: @realDonaldTrump is the only person who can save us from this corrupt political mess. #MakeAmericaG‚Ä¶"
The_Break_Room_,Just posted a photo @ Huntersville Area https://t.co/y3YcawPaaW
__Justgent,Don't get me wrong I miss our friendship but people grow up .
tmj_ga_retail,"Want to work in #ALBANY, GA? View our latest opening: https://t.co/VBGPzd0ish #Retail #Job #Jobs #Hiring #CareerArc"
55andwhat,RT @LTHProject: .@Carole_King stopped by @HillaryClinton's campaign office in NY and shared why Hillary inspires her: https://t.co/ilACAAr6‚Ä¶
exhxdx,#CruzCrew #CruzCult Your time will come https://t.co/GlbrBCq86t
verohaydee47,Just saying üòä https://t.co/GGX84728SH
SusanDuclos,. @realDonaldTrump Chaos At PSU Ensues When Radical Leftist Crybullies Crash Students For Trump Meeting https://t.co/vz5yyGrhEO #TrumpTrain
Trill_ardgE,RT @NadelParis: Finger waggin' PinocchioCommunist needs2go #ImWithHer #millennialsforhillary #NewYorkPrimary https://t.co/6lveV70TZ3 https:‚Ä¶
Flyer_thanu2,@HyyerThought @DrJackMaGrawPhD good point
clayerobnsnoi,RT @NadelParis: Finger waggin' PinocchioCommunist needs2go #ImWithHer #millennialsforhillary #NewYorkPrimary https://t.co/6lveV70TZ3 https:‚Ä¶
Agent_741370,"RT @realDonaldTrump: ""@governor_savage: @realDonaldTrump is the only person who can save us from this corrupt political mess. #MakeAmericaG‚Ä¶"
hs4trump,@cologop  we are not fools! victory dance on twitter AFTER you stole delegates from Trump? @slone @kotcha301   https://t.co/XliBvgY7fT
clsamuels99,"#MakeAmericaGreatAgain 
#Trump2016 
#VoteforTrump 
#WomanforTrump 
#Women4Trump 
#Trump4President 
#Trumptrain 
 https://t.co/329PjFAfKW"
KaylaDestinyy,Actions speak louder than words... Every single time.
nativekittens,#ChooseCruz #NewYorkPrimary #PennsylvaniaPrimary #ConneticutPrimary #IndianaPrimary #MarylandPrimary https://t.co/g3NQ5fKnqx
ajayleedsleo,"RT @realDonaldTrump: ""@governor_savage: @realDonaldTrump is the only person who can save us from this corrupt political mess. #MakeAmericaG‚Ä¶"
Danno_a_Jyd,"Republicans don't vote for liberals @bowtrip76
 @CalMur2 @megancarpentier
#MakeAmericaGreatAgain
#TrusTed #CruzCrew
https://t.co/YqjYHdNUJH"
BrammerE,"RT @CliffWilkin: MT @jphilman0206: We need a POTUS to Unite us behind American Values, Constitution, &amp; Liberty https://t.co/qj6JBbgStV #Cru‚Ä¶"
swinasgam,RT @NadelParis: Finger waggin' PinocchioCommunist needs2go #ImWithHer #millennialsforhillary #NewYorkPrimary https://t.co/6lveV70TZ3 https:‚Ä¶
MariaYes2trump,@CaliTrumpfans Welcome! #TrumpTrain #Trump2016 Together we can #MAGA
Lisa_Milicaj,"RT @SandraHartle: üîπ #Trump
üîπ #MAGA
üîπ #Women4Trump
üîπ #NYValues
üîπ #NYPrimary
üîπ #CruzCrew
üîπ #NJ #VA
üîπ #stayonbudget
üîπ #BigHeart
üîπ #PA https://‚Ä¶"
Lperera28,"RT @TrumpNewMedia: @realDonaldTrump YOU WANNA BE RICH #VOTETRUMP. YOU WANNA STAY ON FOOD STAMPS AND WELFARE, VOTE KASICH, CRUZ!
#Trump http‚Ä¶"
MyersSuzan,"RT @realDonaldTrump: ""@jlopez05391: @realDonaldTrump Rochester loves you! See you tomorrow! #MakeAmericaGreatAgain #Trump2016 #TrumpTrain""‚Ä¶"
ahrrisalomaa,RT @NadelParis: Finger waggin' PinocchioCommunist needs2go #ImWithHer #millennialsforhillary #NewYorkPrimary https://t.co/6lveV70TZ3 https:‚Ä¶
JewelsinMo,RT @NeilTurner_: @realDonaldTrump https://t.co/RBt4zoJE8n It's time we take America back! No more puppet presidents! #VoteTrump
emilykholcomb,"Cruz only wins states where GOP apparatus exerts heavy control.Bodes well for a the GE. #TrumpTrain @DocWashburn https://t.co/L2VfgakZk2"
Libertea2012,"RT: If we win NY by a sizeable margin, we truly believe the establishment‚Ä¶ https://t.co/o9rsGCZ8rY #BernieStrong https://t.co/ePVsD97QY4"
MajorSlander,I guess I'm cool if kawhi gets DPOY over Whiteside but damn.
BHogg93,"RT @DanScavino: LYIN' TED CRUZ ‚ù§Ô∏è's LYIN'  --  he is so good at it -- its scary! #TrumpTrain 
#MakeAmericaGreatAgain #Trump2016
https://t.c‚Ä¶"
CarolinaWx,"8:22  NE@2 mph(Light Air) Gst:3 mph  Rn:0""  RnTdy:0"" 24HrRn:0.04""  38F  RH:48%  Dp:20F  BP:30.2inHg   Mn:Waxing Crescent #CarolinaWx"
Zagotti,"RT @realDonaldTrump: ""@jlopez05391: @realDonaldTrump Rochester loves you! See you tomorrow! #MakeAmericaGreatAgain #Trump2016 #TrumpTrain""‚Ä¶"
cindyboyenga,"RT @Don_Vito_08: üòç WE LOVE THE #TrumpTrain üòç
Stand Strongüí™ &amp; Together üë´
We got this üëä #NeverCruz  @realDonaldTrump @governor_savage https:/‚Ä¶"
ImagineAnna,Delicate #Cruzbots cant handle disagreement. They're worse than liberals. They crave talk radio safe spaces! #CruzCrew #WakeUpAmerica #tcot
LynnSte61832076,"RT @TeresaEdelglass: ‚ö†Ô∏èA vote 4 #Kasich or #Cruz is a vote 4 a brokered convention.

‚û°Ô∏èTHE CORRUPT GOP EST PICKS OUR NOMINEE‚ÄºÔ∏è

Vote common‚Ä¶"
leelow99,"RT @zweaver1212: For all of you praising Trump for going to 9/11 memorial, remember he's a New Yorker and this is his FIRST time to visit i‚Ä¶"
kasserolequeen,Kyle Busch is killing it this season.. 2 sprint wins and 4 xfinity wins. holy üêÆ
MariaYes2trump,@Swiger13 Welcome! #TrumpTrain #Trump2016 Together we can #MAGA
luvnmygirl,@SeedHusk @official365rn @InverseRecords so happy y'all are blasting the waves
REALDonaldSOOT,RT @NadelParis: Finger waggin' PinocchioCommunist needs2go #ImWithHer #millennialsforhillary #NewYorkPrimary https://t.co/6lveV70TZ3 https:‚Ä¶
Gabe___J,Hey @Gamescroller this is what alot of coffee is ;) 16 pounds of delicious roasted goodness just waiting 2b ground! https://t.co/m9b7GuU9cC
RebeccaFaussett,"RT @Campaign_Trump: ""TONIGHT - @realDonaldTrump talks to @JudgeJeanine on ""Justice."" @realDonaldTrump #MakeAmericaGreatAgain https://t.co/A‚Ä¶"
kickinglass,RT @Campaign_Trump: Percentage of remaining delegates necessary to secure the nomination. #Trump2016 #TrumpTrain #MAGA https://t.co/OFfxA82‚Ä¶
MercysFight,Trump BRAGGED in his book about his MULTIPLE AFFAIRS https://t.co/bniptxf8p9  #NewYorkValues  #Trump2016 #MakeAmericagreatagain #MAGA
Blooms5325,"RT @trump_world: ""My superpac? The american people!""
@realDonaldTrump¬†
GO TRUMP!
WE GOT YOUR BACK!
#MakeAmericaGreatAgain
#Trump2016 https:‚Ä¶"
Trinityresource,Treat your body right! https://t.co/B0F4utOwF6
ChuckyCash714,Starting KDot's #WrestleMania33 prep. My first wrestling show since Summerslam 2000 at ESA. Her‚Ä¶ https://t.co/YJvosX42oN
jtmorganjewls,@PacosPapa good info?!?  https://t.co/l1cMnisSVg
soniaerasmus,"RT @NMarco331: I second this pledge @reince , @GOP
But, I've been warning you for weeks now.

#AlwaysTrump #VoteTrump #BurnTheGOP https://t‚Ä¶"
CarolinaWx,"Across the yard. [Cam 1] on Sunday, April 10, 2016 @ 8:22:14 AM  #CarolinaWx #ClaytonNC  https://t.co/OhgMzT553U"
UESreirf,RT @NadelParis: Finger waggin' PinocchioCommunist needs2go #ImWithHer #millennialsforhillary #NewYorkPrimary https://t.co/6lveV70TZ3 https:‚Ä¶
Jackie999666111,RT @ggeett37aaa: MT @0boy: Brent Bozell III on Ted Cruz. #Cruz2016 #TCOT https://t.co/ga2sflkrSa #CruzCrew #PJNET
DentonJeanne,"RT @Lrihendry: Jesus out, Mohammad in! Disgusting! Vernon Hills High, IIL https://t.co/YCssamqQsM #Trump2016 #TrumpTrain"
flamekslb,RT @NadelParis: Finger waggin' PinocchioCommunist needs2go #ImWithHer #millennialsforhillary #NewYorkPrimary https://t.co/6lveV70TZ3 https:‚Ä¶
55andwhat,"RT @Bros4Hillary: Thank you to everyone that supported @HillaryClinton in the #WYCaucus!

Next stop? The #NYPrimary! #imwithher https://t.c‚Ä¶"
c_gac,#ImWithHer #Hillary2016  https://t.co/Yz2JQnSV42
CLHunting1,RT @BikinInMaine: MT @Saint_Obama: Ted Cruz has the best plan. #UniteWithCruz #tcot https://t.co/Tf8hEltmVD #CruzCrew #PJNET
WendyAmirjo,RT @NadelParis: Finger waggin' PinocchioCommunist needs2go #ImWithHer #millennialsforhillary #NewYorkPrimary https://t.co/6lveV70TZ3 https:‚Ä¶
Chiro11Peter,"RT @dawngpsalm63: Thanks for exposing them .@cologop 
#Trump2016 
#TrumpTrain
#DonaldTrump
#AlwaysTrump 
#NeverCruz
#realdonaldTrump  https‚Ä¶"
CatalenaNikole,"RT @realDonaldTrump: ""@jlopez05391: @realDonaldTrump Rochester loves you! See you tomorrow! #MakeAmericaGreatAgain #Trump2016 #TrumpTrain""‚Ä¶"
FlamezdBon,RT @NadelParis: Finger waggin' PinocchioCommunist needs2go #ImWithHer #millennialsforhillary #NewYorkPrimary https://t.co/6lveV70TZ3 https:‚Ä¶
burnett_0,@AviatorGaming Hey Aviator let's be friends on Xbox live I have Xbox 360. My gamer tag is LoonySpy5892342
4Creamo,Cuz all them type of bitches want is attention  https://t.co/lTAH2psT3E
addictionguy,#trump #cruzcrew #gaymarriqge https://t.co/UNLRMGavXt
globaldancer38,RT @AmyDugan: #ImWithHer #ShesSoQualified  https://t.co/YijpVB98Ko
happicook,RT @Able_49: MT @DanMartin_cards: There's Only One RIGHT Choice For POTUS VOTE #TEDCRUZ. #ChooseCruz https://t.co/sG1GZIJTrk #CruzCrew #PJN‚Ä¶
Brandon_Dewyena,RT @NadelParis: Finger waggin' PinocchioCommunist needs2go #ImWithHer #millennialsforhillary #NewYorkPrimary https://t.co/6lveV70TZ3 https:‚Ä¶
iAbuseSouls,Howwwwww whit !? üôÑü§î https://t.co/Na1g451sSk
savannahdean03,@CrystynNeely me with u and nick!!!!!!!!! https://t.co/zwuuOi8XhL
khalilaenkci,RT @NadelParis: Finger waggin' PinocchioCommunist needs2go #ImWithHer #millennialsforhillary #NewYorkPrimary https://t.co/6lveV70TZ3 https:‚Ä¶
Josbowm,"RT @Don_Vito_08: üòç WE LOVE THE #TrumpTrain üòç
Stand Strongüí™ &amp; Together üë´
We got this üëä #NeverCruz  @realDonaldTrump @governor_savage https:/‚Ä¶"
pinkcellz,RT @CliffWilkin: MT @LynnMarki: TED CRUZ is a TRUE Conservative that will fight for your Rights! https://t.co/nseKYRVPRF #CruzCrew #PJNET
dayo1946,"He is successful. Yesterday's failed business venture means nothing. Count your mistakes, like your tweet perhaps. https://t.co/2cmBLlVWNq"
Agent_741370,"RT @realDonaldTrump: ""@lilrachiepoo: @realDonaldTrump Thank you, Mr. Trump, for your personal and financial sacrifices in this journey to #‚Ä¶"
JayStylus,@JustMe3316 #DonaldTrump as most is followers have no idea how primaries delegates convention election electoral college work #GOPDebate
jazzy_poet,"RT @LindaSuhler: The truth is like a lion;
you don‚Äôt have to defend it.
Let it loose;
it will defend itself.

#MakeAmericaGreatAgain https:‚Ä¶"
JLoTemple44,"RT @realDonaldTrump: ""@jlopez05391: @realDonaldTrump Rochester loves you! See you tomorrow! #MakeAmericaGreatAgain #Trump2016 #TrumpTrain""‚Ä¶"
clsamuels99,"#MakeAmericaGreatAgain 
#Trump2016 
#VoteforTrump 
#WomanforTrump 
#Women4Trump 
#Trump4President 
#Trumptrain 
 https://t.co/IOYElCVtpk"
klemens_fezrey,RT @NadelParis: Finger waggin' PinocchioCommunist needs2go #ImWithHer #millennialsforhillary #NewYorkPrimary https://t.co/6lveV70TZ3 https:‚Ä¶
myhaIsey,"RT @MR_ATL1087: The longer this primary the more #BernieOrBust looks better and better but, I know me being Black, Gay, and Atheist I'm tar‚Ä¶"
lebeech,"These guys get paid handsomely to play football week in, week out... Klopp needs to start a strong squad today #YNWA"
MariaYes2trump,@TheRealBoTz718 Welcome! #TrumpTrain #Trump2016 Together we can #MAGA
Webde__Tictaer,RT @NadelParis: Finger waggin' PinocchioCommunist needs2go #ImWithHer #millennialsforhillary #NewYorkPrimary https://t.co/6lveV70TZ3 https:‚Ä¶
NHCruzn,"RT @DanWantsFreedom: . @tedcruz has #CruzMentum
1.1 billion Twitter hits for #CruzCrew  in online rally, setting records https://t.co/zRykw‚Ä¶"
mwulfeck,"RT @LindaSuhler: üí•RALLY TODAY!
üéâDonald Trump Rochester NYüéâ
‚úîÔ∏è VOTE #Trump2016 #NY
3 PM EDT
#NYPrimary
#NYValues
#TrumpTrainüöÇüá∫üá∏üá∫üá∏
https://t.‚Ä¶"
thebea1005t,RT @NadelParis: Finger waggin' PinocchioCommunist needs2go #ImWithHer #millennialsforhillary #NewYorkPrimary https://t.co/6lveV70TZ3 https:‚Ä¶
SeanGrenier,RT @vivelafra: America's next president.  A true man of the people.  Not a moment too soon. #VoteTrump #Trump2016 https://t.co/q6tzwTfiEB
mynameischelby,"Whaaaaaaat someone shot Will Smith? (The athlete, not the actor)"
NHCruzn,"RT @bloodless_coup: #CruzCrew has the delegate wrangling operation Trump says he's capable of having but doesn't. The ""talker"" is ""doing"" w‚Ä¶"
NHCruzn,RT @gerfingerpoken: Nobody's Stealing the Election from #NeverTrump - American Thinker -  https://t.co/bC9OwCSctz   https://t.co/PJm7hGCwqL‚Ä¶
rachee1013,RT @NadelParis: Finger waggin' PinocchioCommunist needs2go #ImWithHer #millennialsforhillary #NewYorkPrimary https://t.co/6lveV70TZ3 https:‚Ä¶
globaldancer38,RT @AmyDugan: #ImWithHer #ShesSoQualified  https://t.co/EZLSA9XEwl
ski_gl,RT @The_Trump_Train: RETWEET if you think Donald Trump will be the hardest working president in history! #MakeAmericaGreatAgain https://t.c‚Ä¶
myhaIsey,RT @ladyjustice179: HELL YEAH !! My fellow vets out there!! RAH! https://t.co/v6GhdYyJLr
starknightz,"@Campaign_Trump &lt;&lt;super strong Trump Supporter, knows Mr Trump! IS REAL
Support/Follow him 
#TrumpTrain 
#Trump2016
 https://t.co/rMfaoFKzRr"
rjoy1919,"RT @NMarco331: I second this pledge @reince , @GOP
But, I've been warning you for weeks now.

#AlwaysTrump #VoteTrump #BurnTheGOP https://t‚Ä¶"
postalamanda,RT @LuvRedWhiteBlue: Yes! Where r my #California #cruzers at?! Pls help spread this! Thk u! #ChooseCruz #CAPrimary #CruzCrew #Cruz2016 üá∫üá∏ h‚Ä¶
JanAustin13,#Trump2016 !!!  He will #MakeAmericaGreatAgain  https://t.co/rxIOKSPEBe
mrshobbs58,RT @Benelliot3: When is the school going to have an event so Christian students can share their faith &amp; convert the heathens?  #tcot https:‚Ä¶
roblautry59,@chouchoutv @wralbleslie looks like a beautiful morning for it. Renee you look very pretty as always girl!
JennaLarcara19,:))))
raindance_ayggm,RT @NadelParis: Finger waggin' PinocchioCommunist needs2go #ImWithHer #millennialsforhillary #NewYorkPrimary https://t.co/6lveV70TZ3 https:‚Ä¶
wingsnhooves,RT @sunbeltgirl: MT @DrSueDVM: I #ChooseCruz bc he has a proven record of defending the Constitution. #tcot #ccot https://t.co/wmGzWAifQz #‚Ä¶
BTime4Truth,RT @Earl_59: MT @CliffWilkin: CRUZ committed to smaller government. https://t.co/ksphq3RyRr #CruzCrew #PJNET
globaldancer38,RT @AmyDugan: #ImWithHer #ShesSoQualified  https://t.co/Uqy7AmlSSW
lthompson812,RT @Spessmen: @realDonaldTrump #Pennsylvania for #Trump . #MakeAmericaGreatAgain https://t.co/aorubNF9Js
DonaldMielke,"RT @realDonaldTrump: ""@jlopez05391: @realDonaldTrump Rochester loves you! See you tomorrow! #MakeAmericaGreatAgain #Trump2016 #TrumpTrain""‚Ä¶"
tmj_sc_hrta,Want to work in ? View our latest opening: https://t.co/LgxjjDQ90m #Hospitality #Veterans #Job #Jobs #Hiring #CareerArc
jccolyer,"We will make ""HERSTORY""w/ @HillaryClinton #HillaryClinton in this 21st Century #ImWithHer because she has #gunsense https://t.co/u2yB0bzdLv"
catharinlayne13,Gonna have sun poison and peel before prom!!
stevetwiss,"RT @Campaign_Trump: ""TONIGHT - @realDonaldTrump talks to @JudgeJeanine on ""Justice."" @realDonaldTrump #MakeAmericaGreatAgain https://t.co/A‚Ä¶"
kristen_carman,I am so proud of @CWhelchel57 ‚ù§Ô∏è‚ù§Ô∏è great job running the pro shop ‚õ≥Ô∏è
Maquaaylenn_,Can't y'all just whisper to each other instead of yelling? Y'all are literally waking everyone up.
gasonalvarado,RT @NadelParis: Finger waggin' PinocchioCommunist needs2go #ImWithHer #millennialsforhillary #NewYorkPrimary https://t.co/6lveV70TZ3 https:‚Ä¶
F3Bono,@F3ENC Living the 3rd F. After a brutal Beatdown by @F3Coldcut we start the week with a devotional #SacredSunday https://t.co/vNQt3LUAgT
nyerwithheart,@ffweekend @FoxNewsSunday actually press him on any of his lies? Ask about #Benghazi #Extortion17 why he hates our #Military Didn't think so
dpefvo,RT @NadelParis: Finger waggin' PinocchioCommunist needs2go #ImWithHer #millennialsforhillary #NewYorkPrimary https://t.co/6lveV70TZ3 https:‚Ä¶
raiderfanblaine,RT @AnthonyGullo3: #trumptrain @vox4america @jrarvelo @jenilynn1001 @LindaSuhler https://t.co/vUbzaxFisD
mwulfeck,"RT @LindaSuhler: üí•RALLY TOMORROW
üéâDonald Trump Albany NYüéâ
‚úîÔ∏è VOTE #Trump2016 #NY
7 PM EDT 4/11
#NYValues
#NYPrimary
#TrumpTrainüöÇüá∫üá∏üá∫üá∏
https:‚Ä¶"
myanabelleleigh,"RT @YourAmericaHero: If the losers at the Boston Globe are astro-turfing against Donald Trump, that's all the more reason to #VoteTrump! ht‚Ä¶"
KarenSL,"RT @TrumpNewMedia: @realDonaldTrump https://t.co/ftwwndqS1G  AND #JohnKasich are both funded by George Soros!
#Trump2016
#VoteTrump https:/‚Ä¶"
Gramzy7,#ChooseCruz #ccot #NYPrimary https://t.co/UO79tPnQ55
CeciliaOnTheRun,This view makes running a steeply inclined bridge well worth it!  Good morning Savannah!‚Ä¶ https://t.co/FQcufbYFjH
x_Lady2Chainz,feels good to finally be 18 üíô
FrankieFusco,G.O.P. WARNING! https://t.co/XzhFB45eZy #MakeAmericaGreatAgain #Trump2016 #TrumpTrain #MAGA #CruzSexScandal #LyinTed
cheymdavis,"if you're calling 'bout my heart, it's still yours. I should've listened to it a little more"
AmberForAmerica,RT @Hutch_USA: MT @TexasSheBandit: #UniteWithCruz the tried &amp; true #Conservative! #ChooseCruz #Cruz2016 https://t.co/xZyila67QQ #CruzCrew #‚Ä¶
Pressphotoadarw,RT @NadelParis: Finger waggin' PinocchioCommunist needs2go #ImWithHer #millennialsforhillary #NewYorkPrimary https://t.co/6lveV70TZ3 https:‚Ä¶
hafstrand,#MakeAmericaGreatAgain #realdonaldtrump #DonaldTrump #gop https://t.co/1CFrUGFfIG
KramelSerl,RT @NadelParis: Finger waggin' PinocchioCommunist needs2go #ImWithHer #millennialsforhillary #NewYorkPrimary https://t.co/6lveV70TZ3 https:‚Ä¶
KermitTheKush,"RT @LindaSuhler: üí•RALLY TOMORROW
üéâDonald Trump Albany NYüéâ
‚úîÔ∏è VOTE #Trump2016 #NY
7 PM EDT 4/11
#NYValues
#NYPrimary
#TrumpTrainüöÇüá∫üá∏üá∫üá∏
https:‚Ä¶"
EdSkipper,RT @peterdaou: Absolutely FASCINATING research on @SenWarren being seen as unlikable and untrustworthy in MA race: https://t.co/KFYEnQJgNi‚Ä¶
Cover3dPro,RT @NadelParis: Finger waggin' PinocchioCommunist needs2go #ImWithHer #millennialsforhillary #NewYorkPrimary https://t.co/6lveV70TZ3 https:‚Ä¶
GWhiteheart,"RT @realDonaldTrump: ""@governor_savage: @realDonaldTrump is the only person who can save us from this corrupt political mess. #MakeAmericaG‚Ä¶"
IsabelsBookClub,"With each new day comes new opportunities, chances to restore dreams &amp; hopes. Take them. #ThinkBIGSundayWithMarsha https://t.co/mdYFbJVSrB"
TakerriaGarett,@StimuIating real deep
MariaYes2trump,@lindapezzino Welcome! #TrumpTrain #Trump2016 Together we can #MAGA
WatersCmw,Sick/tired of #BernBots they attack ppl thinking WE will go away. Just shows how young &amp; uneducated they r. #GrowUp https://t.co/REnjZtj87W
thetallpony,#TedCruz will not falter in his support for our great ally Israel! #ChooseCruz https://t.co/nH9vGzls4h
WatersCmw,"RT @IrisL49: Used to think Sanders=Trump Lite, now know nothing lite about him. #ImWithHer https://t.co/Iey9elrSfV"
Jackie999666111,RT @Earl_59: MT @TeriGRight: Why does #TedCruz fight? This election is about the NEXT Generation! #TCOT https://t.co/Cf4iL7mMSn #CruzCrew #‚Ä¶
MercysFight,#NewYorkValues ----&gt; #NeverTrump  NO to #Trump2016 #MakeAmericagreatagain #MAGA by NOT voting Trump! https://t.co/cZcNJVgSDM
pinkcellz,RT @PatriotGinger: MT @Karee_news: #America will hold her head high again with @TedCruz leading we the people. https://t.co/QUIdy1Hq6u #Cru‚Ä¶
KevinNLaura2010,RT @tedcruz: Thank you Colorado for another resounding victory! https://t.co/PXWWcifJKK #ChooseCruz #CruzCrew https://t.co/zhMVq5QpeH
stephgillesp,"Pays to be a Marine, beaches everywhere #lovemylife #5LongDaysOfWorkMakeWeekendsBetter https://t.co/jVugi9kRs3"
coldwomaninmn,RT @damonbethea1: She walks away from Wyoming winning!  Split delegates &amp; performed better than expected. Thanks #WYCaucus! #ImWithHer http‚Ä¶
CodysdadEd,"KILLER 'CHE',CASTRO BROS,DARLINGS OF THE LEFT! CREATED THE UTOPIA OF CUBA ON THE BONES OF THE DEAD #VOTETRUMP #NYPA https://t.co/DLViY3Vz7O"
winesandspitisr,RT @NadelParis: Finger waggin' PinocchioCommunist needs2go #ImWithHer #millennialsforhillary #NewYorkPrimary https://t.co/6lveV70TZ3 https:‚Ä¶
KermitTheKush,"RT @LindaSuhler: üí•RALLY TODAY!
üéâDonald Trump Rochester NYüéâ
‚úîÔ∏è VOTE #Trump2016 #NY
3 PM EDT
#NYPrimary
#NYValues
#TrumpTrainüöÇüá∫üá∏üá∫üá∏
https://t.‚Ä¶"
Phonsascu,RT @NadelParis: Finger waggin' PinocchioCommunist needs2go #ImWithHer #millennialsforhillary #NewYorkPrimary https://t.co/6lveV70TZ3 https:‚Ä¶
KevinMLevy,"Fmr First Lady, 2X Senator, Fmr SecState. Nope. Not qualified. 30 year Congressman? Sure why not. #ImWithHer https://t.co/mmzBJR9Gbp"
rai6_,"RT @realDonaldTrump: ""@Genie115: #MakeAmericaGreatAgain we can only do that with @realDonaldTrump RT https://t.co/RViAgxoa4t"""
thatguypenny,Getting high and watching baseball all day
Chrismas29,#ImWithHER #ImWithJane #JaneSanders #FeeltheBern #StillSanders https://t.co/pthEOkAeNB
SidneyECerrat,RT @NadelParis: Finger waggin' PinocchioCommunist needs2go #ImWithHer #millennialsforhillary #NewYorkPrimary https://t.co/6lveV70TZ3 https:‚Ä¶
4AmericaToday,"RT @Lrihendry: Jesus out, Mohammad in! Disgusting! Vernon Hills High, IIL https://t.co/YCssamqQsM #Trump2016 #TrumpTrain"
DrCongress,"Dear #Congress, either do you're Job or you're https://t.co/EVOGY5Mkw4  https://t.co/w81vsgmtMq"
gordyboxwood,Bunch a damn SOCKDOPERS. #bikelife #sockdoping #raceday @ Blue Goose on Main https://t.co/QWRkMnFlOn
cw6ft2ntx,"RT @ZephyrusMatrix: @cw6ft2ntx @realDonaldTrump Obama has been so wrong and incompetent about so many things, this promise gives me hope.
#‚Ä¶"
helenmag,RT @Code_switcher: Bernie only has 42% of the popular vote. So urging super delegates to vote the will of the ppl means vote Hillary. #Feel‚Ä¶
skyoversc,#BernieOrBust https://t.co/eivp3ZvoRf
StephMink,"RT @NMarco331: I second this pledge @reince , @GOP
But, I've been warning you for weeks now.

#AlwaysTrump #VoteTrump #BurnTheGOP https://t‚Ä¶"
55andwhat,RT @good2bgreene: What the actual hell is wrong with these people? No wonder #ImWithHer #AutismMom #AutismAcceptance #HillYes  https://t.co‚Ä¶
majicmirror16,Join the #CruzCrew on the other side of crazy: https://t.co/ASKeGi6cEY :CCPAC4Cruz:When's JeffRoe and the #CruzCr‚Ä¶ https://t.co/IfhC6W1pFQ
AmazonTraveler,"RT @joelbousley: This is not very progressive. If so, count me out. He deleted his comment. Below is a screenshot. #wtf #ImWithHer https://‚Ä¶"
02757myla,RT @veganvecoh: Actor Lou Ferrigno Endorses Donald Trump for President. VOTE #Trump2016 #TrumpTrain #MakeAmericaGreatAgain https://t.co/QA8‚Ä¶
isollitaa,RT @NadelParis: Finger waggin' PinocchioCommunist needs2go #ImWithHer #millennialsforhillary #NewYorkPrimary https://t.co/6lveV70TZ3 https:‚Ä¶
peachesgirli23,"RT @Don_Vito_08: ""WAKE UP"" 
#CruzCrew #Trump  #TedCruz 

SEE: https://t.co/vEQH5MG21w  

WOW: https://t.co/ou9hCpu5vW 
@mitchellvii https:/‚Ä¶"
tmj_GAS_retail,"Sterling Jewelers: Sales Associate (#Pooler, GA) https://t.co/erJmDK91tU #Retail #Job #Jobs #Hiring #CareerArc"
luvnmygirl,@caitrionambalfe @Outlander_STARZ amazed
badgxlbri,i go out of town and people lose their mind üôÑ
DanMartin_cards,RT @PatriotGinger: MT @DanMartin_cards: There's Only One RIGHT Choice For POTUS VOTE #TEDCRUZ. #ChooseCruz https://t.co/BBLxd9Iuit #CruzCre‚Ä¶
youluvvcee,I be tripping early lol
DrCongress,"Dear #Congress, either do you're Job or you're https://t.co/EVOGY5Mkw4  https://t.co/RUIaTrG4Pd"
LADYGAGAFIRST,RT @EricTrump: #CharlieDog wants to #MakeAmericaGreatAgain #TrumpPets #TrumpDog https://t.co/BjcAXlR91H
BHogg93,"RT @WayneDupreeShow: .@KatrinaPierson spills the beans again: ‚ÄúThe Bush people are now running Cruz's campaign"" https://t.co/0xC8y2CfEE #Tr‚Ä¶"
truckerbeast,"RT @TeresaEdelglass: ‚ö†Ô∏èA vote 4 #Kasich or #Cruz is a vote 4 a brokered convention.

‚û°Ô∏èTHE CORRUPT GOP EST PICKS OUR NOMINEE‚ÄºÔ∏è

Vote common‚Ä¶"
DrCongress,"Dear #Congress, either do you're Job or you're https://t.co/EVOGY5Mkw4  https://t.co/QOctcztc4F"
Csinaco,"RT @22Americanfirst: #Trump2016 #Trump #TrumpTrain #MakeAmericaGreatAgain #DonaldTrump #OnlyTrump #PresidentTrump #WomenForTrump
  
   http‚Ä¶"
JoelMMann,@kirstiealley @carrie_coconut what's wrong is that our celebrities have the right to freedom of speech too. #VoteTrump
JDDavidSerrano,RT @NadelParis: Finger waggin' PinocchioCommunist needs2go #ImWithHer #millennialsforhillary #NewYorkPrimary https://t.co/6lveV70TZ3 https:‚Ä¶
SuccessDriven91,I now realize why I don't bother to do certain things
Hamigakiwanwan,#ImWithHer #NYPrimary #NewYork  https://t.co/rOksLdGxiE
MariaYes2trump,@CorruptMsm Welcome! #TrumpTrain #Trump2016 Together we can #MAGA
GodsLastSon_,@problack_ego that's a blessing G if it pans out just pray it's a boy you can school him on his ground game getting those pats right
eDaleraam,RT @NadelParis: Finger waggin' PinocchioCommunist needs2go #ImWithHer #millennialsforhillary #NewYorkPrimary https://t.co/6lveV70TZ3 https:‚Ä¶
lebeech,"@Greg_YNWA1 i disagree Greg, these 3 points are just as important."
Bio_Dallas,"RT @realDonaldTrump: ""@jlopez05391: @realDonaldTrump Rochester loves you! See you tomorrow! #MakeAmericaGreatAgain #Trump2016 #TrumpTrain""‚Ä¶"
VeroHaydee312,Pendeja!!! PORQUE SIGUES HABALANDO MIERDA?!
Jackie999666111,RT @ggeett37aaa: MT @TexanCat #WeThePeople have asked for this brand of leadership for years. It's time: VOTE CRUZ! https://t.co/A1KYHwiMI4‚Ä¶
DanMartin_cards,RT @PatriotJewel: MT @DanMartin_cards: There's Only One RIGHT Choice For POTUS VOTE #TEDCRUZ. #ChooseCruz https://t.co/YSCuf4jsB8 #CruzCrew‚Ä¶
PeterJTParker,"RT @TrumpNewMedia: @realDonaldTrump LEAKED: HILLARY/SOROS BEHIND ANTI-TRUMP VIOLENCE! #WATCH: https://t.co/5YnocpV2XU 
#VoteTrump
#tcot htt‚Ä¶"
Gramzy7,RT @CliffWilkin: MT @TeriGRight: Americans DESERVE One-on-One Debate in a 2 Man Race! DEMAND IT! https://t.co/LBhZQ9pTqT #CruzCrew #PJNET
Bart_39,MT @TeriGRight: Why does #TedCruz fight? This election is about the NEXT Generation! #TCOT https://t.co/BAfSnInrHd #CruzCrew #PJNET
DrCongress,"Dear #Congress, either do you're Job or you're https://t.co/EVOGY5Mkw4  https://t.co/m3MV0FAoJS"
JeffMcIrish,Not that #Trumpkins care how much their cult leader lies. https://t.co/IWGaFYazuh
tuOtraeHruoYtaE,@sarahjminer I guess opposites really do attract. üòé
SaraiiLee,OMFG IM SO EMOTIONAL üò≠ WHAAAAAAAT üéâüéâüéâüéâüéâ https://t.co/v22YSn8AWl
DrCongress,"Dear #Congress, either do you're Job or you're https://t.co/EVOGY5Mkw4  https://t.co/vT0wiACiQM"
KonzieK2,"RT @pondlizard: Ted Cruz said to @oreillyfactor, ""you defend him a lot Bill. #NYprimary #TEDCRUZ2016 #CruzCrew Just sayin https://t.co/CoSO‚Ä¶"
ShermansNotes,RT @ceodvf: FELLOW NY  MEDIA LIBERAL RUPERT MURDOCH WHO OWNS @FoxNews TURNED IT INTO TRUMP CHANNEL #PJNET #NeverFOX  #CHOOSECRUZ https://t.‚Ä¶
jasondominy,"Porsche Car Control class with the Boxster! (@ Atlanta Motor Speedway - @amsupdates in Hampton, GA) https://t.co/vccfbhG2dg"
DrCongress,"Dear #Congress, either do you're Job or you're https://t.co/EVOGY5Mkw4  https://t.co/vW6s36nBel"
MariaYes2trump,@MCCNP Welcome! #TrumpTrain #Trump2016 Together we can #MAGA
BOLG8TR,RT @jmeden: BREAKING: 2011 Video From Cruz Senate Campaign Proves He Opposed Amnesty https://t.co/sF2OvqPoJP #CruzinwithCruz #ChooseCruz
AmazonTraveler,"RT @GareBearEsq: As a disabled War era veteran, @Thom_Hartmann can kiss my ass. Yeah, talking about you, Hartmann. You're an asshole https:‚Ä¶"
Africanfighter,"RT @Bros4Hillary: Thank you to everyone that supported @HillaryClinton in the #WYCaucus!

Next stop? The #NYPrimary! #imwithher https://t.c‚Ä¶"
DrCongress,"Dear #Congress, either do you're Job or you're https://t.co/EVOGY5Mkw4  https://t.co/GF7AtmtA0K"
VeroHaydee312,Go get that midnight snack bitch
DrCongress,"Dear #Congress, either do you're Job or you're https://t.co/EVOGY5Mkw4  https://t.co/p0Fbhmaifz"
WilliamRFelder,"RT @TrumpNewMedia: @realDonaldTrump NOTHING WILL CHANGE WITHOUT #TRUMP &amp; THAT IS A FACT #RISEUPAMERICA &amp; #VOTETRUMP
#VoteTrump
#tcot https:‚Ä¶"
Jackie999666111,RT @Earl_59: MT @GarageDoorExpo: #headtohead #CruzCrew progressive populism vs true constitutionalist conservative. https://t.co/8680MseqNB‚Ä¶
New4Hillary2016,RT @RandPitt: Pics from @HillaryClinton 's Rally in #Pittsburgh #ImWithHer #HillaryClinton #Hillary2016 @ladivaxxx https://t.co/UezdzsWSrS
deetzie0825,RT @nepafortrump: #WeThePeople of PENNSYLVANIA support @realDonaldTrump &amp; PA DELEGATE @George_Blauer (PA-17) to #MakeAmericaGreatAgain http‚Ä¶
Latinas4Hillz,"RT @peterdaou: RUH ROH: In '08, #TadDevine Predicted ‚ÄòVery Bad Reaction‚Äô If Superdelegates Contradicted Will of Voters https://t.co/DXavLMc‚Ä¶"
Gramzy7,RT @Bart_39: MT @CatholicVote: We are proud to endorse Ted Cruz for President. https://t.co/EEEgORftJh #CruzCrew #PJNET
DrCongress,"Dear #Congress, either do you're Job or you're https://t.co/EVOGY5Mkw4  https://t.co/Co0WUrfs1U"
lelandspeed,"We've got a chance to make a difference in direction USA is going. Take care of our own or subservient to others. 

#MakeAmericaGreatAgain"
hannamarybarlow,wonderful that I came back to freaking freezing weatherü§ó
HiHoblue22P,"#Trump Loves the world but Loves America 1st.  Let's call it family 1st.
#VoteTrump #NJPrimary #PAprimary #CAPrimary https://t.co/9QlJJDIGXu"
kxyysjxjx_,RT @ladyjustice179: HELL YEAH !! My fellow vets out there!! RAH! https://t.co/v6GhdYyJLr
DrCongress,"Dear #Congress, either do you're Job or you're https://t.co/EVOGY5Mkw4  https://t.co/3G8Jr4BypZ"
DanMartin_cards,RT @sunbeltgirl: MT @DanMartin_cards: There's Only One RIGHT Choice For POTUS VOTE #TEDCRUZ. #ChooseCruz https://t.co/tcJzC43kMU #CruzCrew‚Ä¶
CliffWilkin,"Be a part of #PJNET's live #CruzCrew meetup/tweetup. Live Chat, Cruz videos, and more! #UniteWithCruz https://t.co/1FEyiybcxI"
bkmb8665,"RT @sandyaschneider: WTF... Ted Cruz came in 3rd in South Carolina... But now he stole the delegates, meaning your vote does not count #Tru‚Ä¶"
DrCongress,"Dear #Congress, either do you're Job or you're https://t.co/EVOGY5Mkw4  https://t.co/sF1LKtEyDQ"
coke_usa,@laynier @Plantflowes @TheFix  Theres  something dangerously  wrong with BS campaign Believe what you see #ImWithHer
pellett48,@sasha3taylor @msnbc Bernie became Dem 2 use party &amp; now wants Dems 2 change rules 2 suit him #HillYes https://t.co/rW3C8sJHCV
Danno_a_Jyd,"You mean Trump is a quitter @realDonoldTrunp.

#MakeAmericaGreatAgain
#NeverTrump #LIAR
#TrusTed #CruzCrew #USA1st
https://t.co/I3pfXqE3x0"
DashaunSantiago,Thank You Lord For Another Day
BeautyByDanlaie,RT @NadelParis: Finger waggin' PinocchioCommunist needs2go #ImWithHer #millennialsforhillary #NewYorkPrimary https://t.co/6lveV70TZ3 https:‚Ä¶
Birdie18th,updated odds to win the Masters #Masters2016 Spieth Rory Smylie Bernhard https://t.co/gB23GoOzMD
LifeWithJRDN,RT @ChamoyChulo: #MakeAmericaGreatAgain #ImWithHer https://t.co/6vZdAokyE9
AmberForAmerica,MT @FranklinMan25: Ted Cruz calls the enemy by name! and  will utterly destroy ISIS! https://t.co/NvHn3l7AmV #CruzCrew #PJNET
ZVBK,RT @tedcruz: Thank you Colorado for another resounding victory! https://t.co/PXWWcifJKK #ChooseCruz #CruzCrew https://t.co/zhMVq5QpeH
wyobuck,So did Cruz! https://t.co/PTMRD7Wymr
JaciBeeXO,"I'm at Butterworth Coastal Love in Avon, NC https://t.co/1yOPEHw8iT https://t.co/B3f8vsG8iQ"
ali_scarmel,RT @TrumpNewMedia: @realDonaldTrump Cannot #TRUST politicians 'Only #DonaldTrump can &amp; will #MakeAmericaGreatAgain for all Americans'! http‚Ä¶
Shafter_,I understand your sadness so I guess I should just hold my tounge
d0minicc0m0,Not even 8:30 and I'm annoyed
JustineSpectra,"Georgia's weather is making me sick, should I be cold or hot?üôÑ"
DanMartin_cards,RT @PatriotJewel: MT @bcwilliams92: If This Is Your List Then Ted Cruz Is your Guy. https://t.co/YjGTM8rDHz #CruzCrew #PJNET
Jackie999666111,"RT @PatriotJewel: MT @ChuckNellis: Serious times require a serious candidate, #TedCruz. #SCPrimary https://t.co/1714IvyWkb #CruzCrew #PJNET"
slipcases,"RT @oregondemocrat: Check it out, New Yorkers! https://t.co/TqjdpnHp54"
lastpatriotsusa,#lastpatriotsusa #CRUZ #cruzsexscandal  #MakeAmericaGreat #cubanmistresscrisis #AmericaFirst #GOPe #NY4TRUMP #TRUMP https://t.co/ezax1A2ZkB
DrCongress,"Dear #Congress, either do you're Job or you're https://t.co/EVOGY5Mkw4  https://t.co/z1ZOkimxYo"
texaslightpaoer,RT @NadelParis: Finger waggin' PinocchioCommunist needs2go #ImWithHer #millennialsforhillary #NewYorkPrimary https://t.co/6lveV70TZ3 https:‚Ä¶
Chiro11Peter,"RT @dawngpsalm63: More proof of .@cologop cheating the tweet &amp; locking out Trump delegates &amp; this üî•üí£
#BurnTheGop 
#TrumpTrain
#Trump  https‚Ä¶"
Gramzy7,RT @AmberForAmerica: MT @CliffWilkin: Led way to preserve the words 'under God' in the Pledge of Allegiance. https://t.co/WDyrO0IbAr #CruzC‚Ä¶
dcsharp11,"RT @TrumpNewMedia: @realDonaldTrump https://t.co/ftwwndqS1G  AND #JohnKasich are both funded by George Soros!
#Trump2016
#VoteTrump https:/‚Ä¶"
MaxCUA,RT @maxlydic: #TrumpTrain 6 hrs and 39 mins to the Rally Rochester NY 3 PM EDT 4-10-16 https://t.co/dlpofoD9IS https://t.co/uSOdptah4u
MariaYes2trump,@laurieschl Welcome! #TrumpTrain #Trump2016 Together we can #MAGA
SuckMyLEFTJuan,"RT @Libertea2012: RT: If we win NY by a sizeable margin, we truly believe the establishment‚Ä¶ https://t.co/o9rsGCZ8rY #BernieStrong https://‚Ä¶"
DatGirl_ICEY,Yup  https://t.co/CIoHQZbBht
Braves_Ninja,@Dawgsfan34 actually either one fits...this world has gone mad stupid
tmj_sc_retail,"#Retail #Job alert: PSA | Lowe's Stores | #FortMill, SC https://t.co/dBNsdIQ99f #Jobs #Hiring"
FedUpPolitics,#FireSchultz #FeelTheBern #ImWithHer  Debbie Wasserman Schultz breaks with Obama on Cuba  https://t.co/ITIrs7ooGg
iAbuseSouls,Blessed and highly favored . #blessupüôåüèæ
JacobsenRealty,"Going to be a busy day! But I'm ready!
 #jacobsenrealty #whoneedssleep https://t.co/TvysCMzYI2"
crazyfamilyomg,RT @slipcases: #Bernbot with sock account tries to lecture Hillary Clinton. Forgets the irony. https://t.co/GkBfPtZ80J
Stargzr214,RT @maxlydic: #TrumpTrain 6 hrs and 39 mins to the Rally Rochester NY 3 PM EDT 4-10-16 https://t.co/dlpofoD9IS https://t.co/uSOdptah4u
Joy105com,God needs us to stay in a hurtful place so we can enjoy it when we get to the good place! @HOHATL @edeweysmith https://t.co/IjDMiUsMAH
DanMartin_cards,RT @eph_415: Voting Principle #2 : Walk InTEDgrity -- https://t.co/pTyFr16EtB #Wisconsin #PJNET #CCOT #WI
jan_claine,"Wake Up America!
#NYPrimary #CTPrimary #DEprimary #MDPrimary #PAprimary #RIPrimary #CAPrimary #BurnTheGOP #INPrimary https://t.co/KINjf3F9lO"
charnyc,There's a weird block of hours btwn Saturday night &amp; Sunday morning where half my snap chat feed is wasted &amp; the other half is exercising
Mariatweets3,"@trscoop @digisimplified HMMMM!...
#IamHeidi!!!
#SleazyDonald!!!
#ChooseCruz
#CruzToVictory
#NeverTrump
#DumpTrump
#NeverKasich"
boyDre_,@Humble_Slim what's for breakfast ?
Gramzy7,RT @CruzinAhead: @TedCruz: A Man with a Mission to Save America!!! Join Us on Our Mission: https://t.co/MeyX4TacSh. #CruzCrew #PJNET https:‚Ä¶
ZVBK,"RT @ToddHagopian: ATTENTION #CruzCrew:

#Kasich sent ""vote Kasich"" flyers to #Cruz delegates in OH, then stabs us in the back in MI.  

He‚Ä¶"
fondaconley14,RT @TimBartender: HRC supporters brag about results from a rigged election. Then they wonder why I'm #BernieorBust #FeelTheBern https://t.c‚Ä¶
GoslarSheri,"RT @realDonaldTrump: ""@governor_savage: @realDonaldTrump is the only person who can save us from this corrupt political mess. #MakeAmericaG‚Ä¶"
MaxCUA,"RT @OnlyHotyP: #Trump2016 MAHER: Michelle Fields Has Lived Life of ‚ÄòCharmed, Lucky, Clueless‚Ä¶ https://t.co/eV17wAx4oJ #TrumpTrain https://t‚Ä¶"
Cammorris01,I just want everything back to normal...
DanMartin_cards,RT @moosemangler1: MT @DanMartin_cards: There's Only One RIGHT Choice For POTUS VOTE #TEDCRUZ. #ChooseCruz https://t.co/57nfjRHkCW #CruzCre‚Ä¶
Flyer_thanu2,Gotta get the last of all the freedom fuckin out the way https://t.co/7jLxBm65kE
KellyNC6632,@bambula I'm noticing Pete's all by himself right now where the hell is his help
MaxCUA,RT @OnlyHotyP: #Trump2016 Zoltan Istvan: ‚ÄòHalf of Americans Will Probably Have a Robot in‚Ä¶ https://t.co/kNNy0LdpA4 #TrumpTrain https://t.co‚Ä¶
BostonBroker33,Feel the Bern? #TrumpTrain #BernieSanders  https://t.co/skcT2Eybjc
KevinNLaura2010,RT @rafealcuzr66: #CruzCrew: RT TexasTribune: .TedCruz sweeps delegates up for grabs in Colorado | PatrickSvitek reports: ‚Ä¶ https://t.co/yn‚Ä¶
leah_grines,RT @TcDobard: Well.. Wendy's been the move anyway  https://t.co/1TxZaZm80M
Patriotjan,"RT @TeresaEdelglass: ‚ö†Ô∏èA vote 4 #Kasich or #Cruz is a vote 4 a brokered convention.

‚û°Ô∏èTHE CORRUPT GOP EST PICKS OUR NOMINEE‚ÄºÔ∏è

Vote common‚Ä¶"
bony_rabbit,"RT @Libertea2012: RT: If we win NY by a sizeable margin, we truly believe the establishment‚Ä¶ https://t.co/o9rsGCZ8rY #BernieStrong https://‚Ä¶"
JD06185,"RT @immigrant4trump: The American people are DONE with career politicians
""GO OUT &amp; #VoteTrump #Trump2016 #NY #NYPrimary @realDonaldTrump h‚Ä¶"
BTime4Truth,"RT @DarleneHBrook: .@newzealblog Donald Trump's HUGE admiration for Globalists https://t.co/k1htaB6NH1 https://t.co/Oxg8v2ljCj
#NYPrimary #‚Ä¶"
FoxyMomLinda,#iopmethodist
Jackie999666111,"RT @BikinInMaine: MT @ChuckNellis: Yes y'all, I did get @tedcruz to autograph my Maniacs For Cruz shirt! https://t.co/BrjHJ4Ulw3 #CruzCrew‚Ä¶"
ArianaNewcombe,RT @LibertyUSA1776: 2 Trump kids won't be voting for Dad in #NYPrimary üëâüèæ Registered Dems! https://t.co/uTNUcnjQlQ #PAPrimary #CAPrimary #C‚Ä¶
MercysFight,10 Things Trump Said But Says He Didn‚Äôt https://t.co/Vjpeq0A2Sf #NewYorkValues  #NeverTrump  #Trump2016 #MakeAmericagreatagain #MAGA
MaxCUA,RT @OnlyHotyP: #Trump2016 Four Men Arrested After Terrifying Anti-Semitic Attack On Jewish‚Ä¶ https://t.co/3lT7WjkCOa #TrumpTrain https://t.c‚Ä¶
DanMartin_cards,RT @sow_with_vision: MT @DanMartin_cards: There's Only One RIGHT Choice For POTUS VOTE #TEDCRUZ. #ChooseCruz https://t.co/YnG5qMzCnH #CruzC‚Ä¶
BanditGolf,"RT @CCPAC4Cruz: When's @JeffRoe and the #CruzCrew gonna bring the Italian-Irish #MamaCruz to Throggs Neck, Bay Ridge, College... https://t.‚Ä¶"
reece_godwin,@kevinjones1113 happy birthday Kevi ily hope it rocks as much as you do!!!!
BelleForTrump,"RT @realDonaldTrump: ""@governor_savage: @realDonaldTrump is the only person who can save us from this corrupt political mess. #MakeAmericaG‚Ä¶"
narniafarm,Another great day at the office!   Training-Boarding-Lessons-Sales #narniafarm #westknoxville‚Ä¶ https://t.co/OaJjvFTYwR
DanMartin_cards,RT @DefundTheGOP101: MT @DanMartin_cards: There's Only One RIGHT Choice For POTUS VOTE #TEDCRUZ. #ChooseCruz https://t.co/eefYgy1KH9 #CruzC‚Ä¶
MarinaPatsina,RT @NadelParis: Finger waggin' PinocchioCommunist needs2go #ImWithHer #millennialsforhillary #NewYorkPrimary https://t.co/6lveV70TZ3 https:‚Ä¶
TCuccio,RT @CC4Ted: Led fight of 31 states &amp; won 4 our 2A #NeverTrump bought pols 4 favors #ChooseCruz #PJNET #WIPrimary #NYPrimary https://t.co/9G‚Ä¶
MaxCUA,RT @OnlyHotyP: #Trump2016 Report: Radical Islamist Enclave Growing In South-East Europe https://t.co/xhshXSheEg #TrumpTrain https://t.co/Mb‚Ä¶
JayStylus,"@JustMe3316 They look bad ass of course But they also LOOK uncomfortable
I cannot say that from experience tho Never rode a bike with them"
KevinNLaura2010,RT @LuvRedWhiteBlue: #CruzCrew n #California here's info if u want 2help n Cali! Email Jason at Mbrown@tedcruz.org &amp; let him knw! Pls RT! h‚Ä¶
badgxlbri,i was so pissy last night and im really trying not to carry it over to today lol
Nickmart1986,"RT @realDonaldTrump: ""@jlopez05391: @realDonaldTrump Rochester loves you! See you tomorrow! #MakeAmericaGreatAgain #Trump2016 #TrumpTrain""‚Ä¶"
tmj_clt_nursing,"Can you recommend anyone for this #Nursing #job? https://t.co/6MAREWgUTs #Charlotte, NC #Hiring #CareerArc"
relaxedinthenow,"RT @TomKeough: Instant Karma Strikes Hillary Clinton's Teacher Tweet
#ToneDownForWhat #BernieOrBust #FeelTheBern #HillNo not ever! https://‚Ä¶"
2016twg,#MakeAmericaGreatAgain #TeamWhite #GOP #TrumpCommunity https://t.co/uaqWRWRW7n
