AmberForAmerica,"MT @jphilman0206: We need a POTUS to Unite us behind American Values, Constitution, &amp; Liberty https://t.co/RgQPuxge7U #CruzCrew #PJNET"
ElseMarilyn,"#NYValues #CAPrimary 
#NYPrimary  #PAprimary  #AlwaysTrump #PresidentTrump
#TrumpTrain #Trump2016 
#NeverCruz https://t.co/hgs3j6yLSu"
melodijoy,"RT @LivingOnChi: He owes an apology for supporting the bigotry that's crushing this country.
#MakeHistory
#FeelTheBern
 https://t.co/bFgtfB‚Ä¶"
TomKeough,#ToneDownForWhat #BernieOrBust #FeelTheBern #HillNo not ever!
DanMartin_cards,RT @PatriotGinger: MT @DanMartin_cards: There's Only One RIGHT Choice For POTUS VOTE #TEDCRUZ. #ChooseCruz https://t.co/BBLxd9Iuit #CruzCre‚Ä¶
1kimoui,RT @laureldavilacpa: Hillary Clinton Celebrates Beating Expectations And Tying Sanders In Wyoming Delegates via @politicususa https://t.co/‚Ä¶
Chrisstypmac,"RT @trump_world: ""Trump is about #MakeAmericaGreatAgain @realDonaldTrump #Trump2016"" https://t.co/TPZOZvP5Fd"
NativeAlien1,"@History0fLife Old school?  Huh?  The Originals on the ""NEW"" TV show ~1967.  This and Lost in Space were my favorite shows then."
rjber15,RT @DonnyJHuber: Keep the tradition of NY BORN politicians alive! #BernieSanders #BernieStrong #NYPrimary @SenSanders @FDRLibrary https://t‚Ä¶
WillzamXXC,RT @NadelParis: Finger waggin' PinocchioCommunist needs2go #ImWithHer #millennialsforhillary #NewYorkPrimary https://t.co/6lveV70TZ3 https:‚Ä¶
hunkaberninlove,RT @WorldForBernie: #BernieOrBust as we don't agree with @HillaryClinton's stance on issues and won't vote for the lesser of evils! @HFA ht‚Ä¶
TrumpRules17,RT @donald_here: LETS DO THIS!! #NewYork #NewYork4Trump #NewYorkValues #VoteTrump #AlwaysTrump #OnlyTrump #NeverCruz https://t.co/ikfShYspsV
gilbertditerc,RT @NadelParis: Finger waggin' PinocchioCommunist needs2go #ImWithHer #millennialsforhillary #NewYorkPrimary https://t.co/6lveV70TZ3 https:‚Ä¶
Chrisstypmac,"RT @trump_world: ""I¬¥m happy to be back w/ hundreds of delegates up!"" @realDonaldTrump #MakeAmericaGreatAgain  https://t.co/c9nF2zeRYe"
debkbarton,"""We are not neutral between our friends and our enemies..."", unlike DT. #NeverTrump #CruzCrew https://t.co/1FEaScugNe"
swagkingmik231e,RT @NadelParis: Finger waggin' PinocchioCommunist needs2go #ImWithHer #millennialsforhillary #NewYorkPrimary https://t.co/6lveV70TZ3 https:‚Ä¶
SaraGreenwell,"@realDonaldTrump America loves you, Melania and the entire family. #NewYorkValues #VoteTrump"
LifeLibHappy,MT @LynnMarki: Care about your #2A Rights? Vote 4 CRUZ! https://t.co/8ln0vOIFaQ #CruzCrew #PJNET
mackenzieharen,@_YungAB_ tru
ClaraZWaalelc,RT @NadelParis: Finger waggin' PinocchioCommunist needs2go #ImWithHer #millennialsforhillary #NewYorkPrimary https://t.co/6lveV70TZ3 https:‚Ä¶
saravern,"RT @realDonaldTrump: ""@governor_savage: @realDonaldTrump is the only person who can save us from this corrupt political mess. #MakeAmericaG‚Ä¶"
FedUpPolitics,#FireSchultz #FeelTheBern #ImWithHer DNC Chair Joins GOP Attack On E. Warren‚Äôs Agency - Rewards Payday lenders https://t.co/tzui5QOjvV
9975Ts,"RT @trump_world: ""Latinos For Donald Trump 2016 ""Go Out &amp; #VoteTrump"" #LatinosForTrump #Hispanics4Trump #Trump2016 #NYPrimary https://t.co/‚Ä¶"
xsammmyxx,lmao only i would be dreaming about studying for all the material for the test i took last week &amp; repeatedly waking up thinking i missed itüòÖ
DavidMGold32,"RT @TedCruzSaid: .""If Americans really wanted Obamacare, you wouldn't have to make a law to force them to buy it"" -T. Cruz
#CruzCrew https:‚Ä¶"
WrateJames,RT @BJHare: Robert DeNiro endorses Hillary. #ImWithHer https://t.co/RVRzvqpAsV
politicianslie,"RT @Libertea2012: MT Daniel, a 21 yr armed services vet explains why he's marching 140 miles with #DemocracySpring.‚Ä¶ #BernieStrong https://‚Ä¶"
MrCalzagheFlim,RT @NadelParis: Finger waggin' PinocchioCommunist needs2go #ImWithHer #millennialsforhillary #NewYorkPrimary https://t.co/6lveV70TZ3 https:‚Ä¶
Chrisstypmac,RT @EricTrump: Great being with our friend @StephenBaldwin7 at last nights rally in Long Island! He wants to #MakeAmericaGreatAgain https:/‚Ä¶
hunkaberninlove,RT @zachhaller: I should get a #BernieOrBust tattoo on my forehead so Hillary people know not to bother
TomKeough,#ToneDownForWhat #BernieOrBust #FeelTheBern #HillNo not ever! https://t.co/cUStOAk6U7
drumquint,"RT @trump_world: ""My superpac? The american people!""
@realDonaldTrump¬†
GO TRUMP!
WE GOT YOUR BACK!
#MakeAmericaGreatAgain
#Trump2016 https:‚Ä¶"
rplandry1964,"Buckle up on my way to Denver :-) (@ Love's Travel Stop in Salina, UT) https://t.co/lvctqqyWZb"
SandiBurkhart,RT @cook_robert_l: New York can lead the way to an overwhelming victory for a better world. #FeelTheBern #BernieOrBust  https://t.co/zTYe6m‚Ä¶
Falgi,"RT @realDonaldTrump: ""@governor_savage: @realDonaldTrump is the only person who can save us from this corrupt political mess. #MakeAmericaG‚Ä¶"
floridastew,"RT @PatriotJewel: MT @ChuckNellis: Serious times require a serious candidate, #TedCruz. #SCPrimary https://t.co/1714IvyWkb #CruzCrew #PJNET"
VABVOX,"Amazeballs tweet of the day...
https://t.co/zXKLCyjeRb"
nathankirkwood,"RT @SaraGreenwell: @realDonaldTrump America loves you, Melania and the entire family. #NewYorkValues #VoteTrump"
RNcat50,RT @Campaign_Trump: Percentage of remaining delegates necessary to secure the nomination. #Trump2016 #TrumpTrain #MAGA https://t.co/OFfxA82‚Ä¶
Bart_39,MT @0boy: Brent Bozell III on Ted Cruz. #Cruz2016 #TCOT https://t.co/RCNJfVHXvQ #CruzCrew #PJNET
PamellaTitburg,Donald Trump #TrumpTrain 2016 Large White Custom Decal #republican  #2a #sgp #rightwing https://t.co/n0M2DrmPhm
AnnieIsAtlanta,Donald Trump #TrumpTrain 2016  X-Large White Custom Decal #republican  #sgp #republican https://t.co/cCyLHP4JbL
emerylittle3,Donald Trump HUGE 8ft #TrumpTrain 2016 Banner Sign #republican  #trump #ccot #nra https://t.co/nhobllYP5F
hunkaberninlove,RT @WorldForBernie: We can't sell our souls. That's why we'll never vote for @HillaryClinton! We stand with @BernieSanders #BernieOrBust ht‚Ä¶
Gramzy7,"The Lion of Liberty knows the rules of engagement.
Kardashian candidate does not.  #ChooseCruz #ccot #NYPrimary  https://t.co/u3qYhGfYuE"
thatcbjoa,RT @NadelParis: Finger waggin' PinocchioCommunist needs2go #ImWithHer #millennialsforhillary #NewYorkPrimary https://t.co/6lveV70TZ3 https:‚Ä¶
NoliaKaye,RT @Trumping_around: RT if u believe in TRUMP!! Trump has the leadership qualities we need. #MakeAmericaGreatAgain #Trump2016 https://t.co/‚Ä¶
WinnaWinna2016,RT @SenFrankNiceley: Friends don't let friends vote Trump.  #ChooseCruz https://t.co/3Q8m2soyo3
pawpatrol2015,"RT @Koxinga8: Who are the women backing Donald Trump? https://t.co/w5JURA9seC via @nypost
#TrumpTrain #Trump2016"
Chrisstypmac,RT @trump_world: Trump supporters outside Bethpage rally. Its a LOVE FEST - @realDonaldTrump #MakeAmericaGreatAgain  https://t.co/53W6vzqgwp
97bottels,RT @NadelParis: Finger waggin' PinocchioCommunist needs2go #ImWithHer #millennialsforhillary #NewYorkPrimary https://t.co/6lveV70TZ3 https:‚Ä¶
DrMartyFox,RT @LibertyUSA1776: Who's really the globalist?? Cruz or Trump?? ‚û° #Trump https://t.co/LcrnOfzlZj #NYPrimary #PAprimary #ChooseCruz https:/‚Ä¶
mesamaverick,@SpeakerRyan I just want Congress to do what they said and hold Hussein responsible.
AjaWorthyDavis,RT @BilldeBlasio: She's always been a show stopper. Thanks to @HillaryClinton for taking #InnerCircle to the next level. #ImWithHer https:/‚Ä¶
mightysparty,#NYPrimary #PAPrimary #MDPrimary #CTPrimary #DEPrimary #RIPrimary #ChooseCruz üá∫üá∏ #Cruz2016 üá∫üá∏ #Veterans  https://t.co/htVRbUGKn7
JamieHowdra,RT @NadelParis: Finger waggin' PinocchioCommunist needs2go #ImWithHer #millennialsforhillary #NewYorkPrimary https://t.co/6lveV70TZ3 https:‚Ä¶
btategolfpro,RT @SupportMelania: Get on the Wall and support #Trump and  https://t.co/kELwaSacB6  https://t.co/HdM19SSov0
arubenstein,"I can't stop watching the #dceaglecam üê£
Thanx 2 @EaglesDotOrg @NatArboretum @USDA https://t.co/tujGIhiS0W"
sarahal15586515,"RT @DarleneHBrook: .@newzealblog @tedcruz did not seal his records. Please read and consider https://t.co/o2dhrqQGfV 
#TedCruz #CruzCrew #T‚Ä¶"
SanAntokioGPO,RT @NadelParis: Finger waggin' PinocchioCommunist needs2go #ImWithHer #millennialsforhillary #NewYorkPrimary https://t.co/6lveV70TZ3 https:‚Ä¶
WhytePantherRN,#WhytePanther #BernieOrBUST #CryingForMe(#OutOfTheDarkness) https://t.co/bOPlj8MxfT https://t.co/NlK1AkJf6w
TheEmilMcay,RT @NadelParis: Finger waggin' PinocchioCommunist needs2go #ImWithHer #millennialsforhillary #NewYorkPrimary https://t.co/6lveV70TZ3 https:‚Ä¶
MagicalthymeM,RT @Politicaltwain1: #BernieOrBust #HillaryWho #BeenThereDoneThat #NeverHillary #StillSanders https://t.co/VuXzG4KFRl
gregory2831,RT @gene70: @JudgeJeanine @realDonaldTrump @FoxNews #makeamericagreatagain https://t.co/U8W5lGBCm9
CliffWilkin,MT @andersonDrLJA: #IChooseCruz For Many Great Reasons. Here Are Only a Few! https://t.co/ceAWFX6vcP #CruzCrew #PJNET
FromScratchstPe,RT @NadelParis: Finger waggin' PinocchioCommunist needs2go #ImWithHer #millennialsforhillary #NewYorkPrimary https://t.co/6lveV70TZ3 https:‚Ä¶
RiskRank,RT @WeNeedTrump: New York is only the beginning for Trump and the end for Cruz. #MakeAmericaGreatAgain https://t.co/rG454B394a
akamomofmany,RT @WeNeedTrump: I just don't understand how people can support socialism or communism... Unless they're lazy and or broke as hell. #MakeAm‚Ä¶
MTmarilyn2,"RT @joelbousley: This is not very progressive. If so, count me out. He deleted his comment. Below is a screenshot. #wtf #ImWithHer https://‚Ä¶"
hunkaberninlove,"RT @CindiPargressiv: All the kings horses, and all the kings men...couldn't put the Democratic Party together again. 
 #BernieorBust https:‚Ä¶"
PDMFNB,"#PDMFNB #HillaryClinton2016 #Network4Hillary #ImWithHer

Good morning! Network for Hillary! Is your opportunity... https://t.co/of0b2OgfHK"
SerniceDogLaws,RT @NadelParis: Finger waggin' PinocchioCommunist needs2go #ImWithHer #millennialsforhillary #NewYorkPrimary https://t.co/6lveV70TZ3 https:‚Ä¶
_michael_2015_,RT @ImagineAnna: I hate Ted Cruz more than Putin hates Obama #CruzCrew #WakeUpAmerica #tcot #CruzSexScandal #CruzVoterFraud https://t.co/3F‚Ä¶
Nalan121,"RT @WeNeedHillary: New York Democratic Polls 2016: Clinton‚Äôs Lead Grows https://t.co/SN8fQXHUhf
#ShesWithUs #ImWithHer #TNTweeters #p2 http‚Ä¶"
Texasopinon,"RT @Gramzy7: The brilliant, constitutional conservative knows the rules of engagement.  The reality TV star does not.
#ChooseCruz https://t‚Ä¶"
keksec__org,@realDonaldTrump It's very clear that they love you very much. #MakeAmericaGreatAgain
GZarella,Sanders Over the Edge https://t.co/UII9DCC86L  Sanders - just another politician... #ImWithHer #Clinton2016 #BerntOut
smusyr24,RT @NadelParis: Finger waggin' PinocchioCommunist needs2go #ImWithHer #millennialsforhillary #NewYorkPrimary https://t.co/6lveV70TZ3 https:‚Ä¶
floridastew,RT @PatriotJewel: MT @DanMartin_cards: There's Only One RIGHT Choice For POTUS VOTE #TEDCRUZ. #ChooseCruz https://t.co/YSCuf4jsB8 #CruzCrew‚Ä¶
deckerdesignf,RT @NadelParis: Finger waggin' PinocchioCommunist needs2go #ImWithHer #millennialsforhillary #NewYorkPrimary https://t.co/6lveV70TZ3 https:‚Ä¶
mashrafinia,@Space_Station @SpaceX @csa_asc another privte ethical capitalist venture spawned through a socialist program called @NASA #FeelingTheBern ?
Zonia_Cusrneh,RT @NadelParis: Finger waggin' PinocchioCommunist needs2go #ImWithHer #millennialsforhillary #NewYorkPrimary https://t.co/6lveV70TZ3 https:‚Ä¶
lisarupl,RT @NadelParis: Finger waggin' PinocchioCommunist needs2go #ImWithHer #millennialsforhillary #NewYorkPrimary https://t.co/6lveV70TZ3 https:‚Ä¶
waybaby,RT @acb4values: .@tedcruz works for every vote he gets! No candidate works harder for every single vote! #CruzCrew #UniteWithCruz https://t‚Ä¶
kathcoll2006,"RT @ElseMarilyn: #NYValues #CAPrimary 
#NYPrimary  #PAprimary  #AlwaysTrump #PresidentTrump
#TrumpTrain #Trump2016 
#NeverCruz https://t.co‚Ä¶"
nanblunt,RT @Africanfighter: He had 10 Pinocchios this week after WP debunked his false Panama claim. I'll add his event yesterday ended in chaos ht‚Ä¶
beDonaldDrumpf,realDonaldTrump is asking for more support... let's help him! #MakeDonaldDrumpfAgain #MakeAmericaGreatAgain #Trump2016
CharlesHamerle,RT @PatriotGinger: MT @DanMartin_cards: There's Only One RIGHT Choice For POTUS VOTE #TEDCRUZ. #ChooseCruz https://t.co/BBLxd9Iuit #CruzCre‚Ä¶
allyperl,"# offshore corps fell from 4,741 in '05 to 835 in '15 | Panama Papers prove Sanders wrong about Panama https://t.co/cs3Hm8dLA8 #ImWithHer"
waybaby,"RT @Shooters_Wife: .@tedcruz: If elected President, I'll veto any statute that exempts Congress. The law should apply evenly to every Ameri‚Ä¶"
wendyvoss,"RT @HardcoreRep: So this happened. @cologop #cogop2016 ""They did it"" Now claiming they were hacked! Please, tell us more. #TrumpTrain https‚Ä¶"
LarryMcelhiney,RT @The_Trump_Train: RETWEET if you think Donald Trump will be the hardest working president in history! #MakeAmericaGreatAgain https://t.c‚Ä¶
EveryDayIsPceir,RT @NadelParis: Finger waggin' PinocchioCommunist needs2go #ImWithHer #millennialsforhillary #NewYorkPrimary https://t.co/6lveV70TZ3 https:‚Ä¶
Pamjd219,"RT @trump_world: ""Latinos For Donald Trump 2016 ""Go Out &amp; #VoteTrump"" #LatinosForTrump #Hispanics4Trump #Trump2016 #NYPrimary https://t.co/‚Ä¶"
XxVinyn,RT @NadelParis: Finger waggin' PinocchioCommunist needs2go #ImWithHer #millennialsforhillary #NewYorkPrimary https://t.co/6lveV70TZ3 https:‚Ä¶
mas_gingy,RT @Jenice05809805: BE wise to the fake Twitter Accounts trying to pretend they are the @realDonaldTrump.  Be wise &amp; stay on #TrumpTrain tr‚Ä¶
MichaelRayAdam2,"RT @LindaSuhler: üí•RALLY MONDAY!
üéâDonald Trump Albany NYüéâ
‚úîÔ∏è VOTE #Trump2016 #NY
7 PM EDT 4/11
#NYValues
#NYPrimary
#TrumpTrainüöÇüá∫üá∏üá∫üá∏
https:/‚Ä¶"
wendyvoss,"RT @ElseMarilyn: #NYValues #CAPrimary 
#NYPrimary  #PAprimary  #AlwaysTrump #PresidentTrump
#TrumpTrain #Trump2016 
#NeverCruz https://t.co‚Ä¶"
RedStateWitch,"RT @dawngpsalm63: More proof of .@cologop cheating the tweet &amp; locking out Trump delegates &amp; this üî•üí£
#BurnTheGop 
#TrumpTrain
#Trump  https‚Ä¶"
likeitor_lumpit,"RT @ImagineAnna: Cruz facing disqualification for fraud in EIGHT STATES!!

#WakeUpAmerica #tcot #CruzSexScandal #TrumpTrain

https://t.co/h‚Ä¶"
HyperSentinel2,#Trump campaigns on competence but is running a campaign is incompetent (being out-hustled in the delegates). https://t.co/AlTreZZ5gK
CissyScum,"RT @NeilTurner_: @realDonaldTrump https://t.co/RBt4zoJE8n Don't support puppet candidates, support Trump - #VoteTrump! https://t.co/g8VNM2T‚Ä¶"
statuned0002,RT @NadelParis: Finger waggin' PinocchioCommunist needs2go #ImWithHer #millennialsforhillary #NewYorkPrimary https://t.co/6lveV70TZ3 https:‚Ä¶
willgroupglloab,RT @NadelParis: Finger waggin' PinocchioCommunist needs2go #ImWithHer #millennialsforhillary #NewYorkPrimary https://t.co/6lveV70TZ3 https:‚Ä¶
amrightnow,"""The Real Trump"" Make Video #1 (Trump About You) https://t.co/j58e8aacrE #MakeAmericaGreatAgain #tcot #trump https://t.co/24DELDB3jg"
drumquint,RT @trump_world: https://t.co/1OgNrHYIXo
Laffincrow,#BernieStrong can see thru #Gaslight fog! https://t.co/0U5GEKGFnQ
JackELeeJr,@NYC4TRUMP2016 @realDonaldTrump #VeteransForTrump #Trump2016 #MakeAmericaGreatAgain https://t.co/Hxva5P0Sp8 https://t.co/AreEpX1kIn
sunbeltgirl,"MT @kvmidd85: A new day is dawning, America and new hope fills our hearts! https://t.co/sljmTsdgdl #CruzCrew #PJNET"
Midwood49,"RT @realDonaldTrump: ""@jlopez05391: @realDonaldTrump Rochester loves you! See you tomorrow! #MakeAmericaGreatAgain #Trump2016 #TrumpTrain""‚Ä¶"
LVfujimijn,RT @silversavant: RT RT NadelParis: Finger waggin' PinocchioCommunist needs2go #ImWithHer #millennialsforhillary #NewYorkPrimary was‚Ä¶ https‚Ä¶
MsCagureir,RT @NadelParis: Finger waggin' PinocchioCommunist needs2go #ImWithHer #millennialsforhillary #NewYorkPrimary https://t.co/6lveV70TZ3 https:‚Ä¶
Linda1746,"RT @TomKeough: @OmanReagan @Linda1746 
#ToneDownForWhat #BernieOrBust #FeelTheBern #HillNo not ever! https://t.co/Wf2AqXx3Ue"
FreedomChild3,"RT @M_Tiryakioglu: What can #Hillary possibly have to hide abt her speeches?
#NeverHilary
#StillSanders
#BernieOrBust
#BernieSanders
https:‚Ä¶"
robegtalonso,RT @NadelParis: Finger waggin' PinocchioCommunist needs2go #ImWithHer #millennialsforhillary #NewYorkPrimary https://t.co/6lveV70TZ3 https:‚Ä¶
amrightnow,Its harvest time vote Trump 2016 #realdonaldtrump #VoteTrump2016 #MakeAmericaGreatAgain #tcot #1A #2A #military https://t.co/f6AFqUqei5
HookHelena,"RT @NMarco331: Last person to use such an amazing slogan was also the last person to #MakeAmericaGreatAgain

#VoteTrump https://t.co/EQ1O7M‚Ä¶"
lusthogs,"@Campaign_Trump Europe is practically unrecognizable. Sad to see this garbage ALLOWED 2-invade. #MakeAmericaGreatAgain 
Go @realDonaldTrump"
itsobamas_fault,RT @Campaign_Trump: Percentage of remaining delegates necessary to secure the nomination. #Trump2016 #TrumpTrain #MAGA https://t.co/OFfxA82‚Ä¶
amrightnow,Trump Todays ‚ÄúSpelling Lesson‚Äù #realdonaldtrump #VoteTrump2016 #TrumpTrain  https://t.co/j58e8aacrE https://t.co/DUgJtoq9BO
ObjectiveMs,"RT @SandraHartle: üîπ #Trump
üîπ #MAGA
üîπ #Women4Trump
üîπ #NYValues
üîπ #NYPrimary
üîπ #CruzCrew
üîπ #NeverCruz
üîπ #stayonbudget
üîπ #BigHeart
üîπ #PA https‚Ä¶"
amrightnow,Its harvest time vote Trump 2016 #realdonaldtrump #VoteTrump2016 #MakeAmericaGreatAgain #tcot #1A #Wisconsin https://t.co/r4L7ZctKBU
dawngpsalm63,"RT @LindaSuhler: üí•RALLY TOMORROW!
üéâDonald Trump Rochester NYüéâ
‚úîÔ∏è VOTE #Trump2016 
3 PM EDT
#NYPrimary
#NYValues
#TrumpTrainüöÇüá∫üá∏üá∫üá∏
https://t.‚Ä¶"
mikeq36,"RT @realDonaldTrump: ""@governor_savage: @realDonaldTrump is the only person who can save us from this corrupt political mess. #MakeAmericaG‚Ä¶"
mltucker2,RT @WayneDupreeShow: Boston Globe smears GOP front-runner Donald Trump with fake Sunday front-page headline https://t.co/AYgT1aLpMo #TrumpT‚Ä¶
cuteangiie,"RT @HardcoreRep: So this happened. @cologop #cogop2016 ""They did it"" Now claiming they were hacked! Please, tell us more. #TrumpTrain https‚Ä¶"
eTjanoSool,RT @NadelParis: Finger waggin' PinocchioCommunist needs2go #ImWithHer #millennialsforhillary #NewYorkPrimary https://t.co/6lveV70TZ3 https:‚Ä¶
KelsH2,Amen to that!  He stands up to them because he is standing up for us!  #CruzCrew #Cruz2016 https://t.co/DKUx1UPO8r
rescuetracker81,"RT @Koxinga8: Who are the women backing Donald Trump? https://t.co/w5JURA9seC via @nypost
#TrumpTrain #Trump2016"
Dbcheshirekatt,RT @NadelParis: Finger waggin' PinocchioCommunist needs2go #ImWithHer #millennialsforhillary #NewYorkPrimary https://t.co/6lveV70TZ3 https:‚Ä¶
rescuetracker81,"RT @Koxinga8: Nearly three-quarters of Republicans think #Trump will be the nominee https://t.co/cZhMSMeCYH via @MailOnline
#TrumpTrain #Tr‚Ä¶"
yelsada,RT @girl_iowagirl20: #TRUMPTRAIN Please RT to honor our #FarmersForTrump  https://t.co/tyZPfgfjWT
szsublimianls,RT @NadelParis: Finger waggin' PinocchioCommunist needs2go #ImWithHer #millennialsforhillary #NewYorkPrimary https://t.co/6lveV70TZ3 https:‚Ä¶
NAPAAUTOJobs,"We're #hiring! Read about our latest #job opening here: Bilingual Counter Sales (Kansas City) - https://t.co/AQElC39dl3 #KansasCity, KS"
Kitten147,RT @tedcruz: Thank you Colorado for another resounding victory! https://t.co/PXWWcifJKK #ChooseCruz #CruzCrew https://t.co/zhMVq5QpeH
ptcNetwoqks,RT @NadelParis: Finger waggin' PinocchioCommunist needs2go #ImWithHer #millennialsforhillary #NewYorkPrimary https://t.co/6lveV70TZ3 https:‚Ä¶
politicianslie,"RT @Libertea2012: MT Prediction: #BernieSanders will be our 45th President Stats from top predictive primaries, KS &amp;;‚Ä¶ #BernieStrong https:‚Ä¶"
SaddamoStella,RT @rossr122: Judge Jeanine Pirro Interviews #DonaldTrump 4-9-16 (Video)... #Trump #Trump2016 #TrumpTrain #STOPGOPe #AmericaFIRST https://t‚Ä¶
Chad_59,"MT @LynnMarki: Sportsmen, Care about your #2A Rights? Vote 4 TED CRUZ! https://t.co/OukYM6y7GN #CruzCrew #PJNET"
mesamaverick,@AF_trackfield Trivia:-) What track world record set at#USAFA will never be broken?
tazman0413,RT @WeNeedTrump: I just don't understand how people can support socialism or communism... Unless they're lazy and or broke as hell. #MakeAm‚Ä¶
1stTorrent,Get in the Zone and on the #Trump Wall https://t.co/1VicGoH9y3 https://t.co/bzFoGkI3RE
alexonline888,Cruz Wins Colorado https://t.co/eL9Os0cTj5 @realdonaldtrump your time is over. The time to #choosecruz @tedcruz is now. #cruzcrew 2016! :-)
MJesten,"RT @healthandcents: The Life-Saving Power of üî´‚ÄºÔ∏èSecond Amendment Prevented Beheading in Oklahoma 

https://t.co/wp5Vk4NTLt
.@realDonaldTrum‚Ä¶"
pEicRevjewGuys,RT @NadelParis: Finger waggin' PinocchioCommunist needs2go #ImWithHer #millennialsforhillary #NewYorkPrimary https://t.co/6lveV70TZ3 https:‚Ä¶
amrightnow,Jobs 4 #Veterans Trump Your Safety  #realdonaldtrump #VoteTrump2016 #TrumpTrain https://t.co/j58e8aacrE #military https://t.co/XE9z0P2jzN
sarahal15586515,#Foxnews #FoxNewsSunday #FNS #foxandfriends #NYPrimary #KarlRove #rushlimbaugh https://t.co/iJgKiI4xjb
WBrocuglio,"RT @NeilTurner_: @realDonaldTrump https://t.co/RBt4zoJE8n Don't support puppet candidates, support Trump - #VoteTrump! https://t.co/g8VNM2T‚Ä¶"
onealteredego,RT @Campaign_Trump: Percentage of remaining delegates necessary to secure the nomination. #Trump2016 #TrumpTrain #MAGA https://t.co/OFfxA82‚Ä¶
relaxedinthenow,RT @bernorjill: #FeelTheBern #BernieOrBust #BernieSanders  https://t.co/fCGSXRcOiB
JamesMLowery,Sander;s Wyoming win: &gt;YAWN&lt;.  (love me some split delegates). #ImWithHer
1stTorrent,Get in the Zone and on the #Trump Wall https://t.co/1VicGoH9y3 https://t.co/stusfhW7Ga
ecmprint,"@realDonaldTrump stole $150,000 from 9/11 fund; lying and telling them his company was a small business. #NeverTrump https://t.co/7PYdeIbrHs"
1stTorrent,Get in the Zone and on the #Trump Wall https://t.co/1VicGoH9y3 https://t.co/8OaA3Ns2XI
Esteban15120999,"RT @truth4trump2016: #TrumpPplPower PlanAWinGOPNminatnPlanBWinIndepParty
NminatnPlanCWinBthPlanDPresTrump2016
WinsBigstVotesinAmerHistry
 h‚Ä¶"
kathcoll2006,"RT @ElseMarilyn: #NYValues #CAPrimary 
#NYPrimary  #PAprimary  #AlwaysTrump #PresidentTrump
#TrumpTrain #Trump2016 
#NeverCruz https://t.co‚Ä¶"
1stTorrent,Get in the Zone and on the #Trump Wall https://t.co/1VicGoH9y3 https://t.co/QLqm7f3V0G
JEL317,RT @martyalpert: OMG so disappointed that a Democrat can't.... oh wait.  He's not a Democrat.  #ImWithHer  https://t.co/DgmrCJ1iBt
HrcGeneration,"RT @WeNeedHillary: Feel The Bern: Sanders Tax Plan Would Kill 6 Million Jobs https://t.co/qVOMQoEfIS
#ShesWithUs #ImWithHer #TNTweeters htt‚Ä¶"
1stTorrent,Get in the Zone and on the #Trump Wall https://t.co/1VicGoH9y3 https://t.co/urkKCFuW48
BradleyWasson,RT @tedcruz: Thank you Colorado for another resounding victory! https://t.co/PXWWcifJKK #ChooseCruz #CruzCrew https://t.co/zhMVq5QpeH
Lagartija_Nix,"RT @LindaSuhler: üí•RALLY MONDAY!
üéâDonald Trump Albany NYüéâ
‚úîÔ∏è VOTE #Trump2016 #NY
7 PM EDT 4/11
#NYValues
#NYPrimary
#TrumpTrainüöÇüá∫üá∏üá∫üá∏
https:/‚Ä¶"
ObjectiveMs,RT @The_Trump_Train: RETWEET if you think Donald Trump will be the hardest working president in history! #MakeAmericaGreatAgain https://t.c‚Ä¶
Laurie_Ayyy,"RT @TheSolarSpirit: Anyone but #Bernie means more proxy wars around the globe, jobs will be outsourced &amp; the Planet will be almost uninhabi‚Ä¶"
0Nonsense,They got it right on one thing: he will do what he says. #trump2016 https://t.co/4z0GLNzdEY
1stTorrent,Get in the Zone and on the #Trump Wall https://t.co/1VicGoH9y3 https://t.co/JHNsKXsFpD
Jacob_M_Dkera,RT @NadelParis: Finger waggin' PinocchioCommunist needs2go #ImWithHer #millennialsforhillary #NewYorkPrimary https://t.co/6lveV70TZ3 https:‚Ä¶
Thunderballs2,"RT @VABVOX: Amazeballs tweet of the day...
https://t.co/zXKLCyjeRb"
tcsquires31,RT @NadelParis: Finger waggin' PinocchioCommunist needs2go #ImWithHer #millennialsforhillary #NewYorkPrimary https://t.co/6lveV70TZ3 https:‚Ä¶
peachesgirli23,RT @alcardfan: @StillTrucking @RichaSally @DixieLand_Diva_ @realDonaldTrump OK start naming kind Christian acts of other candidates  #Trump‚Ä¶
New0rleans_Lady,RT @LibertyUSA1776: Who's really the globalist?? Cruz or Trump?? ‚û° #Trump https://t.co/LcrnOfzlZj #NYPrimary #PAprimary #ChooseCruz https:/‚Ä¶
1stTorrent,Get in the Zone and on the #Trump Wall https://t.co/1VicGoH9y3 https://t.co/vaQeru9MI6
GinaInTheBurg,#NYprimary #NYforBernie #Campaign2016 #BernieOrBust #BernieSanders #Bernie2016 #Election 2016 https://t.co/AJB6U9c0oQ
Midwood49,"RT @realDonaldTrump: ""@governor_savage: @realDonaldTrump is the only person who can save us from this corrupt political mess. #MakeAmericaG‚Ä¶"
PhyllisHart16,"RT @dawngpsalm63: üôèüèªüá∫üá∏‚ù§Ô∏èüôèüèª
.@cologop what u have done is going to #BurnTheGop down #GOPe most corrupt ppl
#TrumpTrain
#Trump üëáüèΩread RT http‚Ä¶"
solomon_ann,"RT @realDonaldTrump: ""@jlopez05391: @realDonaldTrump Rochester loves you! See you tomorrow! #MakeAmericaGreatAgain #Trump2016 #TrumpTrain""‚Ä¶"
JillWifosf,RT @NadelParis: Finger waggin' PinocchioCommunist needs2go #ImWithHer #millennialsforhillary #NewYorkPrimary https://t.co/6lveV70TZ3 https:‚Ä¶
plunkeatty_,RT @NadelParis: Finger waggin' PinocchioCommunist needs2go #ImWithHer #millennialsforhillary #NewYorkPrimary https://t.co/6lveV70TZ3 https:‚Ä¶
DebAlwaystrump,"RT @LindaSuhler: üí•RALLY TOMORROW!
üéâDonald Trump Rochester NYüéâ
‚úîÔ∏è VOTE #Trump2016 
3 PM EDT
#NYPrimary
#NYValues
#TrumpTrainüöÇüá∫üá∏üá∫üá∏
https://t.‚Ä¶"
Movies1120,RT @NadelParis: Finger waggin' PinocchioCommunist needs2go #ImWithHer #millennialsforhillary #NewYorkPrimary https://t.co/6lveV70TZ3 https:‚Ä¶
allyperl,üòÇüòÇüòÇ #ImWithHer  https://t.co/SBZRy2XexN
1stTorrent,Get in the Zone and on the #Trump Wall https://t.co/1VicGoH9y3 https://t.co/MuhkE0JvJB
FloggerMiester,"Congrats #CruzCrew you handed the #GOP estab a win If you think GOP will hand Cruz nomination you are out of you GD mind 
Vote #Trump"
politicianslie,RT @Libertea2012: MT Retweeted Miss Myrtle (@MissMyrtle2): I'm With These‚Ä¶ https://t.co/Z2kLlj4mwq #BernieStrong https://t.co/SplF5oA3ur
ShezusChrist,RT @ChamoyChulo: #MakeAmericaGreatAgain #ImWithHer https://t.co/6vZdAokyE9
L4103617K4,"RT @DarleneHBrook: .@newzealblog Donald Trump's HUGE admiration for Globalists https://t.co/k1htaB6NH1 https://t.co/Oxg8v2ljCj
#NYPrimary #‚Ä¶"
1stTorrent,Get in the Zone and on the #Trump Wall https://t.co/1VicGoH9y3 https://t.co/beQbx0FtXo
WVFashioShown,RT @NadelParis: Finger waggin' PinocchioCommunist needs2go #ImWithHer #millennialsforhillary #NewYorkPrimary https://t.co/6lveV70TZ3 https:‚Ä¶
PatriotGinger,MT @jphilman0206: He stood for us when the rest betrayed us. #TrusTed #UniteWithCruz https://t.co/kydWUoFykS #CruzCrew #PJNET
bbertha,"RT @IvoryDove: Cruz &amp; Trump argue. When two kids are calling each other liars, you naturally believe the steady one 

https://t.co/lIhsRH1W‚Ä¶"
1stTorrent,Get in the Zone and on the #Trump Wall https://t.co/1VicGoH9y3 https://t.co/zCVo3kwGFq
DNosegotten,#FeelTheBern #BernieInPhilly #BernieInTheBronx #ImWithHer #NYPrimary #HillarySoQualified #HillaryResearch #bernout https://t.co/awmaipc8SI
MamaBear4Cruz,RT @PatriotGinger: Bring the Washington DC Cartel gravy train to a screeching halt! #CruzCrew #PJNET https://t.co/GCSmhIP1As
Dr_Mark1,"RT @ElseMarilyn: #NYValues #CAPrimary 
#NYPrimary  #PAprimary  #AlwaysTrump #PresidentTrump
#TrumpTrain #Trump2016 
#NeverCruz https://t.co‚Ä¶"
fatimap72,RT @AlGiordano: They were totally trolling her with the cheesecake. Had they set out a combo rueben or latkes she woulda had to eat. https:‚Ä¶
parokee,"British Minister  Robert Goodwill in Tehran
 Iran to review its national railway links &amp; long overdue service &amp; overhaul of the system"
fawfulfan,"RT @fussylooksowhat: Laura Bush SLAMS The GOP, Says She‚Äôd Rather Vote For Hillary Than A Republican @HillaryClinton #ImWithHer #POTUS2016
h‚Ä¶"
georgemackey61,"@Kotcha301 @LindaSuhler @realDonaldTrump Any candidate OTHER  than most popular being nominated is ""Taxation w/o REPRESENTATION"" #TrumpTrain"
fitzrandolph4,"RT @Don_Vito_08: üòç WE LOVE THE #TrumpTrain üòç
Stand Strongüí™ and Together üë´
Let's Go For 100% üëä #NewYorkValues #NYPrimary #NeverCruz https://‚Ä¶"
IdiocracyNowPlz,@benshapiro #MAGA #StumpTheCucks #CruzCrew #NeverCruz #NeverKasich #OnlyTrump @realDonaldTrump https://t.co/B2LL7Fhenz
ezrateach,"RT @VABVOX: Amazeballs tweet of the day...
https://t.co/zXKLCyjeRb"
DGabran,RT @NadelParis: Finger waggin' PinocchioCommunist needs2go #ImWithHer #millennialsforhillary #NewYorkPrimary https://t.co/6lveV70TZ3 https:‚Ä¶
tSephStouffer,RT @NadelParis: Finger waggin' PinocchioCommunist needs2go #ImWithHer #millennialsforhillary #NewYorkPrimary https://t.co/6lveV70TZ3 https:‚Ä¶
mommags2579,"RT @LindaSuhler: üí•RALLY MONDAY!
üéâDonald Trump Albany NYüéâ
‚úîÔ∏è VOTE #Trump2016 #NY
7 PM EDT 4/11
#NYValues
#NYPrimary
#TrumpTrainüöÇüá∫üá∏üá∫üá∏
https:/‚Ä¶"
fatimap72,"RT @WeNeedHillary: Turns Out Hillary Clinton &amp; President Obama Were Right on Panama https://t.co/aNcGUxRD4r
#ShesWithUs #ImWithHer #p2 http‚Ä¶"
USHouse2020,"America:Ted Cruz is an articulate, trustworthy, principled leader, who will unite the Conservative Movement!no trump https://t.co/9FAwRFm2kD"
madscape,"RT @Koxinga8: Who are the women backing Donald Trump? https://t.co/w5JURA9seC via @nypost
#TrumpTrain #Trump2016"
madscape,"RT @Koxinga8: Nearly three-quarters of Republicans think #Trump will be the nominee https://t.co/cZhMSMeCYH via @MailOnline
#TrumpTrain #Tr‚Ä¶"
Disidula,RT @NadelParis: Finger waggin' PinocchioCommunist needs2go #ImWithHer #millennialsforhillary #NewYorkPrimary https://t.co/6lveV70TZ3 https:‚Ä¶
pianogreen,https://t.co/L8zVELqQGs   #FeelTheMath #ImWithHer
kuvrdojel,RT @NadelParis: Finger waggin' PinocchioCommunist needs2go #ImWithHer #millennialsforhillary #NewYorkPrimary https://t.co/6lveV70TZ3 https:‚Ä¶
1kimoui,RT @BobbyTBD: Sorry @BernieSanders u don't own us all! #ImWithHer #Millennials4Hillary #MillennalsForHillary @HillaryClinton https://t.co/6‚Ä¶
relaxedinthenow,RT @bernorjill: #FeelTheBern #BernieOrBust #BernieSanders  https://t.co/WynwRH6xB3
MizzieRoberts,"RT @realDonaldTrump: ""@governor_savage: @realDonaldTrump is the only person who can save us from this corrupt political mess. #MakeAmericaG‚Ä¶"
RNcat50,"RT @LindaSuhler: The truth is like a lion;
you don‚Äôt have to defend it.
Let it loose;
it will defend itself.

#MakeAmericaGreatAgain https:‚Ä¶"
808hopeful,"RT @WeNeedHillary: Turns Out Hillary Clinton &amp; President Obama Were Right on Panama https://t.co/aNcGUxRD4r
#ShesWithUs #ImWithHer #p2 http‚Ä¶"
WalktheTalkBern,RT @genefoxjr: As a Vermonter &amp; a #Dem I'm hoping that our former great gov #HowardDean will challenge #Sanders 4 the Senate next time roun‚Ä¶
Leeannemorrison,"RT @TWA2Garp: Trump for America
Trump for Legal Immigration

Latinos For Trump

Inspiring https://t.co/CyRL37T92R"
DJCorsiNCY,RT @NadelParis: Finger waggin' PinocchioCommunist needs2go #ImWithHer #millennialsforhillary #NewYorkPrimary https://t.co/6lveV70TZ3 https:‚Ä¶
dawngpsalm63,RT @Micha_Joy: Why do I support @realDonaldTrump ? My children's future is at stake. #MakeAmericaGreatAgain https://t.co/0qwN3botKf
_sgnnukuvzn,RT @NadelParis: Finger waggin' PinocchioCommunist needs2go #ImWithHer #millennialsforhillary #NewYorkPrimary https://t.co/6lveV70TZ3 https:‚Ä¶
AuntBree567,THE JOKE IS ESTABLISHMENT THINK WE DON'T GET IT.PAUL RYAN HAS 0% INTEGRITY!HE'S ALL 4 PAUL&amp;NOT 4 USA!!! ANOTHER BUM! https://t.co/3ldu0ACXdB
Elumako,RT @NomikiKonst: What was misinformed? The private prison money connection? Sorry the truth hurts.  https://t.co/TGoDgx1v30
getreal1234,"RT @AllTrumpexpress: @mitchellvii @wyffnews4 

https://t.co/WE6muMbREf"
Magic_Mych,"@BernieSanders tell us what you really meant to say?  Paper thin when it comes to the FACTS! #ImWithHer 
https://t.co/DvQW7BpSj2"
AgnesClaire,"RT @ToddHagopian: BREAKING: @tedcruz sweeps 100% of the delegates in Colorado tonight!

Huge coup for the #CruzCrew &amp; huge black eye for #T‚Ä¶"
NvrSurrender101,"RT @ImagineAnna: Cruz facing disqualification for fraud in EIGHT STATES!!

#WakeUpAmerica #tcot #CruzSexScandal #TrumpTrain

https://t.co/h‚Ä¶"
dawngpsalm63,"RT @BoCleo2: Thank you!
#MakeAmericaGreatAgain
 https://t.co/0wtP4GfxIl"
Jimbos2002,"RT @realDonaldTrump: ""@jlopez05391: @realDonaldTrump Rochester loves you! See you tomorrow! #MakeAmericaGreatAgain #Trump2016 #TrumpTrain""‚Ä¶"
mileysgames,"RT @realDonaldTrump: ""@lilrachiepoo: @realDonaldTrump Thank you, Mr. Trump, for your personal and financial sacrifices in this journey to #‚Ä¶"
Lorde_Squid,Wanda keeps farting in her sleep and I cannot believe such a cute precious little angel like her can produce such a vial stench. üò† ew
BeantownBop,RT @cook_robert_l: New York can lead the way to an overwhelming victory for a better world. #FeelTheBern #BernieOrBust  https://t.co/zTYe6m‚Ä¶
ASerignese,"RT @realDonaldTrump: ""@jlopez05391: @realDonaldTrump Rochester loves you! See you tomorrow! #MakeAmericaGreatAgain #Trump2016 #TrumpTrain""‚Ä¶"
Obetron1967,"RT @realDonaldTrump: ""@jlopez05391: @realDonaldTrump Rochester loves you! See you tomorrow! #MakeAmericaGreatAgain #Trump2016 #TrumpTrain""‚Ä¶"
Worldofcraze,"When @BernieSanders questions @HillaryClinton qualifis, u know sthg wrong. Result: he sinks in polls #NYPrimary  https://t.co/8bTzbI6kFw"
TrumpGear2016,#trump #trumptrain Is Donald Trump still upset he wasn't Time's Person of the Year?... https://t.co/9zpSIJ5Pjx https://t.co/15JJLzxQQW #rt
yourfriendsens,RT @silversavant: RT RT NadelParis: Finger waggin' PinocchioCommunist needs2go #ImWithHer #millennialsforhillary #NewYorkPrimary was‚Ä¶ https‚Ä¶
caperguy33,"RT @timmbarton123: @milesjreed @AlwaysThinkHow 

#imwithHER https://t.co/E2EaSSQ9fo"
CrackerDude30,"RT @Don_Vito_08: üòçWE LOVE THE #TrumpTrain #Vote üòç Strongüí™ Together üë´
üëä #NYPrimary #NeverCruz @realDonaldTrump @JudgeJeanine @FoxNews https:‚Ä¶"
caf514,RT @WayneDupreeShow: Boston Globe smears GOP front-runner Donald Trump with fake Sunday front-page headline https://t.co/AYgT1aLpMo #TrumpT‚Ä¶
Bellamelisko,I love to wake up next to you
_uwawjbccq,RT @NadelParis: Finger waggin' PinocchioCommunist needs2go #ImWithHer #millennialsforhillary #NewYorkPrimary https://t.co/6lveV70TZ3 https:‚Ä¶
jrarvelo,"RT @LindaSuhler: üí•RALLY TOMORROW!
üéâDonald Trump Rochester NYüéâ
‚úîÔ∏è VOTE #Trump2016 
3 PM EDT
#NYPrimary
#NYValues
#TrumpTrainüöÇüá∫üá∏üá∫üá∏
https://t.‚Ä¶"
tponews,"RT @SandyMarrett: @amandacarpenter @SenTedCruz @tedcruz @realDonaldTrump 
https://t.co/YIIZ5TC7Bo
#cruzsexscandal"
508zamo,"RT @bfraser747: @realDonaldTrump #Vote4Trump #Trump2016 #TrumpTrain  We need a President who really will fight for ""We the People"" https://‚Ä¶"
SuckMyLEFTJuan,"RT @GodlessNZ: #JaneSanders beautiful inside &amp; out will be smart, strong, dignified #FLOTUS &amp; #JOTUS we &lt;3 you two #FeelTheBern https://t.c‚Ä¶"
tSrng_Dichotoym,RT @NadelParis: Finger waggin' PinocchioCommunist needs2go #ImWithHer #millennialsforhillary #NewYorkPrimary https://t.co/6lveV70TZ3 https:‚Ä¶
fitzrandolph4,"RT @realDonaldTrump: ""@governor_savage: @realDonaldTrump is the only person who can save us from this corrupt political mess. #MakeAmericaG‚Ä¶"
Doug_39,MT @cheryl42058: Cruz can fix what has been torn apart! Constitutional Conservative Man! https://t.co/TvUw0zN3TR #CruzCrew #PJNET
LanternLaelg,RT @NadelParis: Finger waggin' PinocchioCommunist needs2go #ImWithHer #millennialsforhillary #NewYorkPrimary https://t.co/6lveV70TZ3 https:‚Ä¶
republicknicks,"RT @LindaSuhler: üí•RALLY TOMORROW!
üéâDonald Trump Rochester NYüéâ
‚úîÔ∏è VOTE #Trump2016 
3 PM EDT
#NYPrimary
#NYValues
#TrumpTrainüöÇüá∫üá∏üá∫üá∏
https://t.‚Ä¶"
tponews,RT @SandyMarrett: @foxandfriends https://t.co/YIIZ5TC7Bo
Laffincrow,RT @cook_robert_l: @NPR Please correct your lie that #Bernie invited himself. We see your Clinton bias. #BernieOrBust  https://t.co/M2qxwlw‚Ä¶
terrianne0,"RT @ToddHagopian: ATTENTION #CruzCrew:

#Kasich sent ""vote Kasich"" flyers to #Cruz delegates in OH, then stabs us in the back in MI.  

He‚Ä¶"
sophiebrownie_,I just got stuck in a lucid dream ahhhh
es1999,New Yorker Trump Visits 9/11 Memorial &amp; Museum ... For the FIRST Time https://t.co/2aKd5tuwW6 #NYvalues #NYprimary #PAprimary #ChooseCruz
tponews,RT @SandyMarrett: @FoxNews https://t.co/YIIZ5TC7Bo
USAproud26,"#foxnews #tcot #onlytrump #thefive @AmericanAsPie @seanhannity 
Only @realDonaldTrump can #MakeAmericaGreatAgain https://t.co/l2FlrpAugZ"
bill_mullen,"RT @jstines3: A ruling rightly given...

SCOTUS appointments will be CRITICAL! #CruzCrew #TrusTED #PJNET #TCOT #CCOT #RenewUS

https://t.co‚Ä¶"
msann43,RT @TheTrumpTrain: WoooHooo! #GoTrumpGo #VoteTrump2016 #MakeAmericaGreatAgain #IADistrictConvention https://t.co/ZuWWEdaFsR
donny19621962,RT @WayneDupreeShow: Boston Globe smears GOP front-runner Donald Trump with fake Sunday front-page headline https://t.co/AYgT1aLpMo #TrumpT‚Ä¶
jstines3Paints,"STAND FIRM, #CruzCrew!

#PrayForTed &amp; our USA! 

#RenewUS #WakeUpAmerica #CCOT #PJNET #TCOT #TrusTed #Cruz2016

https://t.co/pIEovXzrW2"
Chrisstypmac,"RT @realDonaldTrump: ""@jlopez05391: @realDonaldTrump Rochester loves you! See you tomorrow! #MakeAmericaGreatAgain #Trump2016 #TrumpTrain""‚Ä¶"
jstines3Paints,Cruz talks border wall in 2011!! https://t.co/iDjwxCbr5i #CruzCrew #TCOT #PJNET https://t.co/jzxRm1dK66
solomon_ann,"RT @realDonaldTrump: ""@governor_savage: @realDonaldTrump is the only person who can save us from this corrupt political mess. #MakeAmericaG‚Ä¶"
doctorbitusa,Twitter is therapeutic! -So many numbskulls tho... Are they working or stealing hrs from employer? Get back 2 work! #MakeAmericaGreatAgain!
patagoniapapy,betchu Travis won't try a real rude boy like that. see if my fam doesn't cut him to pieces and feed him to pigs. show him this Sean.
montannaalexiss,If you don't have the same intentions as me I ain't for it üíÅ
pjlacasse22,RT @ToConservatives: It is #BernieOrBust Because it is Bernie or Disaster for all but The 1%. https://t.co/LLNlXgQkhZ
1RGB,"A Vote for @tedcruz is a vote for the establishment status quo.
#MakeAmericaGreatAgain https://t.co/8cNOSoAsJJ"
johnnybsra,RT @NadelParis: Finger waggin' PinocchioCommunist needs2go #ImWithHer #millennialsforhillary #NewYorkPrimary https://t.co/6lveV70TZ3 https:‚Ä¶
QuieroUSA,"RT @joannesmoot: Trump on #carly #disabled #5thAvenue #nevertrump #StopTrump 
#UniteWithCruz #ChooseCruz https://t.co/oY25JpT6GU"
DrMarkWCocnarh,RT @NadelParis: Finger waggin' PinocchioCommunist needs2go #ImWithHer #millennialsforhillary #NewYorkPrimary https://t.co/6lveV70TZ3 https:‚Ä¶
patagoniapapy,pussy boy
mommags2579,"RT @ElseMarilyn: #NYValues #CAPrimary 
#NYPrimary  #PAprimary  #AlwaysTrump #PresidentTrump
#TrumpTrain #Trump2016 
#NeverCruz https://t.co‚Ä¶"
NoKill20kmLife,@NoKill20kmLife #BernieSanders #BernieorBust
CliffWilkin,"MT @jphilman0206: We need a POTUS to Unite us behind American Values, Constitution, &amp; Liberty https://t.co/qj6JBbgStV #CruzCrew #PJNET"
Jimbos2002,"RT @realDonaldTrump: ""@governor_savage: @realDonaldTrump is the only person who can save us from this corrupt political mess. #MakeAmericaG‚Ä¶"
ImmoralReport,RT @es1999: New Yorker Trump Visits 9/11 Memorial &amp; Museum ... For the FIRST Time https://t.co/2aKd5tuwW6 #NYvalues #NYprimary #PAprimary #‚Ä¶
ImmoralReport,"RT @DarleneHBrook: .@newzealblog Donald Trump's HUGE admiration for Globalists https://t.co/k1htaB6NH1 https://t.co/Oxg8v2ljCj
#NYPrimary #‚Ä¶"
ImmoralReport,RT @alexonline888: Cruz Wins Colorado https://t.co/eL9Os0cTj5 @realdonaldtrump your time is over. The time to #choosecruz @tedcruz is now.‚Ä¶
ImmoralReport,RT @mightysparty: #NYPrimary #PAPrimary #MDPrimary #CTPrimary #DEPrimary #RIPrimary #ChooseCruz üá∫üá∏ #Cruz2016 üá∫üá∏ #Veterans  https://t.co/htV‚Ä¶
ImmoralReport,"RT @Gramzy7: The Lion of Liberty knows the rules of engagement.
Kardashian candidate does not.  #ChooseCruz #ccot #NYPrimary  https://t.co/‚Ä¶"
MinuteMom,"Fact Check: Trump On Universal Healthcare...

#CruzCrew

https://t.co/KvWAbhksxE"
relaxedinthenow,RT @bernorjill: #FeelTheBern #BernieSanders #NYPrimary2016 #NYPrimary #NewYork #BernieOrBust #BernieInNY  https://t.co/ifYEv3Llou
ImmoralReport,RT @nativekittens: #ChooseCruz #NewYorkPrimary #CaliforniaPrimary #PennsylvaniaPrimary #ConnecticutPrimary https://t.co/nHmwRp8Q01
ImmoralReport,RT @UROright: @BlueAngel807 Trump‚Äôs getting trounced in Indiana https://t.co/BPKU5CL4X6 Drunk tweeting last night? Looks like we're all gon‚Ä¶
ImmoralReport,RT @dansch2002: MT @DanMartin_cards: There's Only One RIGHT Choice For POTUS VOTE #TEDCRUZ. #ChooseCruz https://t.co/pdlov9XWcz #CruzCrew #‚Ä¶
AlexxxaSue,I'm about to pass out while @PeytonAnnee is driving but I'm worried she'll fall asleep too. We're so tired.
nNnoch1999fR,RT @silversavant: RT RT NadelParis: Finger waggin' PinocchioCommunist needs2go #ImWithHer #millennialsforhillary #NewYorkPrimary was‚Ä¶ https‚Ä¶
MarthaHotz,"RT @WeNeedHillary: New York Democratic Polls 2016: Clinton‚Äôs Lead Grows https://t.co/SN8fQXHUhf
#ShesWithUs #ImWithHer #TNTweeters #p2 http‚Ä¶"
TLC_CN,RT @TimBartender: HRC supporters brag about results from a rigged election. Then they wonder why I'm #BernieorBust #FeelTheBern https://t.c‚Ä¶
TheRealBizzyman,"When U spend 1wk/$1M to win 7 Delegates in WY and Hillary, 0days/$0, wins 11 Dels, that's ""Bern-mentum"" not Momentum #ImWithHer #Bernie2016"
bhswr3,"RT @realDonaldTrump: ""@governor_savage: @realDonaldTrump is the only person who can save us from this corrupt political mess. #MakeAmericaG‚Ä¶"
roziedb,RT @SaraGreenwell: @EricTrump There just might be a civil war if they don't put your dad in as the nominee. And I am not kidding. #RiseUp #‚Ä¶
davidbourgeau,"RT @realDonaldTrump: ""@Genie115: #MakeAmericaGreatAgain we can only do that with @realDonaldTrump RT https://t.co/RViAgxoa4t"""
Storm_Coming,"RT @realDonaldTrump: ""@governor_savage: @realDonaldTrump is the only person who can save us from this corrupt political mess. #MakeAmericaG‚Ä¶"
BatPool_0430,"RT @RichardAngwin: Cornel West sees it. Can you?
Don't get fooled again.
Vote for Bernie!!
#WYcaucus #NYprimary
#FeelTheBern #ImWithHer htt‚Ä¶"
9975Ts,"RT @ImagineAnna: Cruz facing disqualification for fraud in EIGHT STATES!!

#WakeUpAmerica #tcot #CruzSexScandal #TrumpTrain

https://t.co/h‚Ä¶"
AmberForAmerica,"RT @crosswindlive: MT @ChuckNellis: Vote for God &amp; Country, Not for greed &amp; corruption. Vote @TedCruz! https://t.co/1cl6KB2RGt #CruzCrew #P‚Ä¶"
Obetron1967,"RT @realDonaldTrump: ""@governor_savage: @realDonaldTrump is the only person who can save us from this corrupt political mess. #MakeAmericaG‚Ä¶"
BathJames,#Trump loves beauty. #America loves beauty. #VoteTrump for continued #Freedom for #Beauty and #Art @realDonaldTrump https://t.co/llGfV4zrC1
1RGB,"A Vote for @tedcruz is a vote for the establishment status quo.
#MakeAmericaGreatAgain https://t.co/GcyBajJmSU"
grinch518,"RT @TomKeough: @OmanReagan @Linda1746 
#ToneDownForWhat #BernieOrBust #FeelTheBern #HillNo not ever! https://t.co/Wf2AqXx3Ue"
WayneHenager,"RT @realDonaldTrump: ""@jlopez05391: @realDonaldTrump Rochester loves you! See you tomorrow! #MakeAmericaGreatAgain #Trump2016 #TrumpTrain""‚Ä¶"
Bellamelisko,"I love to hold you close, tonight and always, I love to wake up next to you"
KWhitley_,RT @ChamoyChulo: #MakeAmericaGreatAgain #ImWithHer https://t.co/6vZdAokyE9
WilliamNOtis,"RT @PatriotGinger2: MT @_CFJ_:  31 months BEFORE announcing running for4 President, Trump STOOD WITH DREAMers. https://t.co/SnzsLHf77C #Cru‚Ä¶"
fatimap72,RT @laureldavilacpa: Hillary Clinton Celebrates Beating Expectations And Tying Sanders In Wyoming Delegates via @politicususa https://t.co/‚Ä¶
amandahite,Going to a BBQ today with @HillaryClinton hosted by Terry &amp; Dorothy McAuliffe and performance by @CaroleKing ! #btclife #imwithher
donny19621962,RT @SaraGreenwell: @EricTrump There just might be a civil war if they don't put your dad in as the nominee. And I am not kidding. #RiseUp #‚Ä¶
bloodless_coup,"Yup. If Trump had the delegate-wrangling operation #CruzCrew has they'd say ""See? He's the ""doer"" he says he is."" https://t.co/bfUNeAPJbj"
TaliaRussovfg,RT @silversavant: RT RT NadelParis: Finger waggin' PinocchioCommunist needs2go #ImWithHer #millennialsforhillary #NewYorkPrimary was‚Ä¶ https‚Ä¶
Amberis4LSU,"@Trumpster5
Thx 4 the #FOLLOW 
#HearMeRoar 
#NYPrimary
#VoteTrumpNY
#MAGAüóΩ
#AlwaysTrump
#NewYorkValues
#TrumpTrain
üöÇüí®üá∫üá∏üá∫üá∏üá∫üá∏üá∫üá∏"
38_milo,"RT @InnerDonald: First Lady
and
Third Cousin...

I DON""T THINK SO
Haven't we had enough hillbilly hicks in the WH?

#AlwaysTrump https://t.‚Ä¶"
Ron___Wilson,RT @SaraGreenwell: @EricTrump There just might be a civil war if they don't put your dad in as the nominee. And I am not kidding. #RiseUp #‚Ä¶
amalshahin51,"RT @billclinton: What‚Äôs it like to campaign in FL, IL, MO, NC, and OH for @HillaryClinton? Good days with great people. #ImWIthHer https://‚Ä¶"
KZUMrdioa,RT @NadelParis: Finger waggin' PinocchioCommunist needs2go #ImWithHer #millennialsforhillary #NewYorkPrimary https://t.co/6lveV70TZ3 https:‚Ä¶
KVsTIM,RT @NadelParis: Finger waggin' PinocchioCommunist needs2go #ImWithHer #millennialsforhillary #NewYorkPrimary https://t.co/6lveV70TZ3 https:‚Ä¶
Johnsontx5Diane,"@realDonaldTrump Build the wall, but choose a Constitutional Conservative to lead our Country.
#ChooseCruz #OnlyCruz https://t.co/TpTSNK2IH6"
DALHOU,#DumpTrump #NeverTrump #NarcissisticTrump #LiarTrump #RinoTrump  #SleazyDonald #ToxicTump #AlwaysCruz https://t.co/mtRWWjMPTJ
TLC_CN,RT @TimBartender: HRC supporters brag about results from a rigged election. Then they wonder why I'm #BernieorBust #FeelTheBern https://t.c‚Ä¶
edwrather,Trump‚Äôs getting trounced in Indiana https://t.co/drmwPBUS5g #VoteTrump
DianneInIndiana,"A true conservative would not diss will of the people.
#Absolutely1237
#Women4Trump
#MakeAmericaGreatAgain
Lyin' Ted https://t.co/D19pJt5Nf5"
bnatsvilleusa,RT @NadelParis: Finger waggin' PinocchioCommunist needs2go #ImWithHer #millennialsforhillary #NewYorkPrimary https://t.co/6lveV70TZ3 https:‚Ä¶
pissedoff53,"RT @realDonaldTrump: ""@governor_savage: @realDonaldTrump is the only person who can save us from this corrupt political mess. #MakeAmericaG‚Ä¶"
SWJCorpIntlec,RT @NadelParis: Finger waggin' PinocchioCommunist needs2go #ImWithHer #millennialsforhillary #NewYorkPrimary https://t.co/6lveV70TZ3 https:‚Ä¶
InmateLocatro,RT @NadelParis: Finger waggin' PinocchioCommunist needs2go #ImWithHer #millennialsforhillary #NewYorkPrimary https://t.co/6lveV70TZ3 https:‚Ä¶
yMCHandcrafts,RT @NadelParis: Finger waggin' PinocchioCommunist needs2go #ImWithHer #millennialsforhillary #NewYorkPrimary https://t.co/6lveV70TZ3 https:‚Ä¶
Earl_59,"MT @TeriGRight: #TedCruz KEPT #AMERICA GREAT, by Protecting YOUR #Freedom! #ChooseCruz https://t.co/Pw1Occ8Q5d #CruzCrew #PJNET"
MickBlair54,"RT @WayneDupreeShow: .@KatrinaPierson spills the beans again: ‚ÄúThe Bush people are now running Cruz's campaign"" https://t.co/0xC8y2CfEE #Tr‚Ä¶"
CriswellsOk,"RT @LindaSuhler: üí•RALLY TOMORROW!
üéâDonald Trump Rochester NYüéâ
‚úîÔ∏è VOTE #Trump2016 
3 PM EDT
#NYPrimary
#NYValues
#TrumpTrainüöÇüá∫üá∏üá∫üá∏
https://t.‚Ä¶"
mwans_99,RT @NadelParis: Finger waggin' PinocchioCommunist needs2go #ImWithHer #millennialsforhillary #NewYorkPrimary https://t.co/6lveV70TZ3 https:‚Ä¶
moran14_renee,"RT @realDonaldTrump: ""@jlopez05391: @realDonaldTrump Rochester loves you! See you tomorrow! #MakeAmericaGreatAgain #Trump2016 #TrumpTrain""‚Ä¶"
todd_witeh,RT @NadelParis: Finger waggin' PinocchioCommunist needs2go #ImWithHer #millennialsforhillary #NewYorkPrimary https://t.co/6lveV70TZ3 https:‚Ä¶
charlamanesbane,RT @ToConservatives: It is #BernieOrBust Because it is Bernie or Disaster for all but The 1%. https://t.co/LLNlXgQkhZ
pms5699,RT @jstines3Paints: Cruz talks border wall in 2011!! https://t.co/iDjwxCbr5i #CruzCrew #TCOT #PJNET https://t.co/jzxRm1dK66
Robertfata1,"RT @jstines3: Chuck Woolery: TED CRUZ is closer to Reagan than anyone in this race.

#CruzCrew #PJNET #TCOT #CCOT #Cruz2016 https://t.co/Vi‚Ä¶"
_CFJ_,"RT @Able_49: MT @_CFJ_:  31 months BEFORE announcing running for4 President, Trump STOOD WITH DREAMers. https://t.co/23lj5lFJSM #CruzCrew #‚Ä¶"
ViaviJobs,"#ColoradoSprings, CO #Sales #Job: Inside Sales Leader - Network Performance Management... at Viavi Solutions Inc. https://t.co/FFjcfHlWA5"
roziedb,"RT @NeilTurner_: @realDonaldTrump https://t.co/RBt4zoJE8n Don't support puppet candidates, support Trump - #VoteTrump! https://t.co/g8VNM2T‚Ä¶"
AmberForAmerica,MT @sunbeltgirl: A principled constitutional conservative fighter in Senate endorsed @tedcruz. https://t.co/5h1lEJ7qUf #CruzCrew #PJNET
ZBurgesonDesing,RT @NadelParis: Finger waggin' PinocchioCommunist needs2go #ImWithHer #millennialsforhillary #NewYorkPrimary https://t.co/6lveV70TZ3 https:‚Ä¶
K4Trump_,RT @nepafortrump: #WeThePeople of PENNSYLVANIA support @realDonaldTrump &amp; PA DELEGATE @George_Blauer (PA-17) to #MakeAmericaGreatAgain http‚Ä¶
catydoodle,RT @BWTEIM: MT @cheryl42058: Cruz can fix what has been torn apart! Constitutional Conservative Man! https://t.co/7KDWFajEUX #CruzCrew #PJN‚Ä¶
Graftacus,"Wowsers, Albany County was most definitely  #FeelingTheBern üî•üî•üî• https://t.co/ppSM7YKvZo"
jboo316,Bernie Sanders supporters with their #BernieOrBust rhetoric is starting to sound like the history of the formation of the tea party. Sad
patagoniapapy,"yeah I said it. pick on someone your own size. like me. see if we don't bury you, pussyhole. Sean show him this."
davidleoln,RT @NadelParis: Finger waggin' PinocchioCommunist needs2go #ImWithHer #millennialsforhillary #NewYorkPrimary https://t.co/6lveV70TZ3 https:‚Ä¶
RadeecMkk,RT @NadelParis: Finger waggin' PinocchioCommunist needs2go #ImWithHer #millennialsforhillary #NewYorkPrimary https://t.co/6lveV70TZ3 https:‚Ä¶
sms_sullivan,RT @ToConservatives: It is #BernieOrBust Because it is Bernie or Disaster for all but The 1%. https://t.co/LLNlXgQkhZ
pms5699,"RT @jstines3Paints: STAND FIRM, #CruzCrew!

#PrayForTed &amp; our USA! 

#RenewUS #WakeUpAmerica #CCOT #PJNET #TCOT #TrusTed #Cruz2016

https:/‚Ä¶"
ElizaIsTaken,"Went on the @realDonaldTrump website; only on option one and I'm already throwing money at it
#MakeAmericaGreatAgain https://t.co/s9fJJHpGtO"
Gramzy7,@seanhannity @foxandfriends @greta @ericbolling #NYPrimary #ccot #catholic #christan #ChooseCruz #TrumpTrainWreck  https://t.co/T75oK9vdUp
kits54,Not a word about this on @DRUDGE_REPORT  https://t.co/gaEO5Vaozf
TomKeough,#ToneDownForWhat #BernieOrBust #FeelTheBern #HillNo not ever! https://t.co/8KnV2m5Xii
Pamjd219,"RT @ImagineAnna: Cruz facing disqualification for fraud in EIGHT STATES!!

#WakeUpAmerica #tcot #CruzSexScandal #TrumpTrain

https://t.co/h‚Ä¶"
BeckyRut11h4,RT @NadelParis: Finger waggin' PinocchioCommunist needs2go #ImWithHer #millennialsforhillary #NewYorkPrimary https://t.co/6lveV70TZ3 https:‚Ä¶
SB_COSprings,56% Off a Haircut with Shampoo and Style https://t.co/dBGaecgTnc
JaniceRaffa,"RT @tponews: Fox acknowledged 2 years ago that Cruz is ""constitutionally ineligible"" to run for president! #MakeAmericaGreatAgain https://t‚Ä¶"
Mwforhr,".@GStuedler Wyoming turned out basically a tie, when Bernie's camp expected a huge win. Ha ha! Denied! #ImWithHer"
pms5699,RT @Doug_39: MT @cheryl42058: Cruz can fix what has been torn apart! Constitutional Conservative Man! https://t.co/TvUw0zN3TR #CruzCrew #PJ‚Ä¶
iguskargud55,"RT @Shoq: Yeah, that's sort of an ouchie. #FeetheBurn #ImWithHer #HillaryClinton #BernieSanders #feelthebern  https://t.co/ezpZuHNA4m"
shagsterjo,"RT @ElseMarilyn: #NYValues #CAPrimary 
#NYPrimary  #PAprimary  #AlwaysTrump #PresidentTrump
#TrumpTrain #Trump2016 
#NeverCruz https://t.co‚Ä¶"
maraltabziri,RT @NadelParis: Finger waggin' PinocchioCommunist needs2go #ImWithHer #millennialsforhillary #NewYorkPrimary https://t.co/6lveV70TZ3 https:‚Ä¶
Kelsonus,"Cruz Crushes Trump and Kasich (again) with Colorado Sweep https://t.co/hx9mXMBaLV
#CruzCrew"
hoSteelMagnoli,RT @silversavant: RT RT NadelParis: Finger waggin' PinocchioCommunist needs2go #ImWithHer #millennialsforhillary #NewYorkPrimary was‚Ä¶ https‚Ä¶
debkbarton,"34 CO delegates won, + 11 of 12 in Iowa: #12 being uncommitted. #CruzCrew https://t.co/UuZecgyatG"
Smilenewa,RT @CliffWilkin: MT @andersonDrLJA: #IChooseCruz For Many Great Reasons. Here Are Only a Few! https://t.co/ceAWFX6vcP #CruzCrew #PJNET
DeyJockin_Biaz,Young nigga blessed everyday I feel like God put me thur a test.. Tgfadüôèüèæüôèüèæ
brendanoe60,"RT @TrumpTrain8: Cruz continues teaming up with the establishment to steal delegates, while Trump, the TRUE outsider, refuses to sellout. #‚Ä¶"
DavidMGold32,RT @Able_49: MT @LynnMarki: CRUZ'S Economic Reforms will Jumpstart the US Economy! https://t.co/UyoMfPdJ4p #CruzCrew #PJNET
WayneHenager,"RT @realDonaldTrump: ""@governor_savage: @realDonaldTrump is the only person who can save us from this corrupt political mess. #MakeAmericaG‚Ä¶"
hinatgnach,RT @NadelParis: Finger waggin' PinocchioCommunist needs2go #ImWithHer #millennialsforhillary #NewYorkPrimary https://t.co/6lveV70TZ3 https:‚Ä¶
pms5699,"RT @Chad_59: MT @LynnMarki: Sportsmen, Care about your #2A Rights? Vote 4 TED CRUZ! https://t.co/OukYM6y7GN #CruzCrew #PJNET"
m1cey,They call it elephant mountain. I don't see the resemblance? #hikearizona #arizonahiking #üêò @‚Ä¶ https://t.co/5rOIQWIruK
moran14_renee,"RT @realDonaldTrump: ""@governor_savage: @realDonaldTrump is the only person who can save us from this corrupt political mess. #MakeAmericaG‚Ä¶"
Stevekallay1,"RT @NeilTurner_: @realDonaldTrump https://t.co/RBt4zoJE8n Don't support puppet candidates, support Trump - #VoteTrump! https://t.co/g8VNM2T‚Ä¶"
Ron___Wilson,"RT @ElseMarilyn: #NYValues #CAPrimary 
#NYPrimary  #PAprimary  #AlwaysTrump #PresidentTrump
#TrumpTrain #Trump2016 
#NeverCruz https://t.co‚Ä¶"
HaloOneForTrump,RT @Micha_Joy: Why do I support @realDonaldTrump ? My children's future is at stake. #MakeAmericaGreatAgain https://t.co/0qwN3botKf
jifykebebom,"RT @DEMAGOGSSUCK: @linnie13

#AlwaysTrump #VoteTrump #BuildTheWall

üá∫üá∏üá∫üá∏üá∫üá∏üá∫üá∏@realDonaldTrumpüá∫üá∏üá∫üá∏üá∫üá∏üá∫üá∏"
WilliamNOtis,RT @sunbeltgirl: MT @LynnMarki: CRUZ will abolish the IRS &amp; Their targeting of CONSERVATIVES! https://t.co/iqKbPFOYTK #CruzCrew #PJNET
Thor202020,RT @amrightnow: Its harvest time vote Trump 2016 #realdonaldtrump #VoteTrump2016 #MakeAmericaGreatAgain #tcot #1A #2A #military https://t.c‚Ä¶
dekMius,RT @NadelParis: Finger waggin' PinocchioCommunist needs2go #ImWithHer #millennialsforhillary #NewYorkPrimary https://t.co/6lveV70TZ3 https:‚Ä¶
osuzannah58,"RT @sandyaschneider: WTF... Ted Cruz came in 3rd in South Carolina... But now he stole the delegates, meaning your vote does not count #Tru‚Ä¶"
JulBjuled,"RT @LindaSuhler: üí•RALLY MONDAY!
üéâDonald Trump Albany NYüéâ
‚úîÔ∏è VOTE #Trump2016 #NY
7 PM EDT 4/11
#NYValues
#NYPrimary
#TrumpTrainüöÇüá∫üá∏üá∫üá∏
https:/‚Ä¶"
ron8072,https://t.co/jtwl98N3hI #PJNET #WakeUpAmerica #MakeAmericaGreatAgain
dinuhstee,me üòÇüòÇ @jazdanaee  https://t.co/Vqow5UdrcK
xyzzy73,"RT @BoCleo2: Thank you!
#MakeAmericaGreatAgain
 https://t.co/0wtP4GfxIl"
ron8072,https://t.co/cwvQYnMDmm #PJNET #WakeUpAmerica #MakeAmericaGreatAgain
SaddamoStella,"RT @ElseMarilyn: #NYValues #CAPrimary 
#NYPrimary  #PAprimary  #AlwaysTrump #PresidentTrump
#TrumpTrain #Trump2016 
#NeverCruz https://t.co‚Ä¶"
peterg52,"RT @tradethecycles: Ted CRUZ Acknowledged in 2013 that He is ""Constitutionally Ineligible"" to Run for President! #MakeAmericaGreatAgain THA‚Ä¶"
JPAndreas1,RT @PatriotGinger: MT @DanMartin_cards: There's Only One RIGHT Choice For POTUS VOTE #TEDCRUZ. #ChooseCruz https://t.co/BBLxd9Iuit #CruzCre‚Ä¶
Stevekallay1,RT @keksec__org: @realDonaldTrump I wasn't satisfied just to earn a good living. I was looking to make a statement. #MakeAmericaGreatAgain
pjhpjh,"RT @Socialist_Times: Stop shaming women who support Bernie into voting for Clinton https://t.co/FNym35huFt
#Women4Bernie #ImWithHer #P2 htt‚Ä¶"
mrsalpug,"RT @realDonaldTrump: ""@governor_savage: @realDonaldTrump is the only person who can save us from this corrupt political mess. #MakeAmericaG‚Ä¶"
NormanLinnell,"The National Debt &amp; Unfunded Liabilities prove that what DC ""gives"" to you is being stolen from your grandchildren   https://t.co/bBCsRjB3JJ"
shilohaura,"RT @Koxinga8: Nearly three-quarters of Republicans think #Trump will be the nominee https://t.co/cZhMSMeCYH via @MailOnline
#TrumpTrain #Tr‚Ä¶"
MickBlair54,"RT @TrumpMemesDaily: MAKE AMERICA GREAT AGAIN!
#Trump #TrumpTrain #MakeAmericaGreatAgain #Trump2016 #DonaldTrump https://t.co/1ML6xBW1sT"
Mich_Marquezz,RT @ladyjustice179: HELL YEAH !! My fellow vets out there!! RAH! https://t.co/v6GhdYyJLr
ChrizDDv3,"CLEAN SWEEP!
Statesman Cruz Crushes Trump and Kasich with Colorado Sweep‚Ä¶
#tcot #Cruz2016 #CruzCrew #mlscc #PJNET https://t.co/xJ6n8YCfjE"
siggyturbo997,"@realDonaldTrump policies will lower taxes, secure border,reduce deficit, bring back jobs+prosperity 2 all classes +#MakeAmericaGreatAgain"
BernVolunteer,RT @kateloving: And she's untrustworthy https://t.co/6LWFfYZpM7
Blackdi51264299,"RT @PatriotGinger2: MT @_CFJ_:  31 months BEFORE announcing running for4 President, Trump STOOD WITH DREAMers. https://t.co/SnzsLHf77C #Cru‚Ä¶"
aDnjustice58,RT @NadelParis: Finger waggin' PinocchioCommunist needs2go #ImWithHer #millennialsforhillary #NewYorkPrimary https://t.co/6lveV70TZ3 https:‚Ä¶
WhytePantherRN,#WhytePanther #BernieOrBUST #FridayNight(#OutOfTheDarkness) https://t.co/12WZIbZwTm https://t.co/WzYfpctiwj
peterg52,"RT @tradethecycles: Ted CRUZ Acknowledged in 2013 that He is ""Constitutionally Ineligible"" to Run for President! #MakeAmericaGreatAgain THA‚Ä¶"
rcarter1953,RT @tedcruz: Thank you Colorado for another resounding victory! https://t.co/PXWWcifJKK #ChooseCruz #CruzCrew https://t.co/zhMVq5QpeH
olimassociates,"RT @Socialist_Times: Stop shaming women who support Bernie into voting for Clinton https://t.co/FNym35huFt
#Women4Bernie #ImWithHer #P2 htt‚Ä¶"
spicepirate00,"RT @WeNeedHillary: Turns Out Hillary Clinton &amp; President Obama Were Right on Panama https://t.co/aNcGUxRD4r
#ShesWithUs #ImWithHer #p2 http‚Ä¶"
MickBlair54,"RT @TrumpMemesDaily: Liberals love to point the finger and chant racist, don't let them get to you #TrumpTrain #Trump2016 https://t.co/xgKw‚Ä¶"
9975Ts,"RT @realDonaldTrump: ""@jlopez05391: @realDonaldTrump Rochester loves you! See you tomorrow! #MakeAmericaGreatAgain #Trump2016 #TrumpTrain""‚Ä¶"
nakedsunihesn,RT @NadelParis: Finger waggin' PinocchioCommunist needs2go #ImWithHer #millennialsforhillary #NewYorkPrimary https://t.co/6lveV70TZ3 https:‚Ä¶
kaceysharon,I LOVE this video!!! #FeelTheBern #BernieOrBust https://t.co/Jk5phTmWjg
DavidDbgadjet,RT @AuntBree567: THE JOKE IS ESTABLISHMENT THINK WE DON'T GET IT.PAUL RYAN HAS 0% INTEGRITY!HE'S ALL 4 PAUL&amp;NOT 4 USA!!! ANOTHER BUM! https‚Ä¶
MugJiha,I can listen to @Drake all day. üëë
HAAS_IS_FjDeD,RT @NadelParis: Finger waggin' PinocchioCommunist needs2go #ImWithHer #millennialsforhillary #NewYorkPrimary https://t.co/6lveV70TZ3 https:‚Ä¶
WilliamNOtis,RT @AmberForAmerica: MT @cheryl42058: The true values! #Cruz2016 https://t.co/wFNYYCcjSt #CruzCrew #PJNET
hsawnrecinot,RT @NadelParis: Finger waggin' PinocchioCommunist needs2go #ImWithHer #millennialsforhillary #NewYorkPrimary https://t.co/6lveV70TZ3 https:‚Ä¶
barnsfairfax,RT @NadelParis: Finger waggin' PinocchioCommunist needs2go #ImWithHer #millennialsforhillary #NewYorkPrimary https://t.co/6lveV70TZ3 https:‚Ä¶
atwhoseexpense,RT @gerfingerpoken2: Why #NeverTrump is Afraid of 'Crazy' @megynkelly - American Thinker - https://t.co/VtBgaUeydI  - #CruzCrew - https://t‚Ä¶
ryansklo83,RT @NadelParis: Finger waggin' PinocchioCommunist needs2go #ImWithHer #millennialsforhillary #NewYorkPrimary https://t.co/6lveV70TZ3 https:‚Ä¶
MickBlair54,RT @AcandleInTheSea: #NY  #NewYork  #NYPrimary  #WakeUpAmerica  #AmericaFirst  #NeverCruz  #CruzCrew  #VoteTrump  #Trump2016   https://t.co‚Ä¶
judygoldberg,RT @clarityhaynes: Hello: @taddevine vigorously defends Kerry's vote on the Iraq war. Hypocrisy much? https://t.co/1B2GEGq6dr h/t @tigermet‚Ä¶
RowRowCyidn,RT @NadelParis: Finger waggin' PinocchioCommunist needs2go #ImWithHer #millennialsforhillary #NewYorkPrimary https://t.co/6lveV70TZ3 https:‚Ä¶
xyzzy73,RT @Micha_Joy: Why do I support @realDonaldTrump ? My children's future is at stake. #MakeAmericaGreatAgain https://t.co/0qwN3botKf
DanMartin_cards,RT @RocNConserChick: MT @DanMartin_cards: There's Only One RIGHT Choice For POTUS VOTE #TEDCRUZ. #ChooseCruz https://t.co/POXRIuhoGI #CruzC‚Ä¶
montannaalexiss,Why the fuck is this bitch walking her dog at 430 in the morning ...
shagsterjo,"RT @ElseMarilyn: #NYValues #CAPrimary 
#NYPrimary  #PAprimary  #AlwaysTrump #PresidentTrump
#TrumpTrain #Trump2016 
#NeverCruz 

Hehe https‚Ä¶"
sms_sullivan,"RT @Socialist_Times: Stop shaming women who support Bernie into voting for Clinton https://t.co/FNym35huFt
#Women4Bernie #ImWithHer #P2 htt‚Ä¶"
deeluttrell1960,"#NeverLyingCheatingTedCruz #StopTheSteal #SneakySnakeCruz #Cruz-Ineligible 
#Cruz-UnderPressure https://t.co/OX6cTeR7FA"
VetApologist,"RT @dawngpsalm63: I find it VERY disturbing how they portray
#Cruz as the "" Second coming of Christ""
Darkness surrounds him! üá®üá¶üêçüë©üèº‚òéÔ∏èüòà https‚Ä¶"
DrCongress,"Dear #Congress, either do you're Job or you're https://t.co/EVOGY5Mkw4  https://t.co/jLa1wVe0He"
faithnichoel__,RT @NadelParis: Finger waggin' PinocchioCommunist needs2go #ImWithHer #millennialsforhillary #NewYorkPrimary https://t.co/6lveV70TZ3 https:‚Ä¶
DWilloughy,"RT @djbratpack: RT Honest, Intelligent, Vast Experience, Diverse, Compassionate, Good rapport w/World Leaders #Vote4Hillary #HillYes https:‚Ä¶"
pms5699,"RT @AmberForAmerica: MT @jphilman0206: We need a POTUS to Unite us behind American Values, Constitution, &amp; Liberty https://t.co/RgQPuxge7U‚Ä¶"
DesNatlForets,RT @NadelParis: Finger waggin' PinocchioCommunist needs2go #ImWithHer #millennialsforhillary #NewYorkPrimary https://t.co/6lveV70TZ3 https:‚Ä¶
bjeanwalton,RT @IrisL49: #ImWithHer https://t.co/IhfZjtlig7
debocrat,"Did @Thom_Hartmann man up and apologize, or did he just try to erase what he said?  https://t.co/Mtt7GeoLJj"
Qlboondock83pw,RT @silversavant: RT RT NadelParis: Finger waggin' PinocchioCommunist needs2go #ImWithHer #millennialsforhillary #NewYorkPrimary was‚Ä¶ https‚Ä¶
CuevasNeunder,"RT @ElseMarilyn: #NYValues #CAPrimary 
#NYPrimary  #PAprimary  #AlwaysTrump #PresidentTrump
#TrumpTrain #Trump2016 

#BikersForTrump https:‚Ä¶"
MikeJanosko,@realdonaldtrump #makeamericagreatagain Thank You for wanting to bring USA back to a time when corporations had little power in the kourt
virtual3p0media,RT @NadelParis: Finger waggin' PinocchioCommunist needs2go #ImWithHer #millennialsforhillary #NewYorkPrimary https://t.co/6lveV70TZ3 https:‚Ä¶
CharisaFtiah,RT @NadelParis: Finger waggin' PinocchioCommunist needs2go #ImWithHer #millennialsforhillary #NewYorkPrimary https://t.co/6lveV70TZ3 https:‚Ä¶
jbutto,"RT @realDonaldTrump: ""@jlopez05391: @realDonaldTrump Rochester loves you! See you tomorrow! #MakeAmericaGreatAgain #Trump2016 #TrumpTrain""‚Ä¶"
HillaryPix,#ImWithHer #FeelTheBern #BernieSanders #HillaryClinton #NewYorkPrimary #BernieOrBust #Hillary2016 #NYPrimary  https://t.co/W0ohd8m3kl
melodijoy,RT @ToConservatives: It is #BernieOrBust Because it is Bernie or Disaster for all but The 1%. https://t.co/LLNlXgQkhZ
TERRYWDRAKE,NFL star Will Smith was gunned down in Nola in an apparent road rage accident. The shooter was apprehended.
MickBlair54,"RT @TrumpMemesDaily: @realDonaldTrump Lyin' Ted KING OF LIES, he'll say anything to get your vote! #TrumpTrain #Trump2016 #LyingTed https:/‚Ä¶"
BMartinez950,RT @NadelParis: Finger waggin' PinocchioCommunist needs2go #ImWithHer #millennialsforhillary #NewYorkPrimary https://t.co/6lveV70TZ3 https:‚Ä¶
D_Peerts,RT @NadelParis: Finger waggin' PinocchioCommunist needs2go #ImWithHer #millennialsforhillary #NewYorkPrimary https://t.co/6lveV70TZ3 https:‚Ä¶
JoinBAYADA,"BAYADA Home Health Care #Healthcare #Job: Occupational Therapist, OT (#FortCollins, CO) https://t.co/5OJJXMJKYF #Jobs #Hiring"
aeliokumson,RT @NadelParis: Finger waggin' PinocchioCommunist needs2go #ImWithHer #millennialsforhillary #NewYorkPrimary https://t.co/6lveV70TZ3 https:‚Ä¶
DrCongress,"Dear #Congress, either do you're Job or you're https://t.co/EVOGY5Mkw4  https://t.co/IRE5U93Ko8"
Richieamx,RT @nepafortrump: #WeThePeople of PENNSYLVANIA support @realDonaldTrump &amp; PA DELEGATE @George_Blauer (PA-17) to #MakeAmericaGreatAgain http‚Ä¶
IMGlobaliMim,RT @NadelParis: Finger waggin' PinocchioCommunist needs2go #ImWithHer #millennialsforhillary #NewYorkPrimary https://t.co/6lveV70TZ3 https:‚Ä¶
MichelleMeyer10,.@WDFx2EU @DrDaveOrts #TrumpTrain RT @cologop blocked Larry Wayne Lindsey from being @realDonaldTrump delegate #CO https://t.co/Rv0y3oYH0K
MickBlair54,RT @TrumpMemesDaily: Trump supporters are awesome people #Trump2016 #MakeAmericaGreatAgain https://t.co/PwwTz6exfa
hweelerangei,RT @NadelParis: Finger waggin' PinocchioCommunist needs2go #ImWithHer #millennialsforhillary #NewYorkPrimary https://t.co/6lveV70TZ3 https:‚Ä¶
CarmineZozzora,"RT @ChristieC733: Donald Trump speaks for me.  

üî¥ #NoMorePC 

‚ö™Ô∏è #WomenForTrump 

üîµ #WisconsinForTrump 

üá∫üá∏ #MakeAmericaGreatAgain https:/‚Ä¶"
mkb123abc,"RT @ImagineAnna: Cruz facing disqualification for fraud in EIGHT STATES!!

#WakeUpAmerica #tcot #CruzSexScandal #TrumpTrain

https://t.co/h‚Ä¶"
iNathan00,Wow this is crazy! It's amazing what people do to stand up against the GOP so they can support Trump! #VoteTrump https://t.co/LE9ORDZI1L
Lagartija_Nix,"RT @deeluttrell1960: #NeverLyingCheatingTedCruz #StopTheSteal #SneakySnakeCruz #Cruz-Ineligible 
#Cruz-UnderPressure https://t.co/OX6cTeR7FA"
DrCongress,"Dear #Congress, either do you're Job or you're https://t.co/EVOGY5Mkw4  https://t.co/laXwmgDhET"
eph4_15,"This isnt ""Rock, Paper, Scissors"" America! Constitution Beats Corrupt &amp; Crazy EVERY time! Vote 4a WINNER! -- https://t.co/T3ywiebSJt #PJNET"
MoffittJill,RT @genefoxjr: As a Vermonter &amp; a #Dem I'm hoping that our former great gov #HowardDean will challenge #Sanders 4 the Senate next time roun‚Ä¶
LarryCampos1950,RT @TheTrumpTrain: WoooHooo! #GoTrumpGo #VoteTrump2016 #MakeAmericaGreatAgain #IADistrictConvention https://t.co/ZuWWEdaFsR
bonnieparker443,"RT @realDonaldTrump: ""@jlopez05391: @realDonaldTrump Rochester loves you! See you tomorrow! #MakeAmericaGreatAgain #Trump2016 #TrumpTrain""‚Ä¶"
sunbeltgirl,"MT @CliffWilkin: In order to restore America's safety and security, we must rebuild our military. https://t.co/f7eHevNZov #CruzCrew #PJNET"
peterg52,@USSupremeCourt @FBI  https://t.co/LGLLhv03KA
MickBlair54,"RT @realDonaldTrump: ""@Genie115: #MakeAmericaGreatAgain we can only do that with @realDonaldTrump RT https://t.co/RViAgxoa4t"""
Blackdi51264299,RT @acb4values: .@tedcruz works for every vote he gets! No candidate works harder for every single vote! #CruzCrew #UniteWithCruz https://t‚Ä¶
CarolAnneKnapp,"RT @The99forBernie: Idk Hillary, for some reason Bernie feels perfectly fine when people bring up his record #BernieOrBust #FeelTheBern htt‚Ä¶"
Ostlr31e,RT @NadelParis: Finger waggin' PinocchioCommunist needs2go #ImWithHer #millennialsforhillary #NewYorkPrimary https://t.co/6lveV70TZ3 https:‚Ä¶
FloggerMiester,"#MakeAmericaGreatAgain ?
Or more of the same with Cruz Kasich and losers Dole,Romney, McCain
#morningjoe #NYPrimary  https://t.co/3wkl9UDDPN"
Blackdi51264299,RT @nativekittens: #ChooseCruz #NewYorkPrimary #CaliforniaPrimary #PennsylvaniaPrimary #ConnecticutPrimary https://t.co/nHmwRp8Q01
D_Ericson,"RT @WeNeedHillary: New York Democratic Polls 2016: Clinton‚Äôs Lead Grows https://t.co/SN8fQXHUhf
#ShesWithUs #ImWithHer #TNTweeters #p2 http‚Ä¶"
MickBlair54,RT @TrumpMemesDaily: #Trump2016 #MakeAmericaGreatAgain https://t.co/VHiSPhPcYw
catawu,"RT @VABVOX: Amazeballs tweet of the day...
https://t.co/zXKLCyjeRb"
ggeett37aaa,MT @Saint_Obama: Ted Cruz has the best plan. #UniteWithCruz #tcot https://t.co/H8I7EnGT54 #CruzCrew #PJNET
7um9_,"RT @PushaTease: We'll take NY next.

NH üéØ
CO üéØ
MN üéØ
OK üéØ
VT üéØ
KS üéØ
NE üéØ
ME üéØ
MI üéØ
ID üéØ
UT üéØ
AK üéØ
HI üéØ
WA üéØ
WI üéØ
WY üéØ

#FeelTheBern  https:/‚Ä¶"
kathies01,RT @laureldavilacpa: Hillary Clinton Celebrates Beating Expectations And Tying Sanders In Wyoming Delegates via @politicususa https://t.co/‚Ä¶
rikameraci,RT @NadelParis: Finger waggin' PinocchioCommunist needs2go #ImWithHer #millennialsforhillary #NewYorkPrimary https://t.co/6lveV70TZ3 https:‚Ä¶
AmericanLizzy,"RT @dawngpsalm63: ‚ùå‚ùåüá∫üá∏üá∫üá∏
#TrumpArmy #Trump supporters VIP RT 
Follow .@gqforbes for info on .@realDonaldTrump 
#Trump2016 #TrumpTrain  http‚Ä¶"
crabdaddy,"RT @TomKeough: Hillary Clinton Laughs When Asked About Fracking Money
#ToneDownForWhat #BernieOrBust #FeelTheBern #HillNo not ever! https:/‚Ä¶"
MickBlair54,"RT @TrumpMemesDaily: They all got stumped by the Trump!
#Trump2016 #TrumpTrain #MakeAmericaGreatAgain #MAGA 
#AlwaysTrump https://t.co/yoae‚Ä¶"
lqfaet,RT @NadelParis: Finger waggin' PinocchioCommunist needs2go #ImWithHer #millennialsforhillary #NewYorkPrimary https://t.co/6lveV70TZ3 https:‚Ä¶
JPJonesbonhomme,RT @Beer__Wolf: Disappointed it took so long. So little energy left at #TrumpTrain Twitter. YOU GUYS USED TO *BE* SOMETHING. https://t.co/0‚Ä¶
shagsterjo,"RT @ElseMarilyn: #NYValues #CAPrimary 
#NYPrimary  #PAprimary  #AlwaysTrump #PresidentTrump
#TrumpTrain #Trump2016 
#NeverCruz https://t.co‚Ä¶"
JEL317,"Good point! and I ""love""MSM focusing on bernie's great WY""win"", which is a draw at best.I want a NY Landslide! https://t.co/uXBvUSRBjR"
Blackdi51264299,"RT @FreedomGrafiti: If you think it's too hard running for president, what makes you think you can actually handle the job? #ChooseCruz htt‚Ä¶"
alyssastew77,RT @O_IrishT: ‚òòüá∫üá∏üî•üëâBan elect. voting machines fixed to cap Mr.Trump ‚¨áÔ∏è 50%. Demand use of paper ballots. .#TrumpTrain .@Mferris67  https://‚Ä¶
99Wigket,RT @NadelParis: Finger waggin' PinocchioCommunist needs2go #ImWithHer #millennialsforhillary #NewYorkPrimary https://t.co/6lveV70TZ3 https:‚Ä¶
MickBlair54,"RT @TrumpMemesDaily: Now this is relationship goals
#Trump2016 #TrumpTrain #MakeAmericaGreatAgain #Trump #promposals #prom2k16 https://t.co‚Ä¶"
BeautyofDamon,"RT @fussylooksowhat: Laura Bush SLAMS The GOP, Says She‚Äôd Rather Vote For Hillary Than A Republican @HillaryClinton #ImWithHer #POTUS2016
h‚Ä¶"
ChocChip52,RT @janimine: https://t.co/asLD9mZXMz Drive through Paris  SHARE IT #Refugees Coming to Rodeo Drive &amp; 5th Avenue  #WakeUpAmerica #MakeAmeri‚Ä¶
fatbudny5,RT @NadelParis: Finger waggin' PinocchioCommunist needs2go #ImWithHer #millennialsforhillary #NewYorkPrimary https://t.co/6lveV70TZ3 https:‚Ä¶
CliffWilkin,"MT @PatriotJewel: This election's too important to roll the dice, #ChooseCruz! #UniteWithTed https://t.co/0IJ8DHNLYu #CruzCrew #PJNET"
tacross,RT @tedcruz: Thank you Colorado for another resounding victory! https://t.co/PXWWcifJKK #ChooseCruz #CruzCrew https://t.co/zhMVq5QpeH
jbutto,"RT @realDonaldTrump: ""@governor_savage: @realDonaldTrump is the only person who can save us from this corrupt political mess. #MakeAmericaG‚Ä¶"
jason6153,"RT @HughRadcliff: Another crushing win in #WYPrimary how can Bernie continue?
#p2 #feelthebern  #imwithher https://t.co/uBhQCYG7Wk"
NoKill20kmLife,David Axelrod caught emailing Hillary Clinton at personal address he knew nothing about https://t.co/Ux7f8aduoO #BernieSanders #Bernieorbust
Manni_syd,RT @immigrant4trump: RETWEET if you think Melania would make a great First Lady! #MakeAmericaGreatAgain #Trump2016 @realDonaldTrump https:/‚Ä¶
Network_Citizen,"MT @kvmidd85: A new day is dawning, America and new hope fills our hearts! https://t.co/yLYDX3HhyL #CruzCrew #PJNET"
BeautyofDamon,"RT @ursusmiratus: @fussylooksowhat @HillaryClinton - that makes, let's see... one, two, three... lots of us. Can't say I blame her either üòÑ‚Ä¶"
feduppops,RT @ggeett37aaa: MT @Saint_Obama: Ted Cruz has the best plan. #UniteWithCruz #tcot https://t.co/H8I7EnGT54 #CruzCrew #PJNET
Blackdi51264299,RT @PatriotGinger2: MT @FranklinMan25: We've waited a long time for a true Patriot to come along. The wait is over! https://t.co/xk2K4f1HM5‚Ä¶
27Seascapes,"RT @The99forBernie: Idk Hillary, for some reason Bernie feels perfectly fine when people bring up his record #BernieOrBust #FeelTheBern htt‚Ä¶"
robbarent,The #Trumpinator https://t.co/VQnBJ5zTYt
jplntugu,RT @NadelParis: Finger waggin' PinocchioCommunist needs2go #ImWithHer #millennialsforhillary #NewYorkPrimary https://t.co/6lveV70TZ3 https:‚Ä¶
808hopeful,"RT @WeNeedHillary: #MT @votebluealways ‚Äú#ImWithHer Evening
https://t.co/ksoM7JuizF
Excited to find my tweet on https://t.co/HqDSxNTrxJ http‚Ä¶"
MargaretMcgui16,RT @O_IrishT: ‚òòüá∫üá∏üî•üëâBan elect. voting machines fixed to cap Mr.Trump ‚¨áÔ∏è 50%. Demand use of paper ballots. .#TrumpTrain .@Mferris67  https://‚Ä¶
MatchesMalone,@AstroDomina I don't have SnapChat. Do you have WeChat?
bonnieparker443,"RT @realDonaldTrump: ""@governor_savage: @realDonaldTrump is the only person who can save us from this corrupt political mess. #MakeAmericaG‚Ä¶"
poodlelove55,RT @Brenkoski: You got that RIGHT @realDonaldTrump I am ONE of millions who will WALK from @GOP #Trump2016 #MakeAmericaGreatAgain  https://‚Ä¶
Johnsontx5Diane,RT @BWTEIM: MT @cheryl42058: Cruz can fix what has been torn apart! Constitutional Conservative Man! https://t.co/7KDWFajEUX #CruzCrew #PJN‚Ä¶
BJHare,This is what happens when a primary or caucus is CLOSED with only Dems voting! #WYCaucus #ImWithHer https://t.co/xxweb47mdM
Who_R_Yo9u5,RT @NadelParis: Finger waggin' PinocchioCommunist needs2go #ImWithHer #millennialsforhillary #NewYorkPrimary https://t.co/6lveV70TZ3 https:‚Ä¶
miababy589,RT @amrightnow: Its harvest time vote Trump 2016 #realdonaldtrump #VoteTrump2016 #MakeAmericaGreatAgain #tcot #1A #2A #military https://t.c‚Ä¶
ArthurA_P,"RT @Hillary4Florida: Battle born.
Battle tested.
Battle won.

SHE's ready.

üòçüá∫üá∏#ImWithHer #HillYes #Florida #NYPrimary #Hillary2016 https:/‚Ä¶"
OGmage,"RT @Koxinga8: Nearly three-quarters of Republicans think #Trump will be the nominee https://t.co/cZhMSMeCYH via @MailOnline
#TrumpTrain #Tr‚Ä¶"
trb2997,"RT @TomKeough: @OmanReagan @Linda1746 
#ToneDownForWhat #BernieOrBust #FeelTheBern #HillNo not ever! https://t.co/Wf2AqXx3Ue"
luwanda19,"RT @TruthFromTerry: @annholman194 @kirstiealley @kennygmanno @AngelDowne

us  #Trump2016 #MakeAmericaGreatAgain https://t.co/bavoEBWMX3"
Griefage,"RT @The99forBernie: Idk Hillary, for some reason Bernie feels perfectly fine when people bring up his record #BernieOrBust #FeelTheBern htt‚Ä¶"
Martinecc3,RT @NadelParis: Finger waggin' PinocchioCommunist needs2go #ImWithHer #millennialsforhillary #NewYorkPrimary https://t.co/6lveV70TZ3 https:‚Ä¶
es1999,Trump Won‚Äôt Name Any of the ‚ÄòHundreds of Friends‚Äô He Says Died on 9/11 https://t.co/icLveiXI9Y #NYvalues #NYprimary #Liar @TedCruz #CruzCrew
pride_delco,RT @immigrant4trump: RETWEET if you think Melania would make a great First Lady! #MakeAmericaGreatAgain #Trump2016 @realDonaldTrump https:/‚Ä¶
RickCoscia,"RT @LouDobbs: Fearing Trump, BostonGlobe Lampoons Itself,The Pretend Paper It's Become   #MakeAmericaGreatAgain  #Trump2016 #Dobbs https://‚Ä¶"
kdv10s,"RT @WeNeedHillary: New York Democratic Polls 2016: Clinton‚Äôs Lead Grows https://t.co/SN8fQXHUhf
#ShesWithUs #ImWithHer #TNTweeters #p2 http‚Ä¶"
LindaGarriss,"RT @Koxinga8: Nearly three-quarters of Republicans think #Trump will be the nominee https://t.co/cZhMSMeCYH via @MailOnline
#TrumpTrain #Tr‚Ä¶"
Pamjd219,"RT @ChristieC733: Donald Trump speaks for me.  

üî¥ #NoMorePC 

‚ö™Ô∏è #WomenForTrump 

üîµ #WisconsinForTrump 

üá∫üá∏ #MakeAmericaGreatAgain https:/‚Ä¶"
Gramzy7,#TrumpTrainWreck #ccot #NYPrimary #ChooseCruz https://t.co/GzYPSPyLKF
4AmericaToday,"RT @amrightnow: ""The Real Trump"" Make Video #1 (Trump About You) https://t.co/j58e8aacrE #MakeAmericaGreatAgain #tcot #trump https://t.co/2‚Ä¶"
UCitizens,"We need to find RV parks, hotels, motels, and homes outside Cleveland to stage ourselves! Any ideas from Ohioans? #TrumpTrain #trump2016"
ckxqngpwwl,RT @NadelParis: Finger waggin' PinocchioCommunist needs2go #ImWithHer #millennialsforhillary #NewYorkPrimary https://t.co/6lveV70TZ3 https:‚Ä¶
RobHalperin,"RT @Socialist_Times: Stop shaming women who support Bernie into voting for Clinton https://t.co/FNym35huFt
#Women4Bernie #ImWithHer #P2 htt‚Ä¶"
D_Ericson,RT @Africanfighter: OUCH!!! #ImWithHer #NYPrimary #PAprimary  https://t.co/8fKTOc43Vg
TALBlackIec,RT @NadelParis: Finger waggin' PinocchioCommunist needs2go #ImWithHer #millennialsforhillary #NewYorkPrimary https://t.co/6lveV70TZ3 https:‚Ä¶
daoofknow,RT @BrendaR10096757: Thank you! RT say THANKS! #BernieOrBust ust https://t.co/DOt7x2aWel
Barbara531,RT @immigrant4trump: RETWEET if you think Melania would make a great First Lady! #MakeAmericaGreatAgain #Trump2016 @realDonaldTrump https:/‚Ä¶
mireya_montoya_,"Could of been everything you want , but you're dumb as fuck"
trb2997,"RT @TomKeough: Bernie Sanders on Why Young People Love Him
#ToneDownForWhat #BernieOrBust #FeelTheBern #HillNo not ever! https://t.co/hTI0N‚Ä¶"
Johnsontx5Diane,RT @rafealcuzr66: #CruzCrew: RT TexasTribune: .TedCruz sweeps delegates up for grabs in Colorado | PatrickSvitek reports: ‚Ä¶ https://t.co/yn‚Ä¶
fitzrandolph4,RT @Micha_Joy: YOU can be part of the movement to take back our country by #VoteTRUMP2016 to #MakeAmericaGreatAgain! #AmericaFirst https://‚Ä¶
SuzyWatkinYsK,RT @NadelParis: Finger waggin' PinocchioCommunist needs2go #ImWithHer #millennialsforhillary #NewYorkPrimary https://t.co/6lveV70TZ3 https:‚Ä¶
dunnny_,@_tcyp well I wish I would of got an invite üôÑ
508zamo,"RT @realDonaldTrump: ""@jlopez05391: @realDonaldTrump Rochester loves you! See you tomorrow! #MakeAmericaGreatAgain #Trump2016 #TrumpTrain""‚Ä¶"
CTRailCommutmrs,RT @NadelParis: Finger waggin' PinocchioCommunist needs2go #ImWithHer #millennialsforhillary #NewYorkPrimary https://t.co/6lveV70TZ3 https:‚Ä¶
Gramzy7,RT @AmberForAmerica: MT @sunbeltgirl: A principled constitutional conservative fighter in Senate endorsed @tedcruz. https://t.co/5h1lEJ7qUf‚Ä¶
stevej132,"RT @ImagineAnna: Cruz facing disqualification for fraud in EIGHT STATES!!

#WakeUpAmerica #tcot #CruzSexScandal #TrumpTrain

https://t.co/h‚Ä¶"
MickBlair54,RT @janimine: https://t.co/asLD9mZXMz Drive through Paris  SHARE IT #Refugees Coming to Rodeo Drive &amp; 5th Avenue  #WakeUpAmerica #MakeAmeri‚Ä¶
tweetdude101,"The U.S. Constitution Bans Hillary‚Äôs Foreign Government Payola
https://t.co/aKL7XO427Q

#NYPrimary #FeelTheBern #CNN #PAPrimary #ImWithHer"
BanSextonhannah,In desperate need of sleep.üò≥üí§üò¥
Jessica_mannin,"@HillaryClinton gave @POTUS advice on Syria, Libya, Iraq @BernieSanders gave him 900 billion, obamacare &amp; 16b 4 d VA https://t.co/cyTgHDvHHM"
hsardimikc,RT @NadelParis: Finger waggin' PinocchioCommunist needs2go #ImWithHer #millennialsforhillary #NewYorkPrimary https://t.co/6lveV70TZ3 https:‚Ä¶
TheRealBizzyman,"When U win 8 of 9, but with each win, U are further separated from Final Victory that's ""Bern-mentum"" not Momentum #ImWithHer #Bernie2016"
TG_Fireflxew,RT @NadelParis: Finger waggin' PinocchioCommunist needs2go #ImWithHer #millennialsforhillary #NewYorkPrimary https://t.co/6lveV70TZ3 https:‚Ä¶
Dreamtraveler,"RT @Socialist_Times: Stop shaming women who support Bernie into voting for Clinton https://t.co/FNym35huFt
#Women4Bernie #ImWithHer #P2 htt‚Ä¶"
wildscenery,"RT @The99forBernie: Idk Hillary, for some reason Bernie feels perfectly fine when people bring up his record #BernieOrBust #FeelTheBern htt‚Ä¶"
AlexKautzuciMs,RT @NadelParis: Finger waggin' PinocchioCommunist needs2go #ImWithHer #millennialsforhillary #NewYorkPrimary https://t.co/6lveV70TZ3 https:‚Ä¶
DanHwyais,@malcolmshabazz6 @SenSanders no we don't. #MakeAmericaGreatAgain
HrcGeneration,"RT @WeNeedHillary: New York Democratic Polls 2016: Clinton‚Äôs Lead Grows https://t.co/SN8fQXHUhf
#ShesWithUs #ImWithHer #TNTweeters #p2 http‚Ä¶"
mireya_montoya_,It's 5:36 wtf last time I checked it was 2:30 üòÇüôÑüôÑüôÑüôÑ
D_Ericson,RT @BilldeBlasio: She's always been a show stopper. Thanks to @HillaryClinton for taking #InnerCircle to the next level. #ImWithHer https:/‚Ä¶
nanblunt,"RT @fussylooksowhat: Laura Bush SLAMS The GOP, Says She‚Äôd Rather Vote For Hillary Than A Republican @HillaryClinton #ImWithHer #POTUS2016
h‚Ä¶"
saravern,"RT @realDonaldTrump: ""@jlopez05391: @realDonaldTrump Rochester loves you! See you tomorrow! #MakeAmericaGreatAgain #Trump2016 #TrumpTrain""‚Ä¶"
DWilloughy,"RT @djbratpack: RT (TY)  #FeelTheFraud #VettingBernie #ReleaseTheReturns #NoMoreBS
 ==&gt; #HillarySoQualified #ImWithHer #EstoyConElla https:‚Ä¶"
SquidNet_VT,RT @NadelParis: Finger waggin' PinocchioCommunist needs2go #ImWithHer #millennialsforhillary #NewYorkPrimary https://t.co/6lveV70TZ3 https:‚Ä¶
Able_49,MT @sunbeltgirl: GREAT endorsement for @tedcruz from @marklevinshow. #UniteWithCruz https://t.co/ifMexbj50U #CruzCrew #PJNET
CuevasNeunder,RT @PuyaFiel: They thought our movement would slow down.. Not gonna happen folks #MAGA #NewYorkValues #TrumpTrain #Trump2016 https://t.co/n‚Ä¶
r11119,"#Trumps our Roosevelt, Truman, Kennedy, Reagan! He will #MakeAmericaGreatAgain ! https://t.co/QzKL5FQmMb"
joehos18,@realDonaldTrump Supporters please follow @carlie_orsini she's new and an Ardent #TrumpTrain supporter. Support all #Trump Supporters #MAGA
fitzrandolph4,RT @Micha_Joy: JOBS #TRUMP will be the greatest job-producing president in American history. https://t.co/qEDb5Y1gNT #TRADE #MakeAMERICAgre‚Ä¶
snoozinglion1,"RT @HardcoreRep: So this happened. @cologop #cogop2016 ""They did it"" Now claiming they were hacked! Please, tell us more. #TrumpTrain https‚Ä¶"
EdSkipper,"RT @GKMTNtwits: #Network4Hillary Share W/friends over breakfast! ‚ÄúHow much could you save if not paying student loans?
 https://t.co/0d1vty‚Ä¶"
pms5699,RT @Doug_39: MT @jan_pierce: #CruzSuperCrew #ChooseCruz https://t.co/vCaSDgsMk5 #CruzCrew #PJNET
wrighttrey22,5:30 morning aren't to bad
vinc9ent,@realDonaldTrump 2016 #MakeAmericaGreatAgain https://t.co/ooWOfSdWBD
ThatGuyFromTenn,"RT @realDonaldTrump: ""@jlopez05391: @realDonaldTrump Rochester loves you! See you tomorrow! #MakeAmericaGreatAgain #Trump2016 #TrumpTrain""‚Ä¶"
LifeLibHappy,MT @WackerCindy: #Cruz stood for the #10Commandments . I stand with #TedCruz2016. #CruzToVictory https://t.co/8CZtUKpYtc #CruzCrew #PJNET
bonblga,RT @NadelParis: Finger waggin' PinocchioCommunist needs2go #ImWithHer #millennialsforhillary #NewYorkPrimary https://t.co/6lveV70TZ3 https:‚Ä¶
KinnardJan,"RT @WayneDupreeShow: Caller 2 - The media is trying to brainwashing each of us

#AlwaysTrump #TrumpTrain #MakeAmericaGreatAgain

https://t.‚Ä¶"
Johnsontx5Diane,"RT @DanMartin_cards: There's Only One RIGHT Choice For POTUS üëâüèΩ VOTE @TEDCRUZ

#WIPrimary 
#ChooseCruz 
#CruzCrew https://t.co/K7gRM8jVE0"
CriswellsOk,"RT @realDonaldTrump: ""@jlopez05391: @realDonaldTrump Rochester loves you! See you tomorrow! #MakeAmericaGreatAgain #Trump2016 #TrumpTrain""‚Ä¶"
White_Iniatisl,RT @NadelParis: Finger waggin' PinocchioCommunist needs2go #ImWithHer #millennialsforhillary #NewYorkPrimary https://t.co/6lveV70TZ3 https:‚Ä¶
jan_claine,"Wake Up America!
#NYPrimary #CTPrimary #DEprimary #MDPrimary #PAprimary #RIPrimary #CAPrimary #BurnTheGOP #INPrimary https://t.co/3DmFpCbNfS"
dlkay_l,RT @kyramarat1: GOP is a rigged game. It's not abt the voters. It's about how to STEAL the delegates! Come on Trump! Get this!  https://t.c‚Ä¶
Re2olutioneers,"RT @realDonaldTrump: ""@governor_savage: @realDonaldTrump is the only person who can save us from this corrupt political mess. #MakeAmericaG‚Ä¶"
KimKriz1,"RT @realDonaldTrump: ""@governor_savage: @realDonaldTrump is the only person who can save us from this corrupt political mess. #MakeAmericaG‚Ä¶"
HrcGeneration,"RT @TheRealRondaLee: Update,after surrogate ballots tallied #ImWithHer #WYCaucus https://t.co/2ZAsqJIaRN"
CarmineZozzora,"RT @SandraHartle: üîπ #Trump
üîπ #MAGA
üîπ #Women4Trump
üîπ #NYValues
üîπ #NYPrimary
üîπ #CruzCrew
üîπ #NJ #VA
üîπ #stayonbudget
üîπ #BigHeart
üîπ #PA https://‚Ä¶"
natureofthings7,"RT @Hillary4Florida: Battle born.
Battle tested.
Battle won.

SHE's ready.

üòçüá∫üá∏#ImWithHer #HillYes #Florida #NYPrimary #Hillary2016 https:/‚Ä¶"
ksfay5,RT @Bikers4Trump: Get on the #TrumpTrain &amp; Join #Bikers4Trump Today @ https://t.co/AGuHKH0S7K &amp; #RETWEET https://t.co/CbAQqjmcYR
D_Ericson,"RT @WeNeedHillary: TOXIC: The Culture of Bernie's Campaign https://t.co/1P0qwWy4ON
#ShesWithUs #ImWithHer #TNTweeters #FleeTheBern https://‚Ä¶"
mctomkat873,RT @acb4values: .@tedcruz works for every vote he gets! No candidate works harder for every single vote! #CruzCrew #UniteWithCruz https://t‚Ä¶
brooktsmom,@hairmich42 @andieiamwhoiam wth??? Where r u getting this information?
darlineellichtt,RT @NadelParis: Finger waggin' PinocchioCommunist needs2go #ImWithHer #millennialsforhillary #NewYorkPrimary https://t.co/6lveV70TZ3 https:‚Ä¶
EdSkipper,"RT @WeNeedHillary: New York Democratic Polls 2016: Clinton‚Äôs Lead Grows https://t.co/SN8fQXHUhf
#ShesWithUs #ImWithHer #TNTweeters #p2 http‚Ä¶"
tinahuntsme,RT @ImagineAnna: Multiple law suits pending VS Ted Cruz #WakeUpAmerica #tcot #CruzCrew #CruzSexScandal #CRUZCOURTCASE #CruzVoterFraud https‚Ä¶
Essex1963,"RT @realDonaldTrump: ""@governor_savage: @realDonaldTrump is the only person who can save us from this corrupt political mess. #MakeAmericaG‚Ä¶"
Rupos13,RT @NadelParis: Finger waggin' PinocchioCommunist needs2go #ImWithHer #millennialsforhillary #NewYorkPrimary https://t.co/6lveV70TZ3 https:‚Ä¶
D_Ericson,RT @aquarharris688: Yep! Go figure! They are ridiculous! #ImWithHer  https://t.co/XkRdNYFIyT
cykelly1718,RT @FloridaforHRC: Liberal &amp; Think @HillaryClinton Is Corrupt-You Are Rewarding 25 Yrs of GOP Smears #ImWithHer https://t.co/roANEsGp3K htt‚Ä¶
OrlandoMilian8,RT @amrightnow: Jobs 4 #Veterans Trump Your Safety  #realdonaldtrump #VoteTrump2016 #TrumpTrain https://t.co/j58e8aacrE #military https://t‚Ä¶
CrusaderIntel,"RT @realDonaldTrump: ""@governor_savage: @realDonaldTrump is the only person who can save us from this corrupt political mess. #MakeAmericaG‚Ä¶"
ConnieSneed2,@realDonaldTrump I just registered for dialing for Trump from IN to help @realDonaldTrump #MakeAmericaGreatAgain https://t.co/mq9EEHKgPe
vintagegoddess,"RT @fussylooksowhat: Laura Bush SLAMS The GOP, Says She‚Äôd Rather Vote For Hillary Than A Republican @HillaryClinton #ImWithHer #POTUS2016
h‚Ä¶"
natureofthings7,RT @BJHare: This is what happens when a primary or caucus is CLOSED with only Dems voting! #WYCaucus #ImWithHer https://t.co/xxweb47mdM
jorenzor,RT @BobbyTBD: I actually have a very successful career but thanks for showin how rude @BernieSanders supporters can be #ImWithHer https://t‚Ä¶
OutsiderzBlog,"RT @Socialist_Times: Stop shaming women who support Bernie into voting for Clinton https://t.co/FNym35huFt
#Women4Bernie #ImWithHer #P2 htt‚Ä¶"
miababy589,RT @keksec__org: @realDonaldTrump Trump isn't even president yet and is already creating jobs! #MakeAmericaGreatAgain
kenlweb36,"RT @ChristieC733: Donald Trump speaks for me.  

üî¥ #NoMorePC 

‚ö™Ô∏è #WomenForTrump 

üîµ #WisconsinForTrump 

üá∫üá∏ #MakeAmericaGreatAgain https:/‚Ä¶"
cheryl_abe,Bwaaaa first laugh of the day!!!! https://t.co/nETLXcDv10
julie_cappiello,RT @SandyMarrett: @FoxNews https://t.co/YIIZ5TC7Bo
flyingchick747,"RT @realDonaldTrump: ""@governor_savage: @realDonaldTrump is the only person who can save us from this corrupt political mess. #MakeAmericaG‚Ä¶"
jannalcovington,RT @PatriotGinger: https://t.co/K6F1G6utXq
areysimmons,RT @immigrant4trump: RETWEET if you think Melania would make a great First Lady! #MakeAmericaGreatAgain #Trump2016 @realDonaldTrump https:/‚Ä¶
bloodless_coup,"Bitches &amp; moans about:

‚àö Fox
‚àö Other ""unfair"" media
‚àö Those meany-mean GOP
‚àö The rules, i.e. the Constitution

‚àö Obama
‚àö Trump
X #CruzCrew"
coreystrickla10,"RT @Koxinga8: Who are the women backing Donald Trump? https://t.co/w5JURA9seC via @nypost
#TrumpTrain #Trump2016"
1Cubbie,RT @joehos18: @realDonaldTrump Supporters please follow @carlie_orsini she's new and an Ardent #TrumpTrain supporter. Support all #Trump Su‚Ä¶
Amberis4LSU,"RT @NMarco331: Last person to use such an amazing slogan was also the last person to #MakeAmericaGreatAgain

#VoteTrump https://t.co/EQ1O7M‚Ä¶"
sandyaschneider,"RT @jan_claine: Wake Up America!
#NYPrimary #CTPrimary #DEprimary #MDPrimary #PAprimary #RIPrimary #CAPrimary #BurnTheGOP #INPrimary https:‚Ä¶"
wendyvoss,"RT @ElseMarilyn: #NYValues #CAPrimary 
#NYPrimary  #PAprimary  #AlwaysTrump #PresidentTrump
#TrumpTrain #Trump2016 
#NeverCruz https://t.co‚Ä¶"
BillyBert13,"RT @joelbousley: This is not very progressive. If so, count me out. He deleted his comment. Below is a screenshot. #wtf #ImWithHer https://‚Ä¶"
bonnieparker443,RT @The_Trump_Train: RETWEET if you think Donald Trump will be the hardest working president in history! #MakeAmericaGreatAgain https://t.c‚Ä¶
hunkaberninlove,RT @mikesldy6969: #IStandWithJane! https://t.co/D3rv4Ikr9J
mireya_montoya_,Just when know when I'm over you it's a wrap üíØüíØ
VasileFalcone,RT @Canada4TrumpNow: The @GOP is tying everything they can to take this away from the will of the people! Don't let them win! #VoteTrump ht‚Ä¶
SpartanMaker,@realDonaldTrump Lyin' Ted must do the right thing: Drop out and end this charade. #TrumpTrain #MAGA
MargBeckwith,I can identify with much of this by just running for office in West Virginia! @HillaryClinton #ImWithHer   https://t.co/afKZexmvYP
pms5699,"RT @gerfingerpoken2: Free Republic: Why #Trump Is Afraid Of ""Crazy"" @megynkelly - https://t.co/OFRrou9s68  - https://t.co/iSlV8p0ifU - #Cru‚Ä¶"
Manni_syd,"RT @SaraGreenwell: @realDonaldTrump America loves you, Melania and the entire family. #NewYorkValues #VoteTrump"
virgo2757,"RT @Ma_Mick_: Trump is just realizing that running US isn't something you loan your name 2 4 a fee, file bankruptcy on &amp; walk away https://‚Ä¶"
EmpowerPeacoweN,RT @NadelParis: Finger waggin' PinocchioCommunist needs2go #ImWithHer #millennialsforhillary #NewYorkPrimary https://t.co/6lveV70TZ3 https:‚Ä¶
AmberForAmerica,RT @2cowboys4u: MT @CliffWilkin: CRUZ committed to smaller government. https://t.co/9ZaXHjax8a #CruzCrew #PJNET
RNcat50,RT @lou_ann_liguori: Action speak louder than words Ted especially since your words can't be trusted! #VoteTrump my friends! https://t.co/1‚Ä¶
m9sgmcgg,RT @NadelParis: Finger waggin' PinocchioCommunist needs2go #ImWithHer #millennialsforhillary #NewYorkPrimary https://t.co/6lveV70TZ3 https:‚Ä¶
bjohnson1436,RT @NYC4TRUMP2016: A vote for Hillary/Bernie is a vote for the corrupt DC establistment #NYPrimary #Trump2016 #MakeAmericaGreatAgain
Stevekallay1,RT @realBrianGordon: I'm with you friend! I'll vote @realDonaldTrump even if I have to write him in on my ballot. #MakeAmericaGreatAgain ht‚Ä¶
FollowBackAnyon,RT @NadelParis: Finger waggin' PinocchioCommunist needs2go #ImWithHer #millennialsforhillary #NewYorkPrimary https://t.co/6lveV70TZ3 https:‚Ä¶
oikono1885,"RT @sandyaschneider: WTF... Ted Cruz came in 3rd in South Carolina... But now he stole the delegates, meaning your vote does not count #Tru‚Ä¶"
Prettyr0y9a9,RT @NadelParis: Finger waggin' PinocchioCommunist needs2go #ImWithHer #millennialsforhillary #NewYorkPrimary https://t.co/6lveV70TZ3 https:‚Ä¶
oikono1885,"RT @ImagineAnna: Cruz facing disqualification for fraud in EIGHT STATES!!

#WakeUpAmerica #tcot #CruzSexScandal #TrumpTrain

https://t.co/h‚Ä¶"
AnJolieLeg,Share #LatinosForTrump with race pimps @CarolCNN @ron_fournier @CNN @MSNBC @NBCNews @donnabrazile  https://t.co/h8Wml6agyJ
CriswellsOk,"RT @realDonaldTrump: ""@governor_savage: @realDonaldTrump is the only person who can save us from this corrupt political mess. #MakeAmericaG‚Ä¶"
glitzygirlsmag,I hope the people who support Trump in IN remember Craig Dunn statements when he is up for re-election. #AlwaysTrump https://t.co/rnwcr6gnAj
OligarchySucks,"https://t.co/rL00B9CqQR?
#NYPrimary #NewYorkPrimary #NYC #NYU #NewYork #Brooklyn #Bronx #Yonkers #DocumentTheVote #NotMeUs #BernieOrBust"
pdachil,"RT @realDonaldTrump: ""@governor_savage: @realDonaldTrump is the only person who can save us from this corrupt political mess. #MakeAmericaG‚Ä¶"
kylehuckins,"Want to derail #Trumptrain, bring #racialJustice, grow in #GodsWord? My new book: https://t.co/CNdqQezSzb #preacher https://t.co/eTufm0G7ws"
LeeLevilee,Nice job #WYCaucus!  7-7 tie!  It's even more uphill from here for him!  #ImWithHer https://t.co/2zSL9xX9R8
pms5699,"RT @Network_Citizen: MT @TeriGRight: Grassroots, Please Rise Up &amp; #ChooseCruz! He can FIX this mess! #TCOT #LNYHBT https://t.co/9GfF5lWlgS‚Ä¶"
NanditaDidi,"RT @fawfulfan: No, Bernie Sanders was not right about the Panama free trade agreement. Hillary Clinton was. #ImWithHer https://t.co/WSDmS23‚Ä¶"
GrantCnroda,RT @NadelParis: Finger waggin' PinocchioCommunist needs2go #ImWithHer #millennialsforhillary #NewYorkPrimary https://t.co/6lveV70TZ3 https:‚Ä¶
DALHOU,#DumpTrump #NeverTrump #NarcissisticTrump #LiarTrump #RinoTrump  #SleazyDonald #ToxicTump #AlwaysCruz https://t.co/CjKbZzqimS
mireya_montoya_,Honestly rn im Chillen I don't have feelings for anyone üò¥ü§òüèºüòú
poodlelove55,"If they deny @realDonaldTrump, I believe I have no choice but to leave party that proves itself corrupt! #VoteTrumpüåü https://t.co/ygAh2wpimw"
AustralianDude,RT @NoKill20kmLife: David Axelrod caught emailing Hillary Clinton at personal address he knew nothing about https://t.co/Ux7f8aduoO #Bernie‚Ä¶
aDnBallaruPhoot,RT @NadelParis: Finger waggin' PinocchioCommunist needs2go #ImWithHer #millennialsforhillary #NewYorkPrimary https://t.co/6lveV70TZ3 https:‚Ä¶
RayWalsl,RT @NadelParis: Finger waggin' PinocchioCommunist needs2go #ImWithHer #millennialsforhillary #NewYorkPrimary https://t.co/6lveV70TZ3 https:‚Ä¶
Bart_39,MT @bcwilliams92: If This Is Your List Then Ted Cruz Is your Guy. https://t.co/hTWsCANj0m #CruzCrew #PJNET
drumquint,RT @trump_world: Trump Campaign Considering Challenging Colorado Delegates @realDonaldTrump #MakeAmericaGreatAgain #Trump2016 https://t.co/‚Ä¶
