THE_TRUMP_TRUTH,https://t.co/zzXbT5Rk3W #MAGA #MakeAmericaGreatAgain #TRUMP #TrumpTrain #Trump2016 #BuildTheWall #ForeignTariffsWork https://t.co/O2fDRtbwE3
OfficialMariahj,Np  https://t.co/cp571SQXhy
MTmarilyn2,RT @bow227: I hope New Yorker's have him figured out. #ImWithHer  https://t.co/XP1vXM2CJA
KanchoFam,@SynDiffer you learn something new everyday i guess
CliffWilkin,MT @Night_Owler_: This woman can be my FLOTUS any day! Class act. #UniteWithCruz https://t.co/uRUQBnkFHm #CruzCrew #PJNET
chuckafucka,"RT @realDonaldTrump: ""@governor_savage: @realDonaldTrump is the only person who can save us from this corrupt political mess. #MakeAmericaG‚Ä¶"
dknight716,RT @CNM_Michael: #CruzCrew are you following @TeamTedCruz the OFFICIAL Cruz Staff Twitter? #CruzToVictory #Cruz2016
_redsodapop30,@luxeambermfc i would ask for a return favor but u are following me already lol
GretchenM38,@Shelly4Trump @GOP @RealAlexJones @RogerJStoneJr Do something now - class action suit for fraud against RNC
wt9072,@HuffPostPol @FLGovScott @GOP THE Truth Hurts Doesn't it A**Hole! We've Had Enoughüí© @starbucksgold Go Sell Your Wife's Pot Elsewhere!
Pitt4Hillary,RT @BilldeBlasio: She's always been a show stopper. Thanks to @HillaryClinton for taking #InnerCircle to the next level. #ImWithHer https:/‚Ä¶
AynAyahSteenkur,RT @rimonima: Clinton has higher bills per year &amp; amendments per year in Senate than Sanders. #ImWithHer #SheGetsTheJobDone https://t.co/mP‚Ä¶
taylorj0103,It feels good to still get checked out by your manüíúüíú #TruthFeelsLike @gwenstefani https://t.co/VWuIUXZ859
jstines3,"Support candidate #TedCruz &amp; USA w prayer! 

#PrayforTed 
#CruzCrew
#Cruz2016 
#PJNET 
#TCOT 
#CCOT 

https://t.co/XJbSUTNL2w"
The_Chalkening,"RT @BetterThanClean: Trump is a good man - he deserves better than to be cheated by GOPe
#StopTheSteal help Trump #BurnDownTheGOP https://t‚Ä¶"
LindaGarriss,"RT @TrumpSuperPAC: #CruzCrew Why are you voting for someone who has no chance of winning? @TedCruz for the 1st 6 months of this race, agree‚Ä¶"
graingerstud,@Uniform3 @mengaybdsm https://t.co/YNK19oPWLF
ChristyBSittig,"RT @realDonaldTrump: ""@governor_savage: @realDonaldTrump is the only person who can save us from this corrupt political mess. #MakeAmericaG‚Ä¶"
sunserger,@ErinRehman and you my friend LOSE! Trump may not be nominee but Senate/Congress going DOWN like a ton of bricks!Anti-Americans u r done
callmelayonce,I thank god I work no later than 3 on the weekends üò©
LifeLibHappy,MT @GarageDoorExpo: #headtohead #CruzCrew progressive populism vs true constitutionalist conservative. https://t.co/EGFm0IRuPs #PJNET
janimine,https://t.co/ecKn0DGKZ2  ‚ÄúYou can‚Äôt deport ALL illegals.‚Äù Really? Just watch. #Trump2016 #TrumpTrain #MakeAmericaGreatAgain
LindaGarriss,RT @Studs4TrumpOahu: #VoteTrump #MakeAmericaGreatAgain #NewYork #Connecticut #Delaware #Maryland #Pennsylvania #RhodeIsland #TrumpTrain  ht‚Ä¶
MaryAEmert,RT @WeNeedTrump: I just don't understand how people can support socialism or communism... Unless they're lazy and or broke as hell. #MakeAm‚Ä¶
jimmyneutchh,I'm annoyed son.
rsbriggs,"RT @HardcoreRep: So this happened. @cologop #cogop2016 ""They did it"" Now claiming they were hacked! Please, tell us more. #TrumpTrain https‚Ä¶"
ElseMarilyn,"#NYValues #CAPrimary 
#NYPrimary  #PAprimary  #AlwaysTrump #PresidentTrump
#TrumpTrain #Trump2016 
#NeverCruz https://t.co/kEHxFvfURM"
sapphire4sam,Donald Trump #TrumpTrain 2016 Large White Custom Decal #republican  #gop #nra #nra #pjnet https://t.co/r5K2tu2KqZ
emerylittle3,Donald Trump #TrumpTrain 2016 Large Black Custom Decal IntlShip #republican  #ccot #trump #2a https://t.co/PzrTp9jfxm
MencarelliTim,"RT @joshgremillion: RT if you think @realDonaldTrump will get to the 1,237 delegates needed for the nomination! #MakeAmericaGreatAgain http‚Ä¶"
Jayisms2323,RT @Libertea2012: RT: BREAKING: @BernieSanders is the projected winner of the #WYCaucus! Let's keep up the momentum and‚Ä¶ #BernieStrong http‚Ä¶
MrDaftPrawn,@richnairn @doilys We'll be watching. I have to leave for work in a few hours but we'll be watching üòä
Robertmeehan13,RT @Libertea2012: MT Sanders Declared Winner of Wyoming Democratic Caucuses - ABC News -‚Ä¶ https://t.co/b63Uh3Vny5 #BernieStrong https://t.c‚Ä¶
ptrckstone,"RT @djred678: With ALL men in this election spewing hate, Hillary Clinton proves AGAIN that she's the only adult here #ImWithHer https://t.‚Ä¶"
callmelayonce,I be tired asf waking up at 5am but it's worth it
djgrolyo,Love how Mayor de Blassio called Sanders out and made him accept.  #ImWithHer  https://t.co/a0fJm2caDm
rj07thomas,"RT @kate_hess: Stop
Killing
Us
#ImWithHer  https://t.co/Qi2t6o9kKE"
prartana,RT @Libertea2012: MT #BernieSanders has won 8 out of the last 9 state primaries.:‚Ä¶ https://t.co/khRaujRJFF #BernieStrong https://t.co/LGLew‚Ä¶
irishgino,"RT @realDonaldTrump: ""@governor_savage: @realDonaldTrump is the only person who can save us from this corrupt political mess. #MakeAmericaG‚Ä¶"
irrekset,"RT @BritishBerner: #ImWithHer, and by her I mean @JaneOSanders, of course! #ImWithJane #JaneForFLOTUS #Bernie2016 
üíõüíôüíúüíö‚ù§ https://t.co/5rMhy‚Ä¶"
SheilaWagner19,RT @tedcruz: Thank you Colorado for another resounding victory! https://t.co/PXWWcifJKK #ChooseCruz #CruzCrew https://t.co/zhMVq5QpeH
FranklinMan25,RT @CliffWilkin: MT @FranklinMan25: We've waited a long time for a true Patriot to come along. The wait is over! https://t.co/erOvXvBh1n #C‚Ä¶
joehos18,"RT @22Americanfirst: Type this &gt;&gt;&gt;   #BurnDownTheGOP   in EVERY RETWEET !  #Trump2016 #MakeAmericaGreatAgain  #WomenForTrump
   https://t.c‚Ä¶"
muwanguzi_nuru,RT @KeepHuynhing: It's official! AP allocates all pledged delegates-split decision in #WYCaucus. Big win 4 @HillaryClinton #ImWithHer https‚Ä¶
KanchoFam,i want to bit my nails so damn badly trying to stop bad habits is fuckin hard
keinath_ryan,"RT @RichardAngwin: Meanwhile, back in New York...

#FeelTheBern #ImWithHer #tcot https://t.co/A57fhV8afU"
Xs_keezX,im so ficking dumb
WarrenNebe,"RT @WeNeedHillary: Turns Out Hillary Clinton &amp; President Obama Were Right on Panama https://t.co/aNcGUxRD4r
#ShesWithUs #ImWithHer #p2 http‚Ä¶"
Snaptixx,Tonight.....was unexpected......but moving forward....
luxorgroup,RT @janimine: https://t.co/ecKn0DGKZ2  ‚ÄúYou can‚Äôt deport ALL illegals.‚Äù Really? Just watch. #Trump2016 #TrumpTrain #MakeAmericaGreatAgain
WhytePantherRN,#WhytePanther #BernieOrBUST *VIDEO* (@BernieSanders #FeelTheBern) https://t.co/4Jz8JYjchI https://t.co/3ymKFLfFvu
Stwallace23,RT @ninaturner: Thank you #WYCaucus  https://t.co/gfxsp2w94P
mdjacksondallas,RT @AdamsFlaFan: I agree. This is the Hillary we know and love. #ImWithHer https://t.co/BesJcNNkVn
oChancellor,michaelbjordan #EmbaradsMeTonight.. #monk. = REAL #DIVORCE chancebakari  -@MTV @ Salem High‚Ä¶ https://t.co/pH7Iv82ZFB
RobinFoxNews,How about another nice game of CHESS? #WakeUpAmerica #MakeAmericaGreatAgain   https://t.co/XMxXyD3aXz
MaryAEmert,"RT @realDonaldTrump: ""@governor_savage: @realDonaldTrump is the only person who can save us from this corrupt political mess. #MakeAmericaG‚Ä¶"
reaganbarfield,@Ethan_Hicks_  nopeüòâ
BriannaRupp,@LongLiveMSWAG hi
cutesillykitty,@porcelainkitty_ üòë I've wronged you haven't I
sidelinerson,We can't explain life and consciousness with physics and algebra.
LisaHenkelSimo1,"RT @realDonaldTrump: ""@jlopez05391: @realDonaldTrump Rochester loves you! See you tomorrow! #MakeAmericaGreatAgain #Trump2016 #TrumpTrain""‚Ä¶"
DonahueMaryann,"RT @realDonaldTrump: ""@governor_savage: @realDonaldTrump is the only person who can save us from this corrupt political mess. #MakeAmericaG‚Ä¶"
majro_10,"RT @realDonaldTrump: ""@governor_savage: @realDonaldTrump is the only person who can save us from this corrupt political mess. #MakeAmericaG‚Ä¶"
sunbeltgirl,MT @JosephEach: @tedcruz has done exactly what he said he would do. Even when he stood alone. https://t.co/d3x3xN19Gb #CruzCrew #PJNET
bobbiemoak,"RT @Socialist_Times: Stop shaming women who support Bernie into voting for Clinton https://t.co/FNym35huFt
#Women4Bernie #ImWithHer #P2 htt‚Ä¶"
grinnerlynn62,"RT @BetterThanClean: Trump is a good man - he deserves better than to be cheated by GOPe
#StopTheSteal help Trump #BurnDownTheGOP https://t‚Ä¶"
dawngpsalm63,"More proof of .@cologop cheating the tweet &amp; locking out Trump delegates &amp; this üî•üí£
#BurnTheGop 
#TrumpTrain
#Trump  https://t.co/SKaeqeRa5y"
MTmarilyn2,RT @ThisIsLaurenY: I like it- but I'm going to keep making calls! Join me by going to https://t.co/i9DRZYpvId #ImWithHer #HillaryStrong htt‚Ä¶
NoBlood4Hubris,RT @LizEClark: Anyone see #Bernie in this DC March for gun control? I sure don't #ImwithHer #Hillary2016 .@HillaryClinton https://t.co/pjiS‚Ä¶
FranklinMan25,RT @2cowboys4u: MT @FranklinMan25: Ted Cruz calls the enemy by name! and  will utterly destroy ISIS! https://t.co/j0hWthstcf #CruzCrew #PJN‚Ä¶
iGkrypto,https://t.co/35hxyFvGu3
jakesuggs_jacob,#FeelingTheBern  https://t.co/shhX071s6q
ManMet80,RT @WonderWoman934: I was at a caucus for Hillary in our county. Bus loads of Bernie's fans showed up and tried to take over the caucus. ht‚Ä¶
RubenSinghK,"RT @tedcruz: Speaking NOW at the @cologop convention. Join us live here, #CruzCrew: https://t.co/lEfMdkeltp #ChooseCruz"
FranklinMan25,RT @LifeLibHappy: MT @FranklinMan25: We've waited a long time for a true Patriot to come along. The wait is over! https://t.co/wHNVo2mT2b #‚Ä¶
DreLee863,Need some cool grey 11s üôÑ
ew_cumberland,"Every person that tells me ""Memphis is a lot better now""..Have no clue of Memphis in the 80's. #PointofNoReturn"
WallTricia,"RT @realDonaldTrump: ""@Genie115: #MakeAmericaGreatAgain we can only do that with @realDonaldTrump RT https://t.co/RViAgxoa4t"""
trumpWG,#YUGE #TeamWhite #DEM #TrumpTrain https://t.co/x2jpJ6NAmE
KuismaSami,RT @janimine: https://t.co/ecKn0DGKZ2  ‚ÄúYou can‚Äôt deport ALL illegals.‚Äù Really? Just watch. #Trump2016 #TrumpTrain #MakeAmericaGreatAgain
Robertmeehan13,RT @Angela__Paul: Harry Belafonte- great activist feeling the Bern . #BernieAtTheApollo #feelthebern #BernieOrBust. @BernieSanders  https:/‚Ä¶
perossmeisl,RT @PeacefulChrist: @MiceeMouse @perossmeisl @dawnmariefhl @PatriotKevinMO @ReiserWilliam @michaelmeans49 #WakeUpAmerica #TrumpTrain https:‚Ä¶
MTmarilyn2,RT @BJHare: Robert DeNiro endorses Hillary. #ImWithHer https://t.co/RVRzvqpAsV
kmcbrd2,"RT @WeNeedHillary: Turns Out Hillary Clinton &amp; President Obama Were Right on Panama https://t.co/aNcGUxRD4r
#ShesWithUs #ImWithHer #p2 http‚Ä¶"
ManMet80,"RT @OkiesForHillary: Every time HRC ties or wins, BS fans make up a conspiracy. But only 1 of the 2 camps has cheated. Looking at you @Bern‚Ä¶"
quezthechamp,I'm blessed man üíØ
suicide_romance,Congratulations!!! https://t.co/RZzqHIbRov
asapanquan,Put
BreakingBad263,LIVE Donald Trump Rochester New York Rally FULL SPEECH HD (4-10-16) 3:00... https://t.co/F1NHaj0LEI via @YouTube #trumptrain #trump2016
MJPmsw,#Bernie2016 #SuperDelegates #wearetherevolution #AmericaTogether #BernieStrong #FeelTheBern #NotMeUs https://t.co/05eBG6yj9p
Valkaryn,RT @nepafortrump: @realDonaldTrump @governor_savage @DanScavino @CLewandowski_ @heytana @michaelglassner https://t.co/lpMQq1agBd https://t.‚Ä¶
FranklinMan25,RT @sow_with_vision: MT @FranklinMan25: We've waited a long time for a true Patriot to come along. The wait is over! https://t.co/CeXix4ebI‚Ä¶
screenwriter,"RT @dawngpsalm63: More proof of .@cologop cheating the tweet &amp; locking out Trump delegates &amp; this üî•üí£
#BurnTheGop 
#TrumpTrain
#Trump  https‚Ä¶"
ionse,RT @TimBartender: HRC supporters brag about results from a rigged election. Then they wonder why I'm #BernieorBust #FeelTheBern https://t.c‚Ä¶
AppSame,"RT @healthandcents: The Life-Saving Power of üî´‚ÄºÔ∏èSecond Amendment Prevented Beheading in Oklahoma 

https://t.co/wp5Vk4NTLt
.@realDonaldTrum‚Ä¶"
GlennSilva76,RT @sunbeltgirl: MT @JVER1: TED WILL SUPPORT OUR FRIENDS. #ChooseCruz https://t.co/XCLu4vDVka #CruzCrew #PJNET
suicide_romance,"RT @VoteBlueAlways: #ImWithHer Evening Thread https://t.co/Q04sgWuXpG
I was excited to find my tweet on https://t.co/PG14se4pjL
Thanks! htt‚Ä¶"
GlennSilva76,RT @sunbeltgirl: MT @PrdBlckRpblican: This Nation will be like a bright and morning star! Cruz! #ChooseCruz https://t.co/lWik6137IA #CruzCr‚Ä¶
FranklinMan25,RT @2cowboys4u: MT @FranklinMan25: The only Presidential candidate that has proposed real solutions! https://t.co/kOOuXOS09p #CruzCrew #PJN‚Ä¶
LindaGarriss,RT @O_IrishT: ‚òòüá∫üá∏üî•üëâBan elect. voting machines fixed to cap Mr.Trump ‚¨áÔ∏è 50%. Demand use of paper ballots. .#TrumpTrain .@Mferris67  https://‚Ä¶
bristola48,RT @BJHare: Robert DeNiro endorses Hillary. #ImWithHer https://t.co/RVRzvqpAsV
xF1yingVenusx,@Zack3128 @GodlessNZ if that debate fails to ask about this shit... #BernieOrBust #HillNo #ShesAPuppet #PanamaPapers #BernieOrStein #NotMeUs
FranklinMan25,RT @crosswindlive: MT @FranklinMan25: The only Presidential candidate that has proposed real solutions! https://t.co/soR54374Bl #CruzCrew #‚Ä¶
gene70,"RT @realDonaldTrump: ""@governor_savage: @realDonaldTrump is the only person who can save us from this corrupt political mess. #MakeAmericaG‚Ä¶"
FranklinMan25,RT @ErinLichnovsky: MT @FranklinMan25: We've waited a long time for a true Patriot to come along. The wait is over! https://t.co/741iBU28yV‚Ä¶
irisegray36,"RT @Libertea2012: MT Prediction: #BernieSanders will be our 45th President Stats from top predictive primaries, KS &amp;;‚Ä¶ #BernieStrong https:‚Ä¶"
soniaerasmus,RT @amrightnow: Vote Trump #realdonaldtrump #VoteTrump2016 #MakeAmericaGreatAgain #trumptrain #A1 #A2 #tcot #trump2016 https://t.co/M5O9tfy‚Ä¶
JessicaannHogan,RT @_HankRearden: #Cruzcrew is the enforcement arm of the Cruz camp. It's responsible for intimidation and collections.
Robert68154300,I would follow that  https://t.co/bLTgThQ1pf
ilduce2016,‚ÄúA nation of spaghetti eaters cannot restore Roman civilization!‚Äù ‚Äì @realDonaldTrump #MakeAmericaGreatAgain
NHNewsAgency,RT @PatriotGinger: MT @RichardJSunkle: In your heart you know voting for Ted Cruz the right thing to do. https://t.co/fcztqqnwcL #CruzCrew‚Ä¶
JeanneFischer33,RT @BJHare: Robert DeNiro endorses Hillary. #ImWithHer https://t.co/RVRzvqpAsV
TRASHYMAGIC,idk what it likes to wake up to nudes but
FranklinMan25,RT @hazards4: MT @FranklinMan25: The only Presidential candidate that has proposed real solutions! https://t.co/3UZwx4lOuD #CruzCrew #PJNET
_itsmaggieeee,Like I've said 30 different times. If the shoe fits then wear it. üò¥üò¥
johnleesandiego,"RT @southerntalker: #ImWithHer  ‚Ä¶: https://t.co/vtcSzH2dKs 
#StrongerTogether #ShesWithUs #DemTownHall #cnntownhall #Ohio #Illinois #Fl htt‚Ä¶"
Wyatt_Earp2011,"TED CRUZ 2016üá∫üá∏

#CruzCrew 
#Women4Cruz 
#WeAllStandWithNY 
#TedCruzPresident
#WeWillNotForgetNYüçé
#RedNationRisingüá∫üá∏ https://t.co/BSIj7PnE8X"
ElseMarilyn,"#NYValues #CAPrimary 
#NYPrimary  #PAprimary  #AlwaysTrump #PresidentTrump
#TrumpTrain #Trump2016 
#NeverCruz https://t.co/pSVZgnrGJ0"
realSamSmithy,"RT @Jarhead3063: Please help support #CruzCrew, add a #Twibbon now! https://t.co/DdpRA2dSKI"
FybTevin,I just ask God walk with me every step of the way
asapanquan,Out üïî
majro_10,"RT @realDonaldTrump: ""@jlopez05391: @realDonaldTrump Rochester loves you! See you tomorrow! #MakeAmericaGreatAgain #Trump2016 #TrumpTrain""‚Ä¶"
shagsterjo,"RT @VetsForDonald: #DonaldTrump Says: ""jlopez05391: realDonaldTrump Rochester loves you! See you tomorrow! #MakeAmericaGreatAgain #Trump201‚Ä¶"
Flying4JC,#Trump #MakeAmericaGreatAgain #Women4Trump #Students4Trump #Bikers4Trump #NYPrimary #NewYorkPrimary #NewYorkCity  https://t.co/7GObJPl3Sp
jarhenkac,RT @janimine: https://t.co/ecKn0DGKZ2  ‚ÄúYou can‚Äôt deport ALL illegals.‚Äù Really? Just watch. #Trump2016 #TrumpTrain #MakeAmericaGreatAgain
BishopSPope,A president gets paid for LIFE once out of office. He Gave Up NOTHING. Unless he loses the race. he has rec'd $$$$ https://t.co/Vonq97JCtz
ElseMarilyn,"#NYValues #CAPrimary 
#NYPrimary  #PAprimary  #AlwaysTrump #PresidentTrump
#TrumpTrain #Trump2016 
#NeverCruz https://t.co/5UVsDoy4KE"
JeanneFischer33,"RT @WeNeedHillary: Turns Out Hillary Clinton &amp; President Obama Were Right on Panama https://t.co/aNcGUxRD4r
#ShesWithUs #ImWithHer #p2 http‚Ä¶"
bristola48,RT @ThisIsLaurenY: I like it- but I'm going to keep making calls! Join me by going to https://t.co/i9DRZYpvId #ImWithHer #HillaryStrong htt‚Ä¶
HuronBlueChief,"RT @WeNeedHillary: Feel The Bern: Sanders Tax Plan Would Kill 6 Million Jobs https://t.co/qVOMQoEfIS
#ShesWithUs #ImWithHer #TNTweeters htt‚Ä¶"
dawnbunnybun,RT @rimonima: Clinton has higher bills per year &amp; amendments per year in Senate than Sanders. #ImWithHer #SheGetsTheJobDone https://t.co/mP‚Ä¶
IdiocracyNowPlz,This is the election @GOP establishment envisions for itself. @tedcruz @realDonaldTrump #MAGA #NeverCruz #CruzCrew https://t.co/h0IXsdc9zk
joshycalhoun,I cannot believe I woke up in time for work without an alarm üôÜüôÜ
tm11999,@VanJones68 @joshuamcsee every aspect of human existence has racist elements w/you.nothing happens 2 ur peeps that can't b blamed on racism.
HI967tree4,"#LetsDoThis 
Arm yourself with #FactsOnly, links, screenshots. 
#StandYourGround 
#StandTogether
#BernieStrong https://t.co/iWJE5ZIR9K"
MrHinNH,"RT @ibsharkbait: Given their voting record the last couple of years, this is a plausible theory. https://t.co/N5pXlMpMr7"
master_king_god,"@MJuricaWFTV good morning, beautiful. how are you?"
MulcahyA,RT @Nurse4Trump: @loudobbsnews Hmmmm! Trump is right again.#MakeAmericaGreatAgain https://t.co/S3kes8PPpf
graingerstud,@mengaybdsm @CMG18192 @Uniform3 https://t.co/ChFLYS5w8L
Chelly04G,TRUMP TRUMP TRUMP TRUMP!!! #MakeAmericaGreatAgain @realDonaldTrump LOVE!!!!!! https://t.co/fTQ7jcyYel
NathanDWilsonFL,"RT @realDonaldTrump: ""@jlopez05391: @realDonaldTrump Rochester loves you! See you tomorrow! #MakeAmericaGreatAgain #Trump2016 #TrumpTrain""‚Ä¶"
BikinInMaine,MT @CliffWilkin: Led way to preserve the words 'under God' in the Pledge of Allegiance. https://t.co/Wijd4zsZ1u #CruzCrew #PJNET
sh4joy,"RT @WeNeedHillary: Feel The Bern: Sanders Tax Plan Would Kill 6 Million Jobs https://t.co/qVOMQoEfIS
#ShesWithUs #ImWithHer #TNTweeters htt‚Ä¶"
JessicaannHogan,RT @TrumpedAmerica: GOP Endorsements on Twitter https://t.co/l39I1ArexO #TrumpTrain https://t.co/engKKJtJMt
arosebush7,"RIP Will Smith, you will be missed #WhodatNation4Life ‚öú"
whitey1271,RT @WeNeedTrump: I just don't understand how people can support socialism or communism... Unless they're lazy and or broke as hell. #MakeAm‚Ä¶
irisegray36,RT @Libertea2012: MT #BernieSanders has won 8 out of the last 9 state primaries.:‚Ä¶ https://t.co/khRaujRJFF #BernieStrong https://t.co/LGLew‚Ä¶
rubies4ruth,Hillary Clinton #ImWithHer GIANT 8ft BANNER SIGN #democrat  #BLM #BlackLivesMatter https://t.co/wsTbsWfpwx
perossmeisl,"RT @sunny_rub30: @SayPabon @MCCNP @perossmeisl @JewelsJones1 @TrumpRallyUSA @IronManSubby1 @queengost @michaellwoodard @2sharpe2 
 https://‚Ä¶"
FybTevin,I just ask God to walk with me every step of the way
NalaSo_OSpecial,Jesus heal my body from any sickness make the pain go away!!
dknight716,RT @Freedomwarrior: Not to mention Mental Incapacity üòÇ #UniteWithCruz #Women4Cruz #NYPrimary #ChooseCruz #pjnet #TeamHeidi https://t.co/Mtr‚Ä¶
ChristyBSittig,"RT @joshgremillion: Students- this is why we need to stand behind @realDonaldTrump. @DefendingtheUSA @DanScavino #MakeAmericaGreatAgain
htt‚Ä¶"
Richard01702798,"RT @PatriotByGod: His whole family is NRA. Please turn off FOX, our country is dying. Ignorance does not excuse you from learning!  https:/‚Ä¶"
sh4joy,RT @djbratpack: RT (TY) Isn't that the truth?!?  Of course don't forget that Bernie also had help doing this from the GOP #ImWithHer https:‚Ä¶
graingerstud,@mengaybdsm @CMG18192 @Uniform3 https://t.co/pq1KDX8S1t
ElremalySalah,"RT @MR_ATL1087: The longer this primary the more #BernieOrBust looks better and better but, I know me being Black, Gay, and Atheist I'm tar‚Ä¶"
FranklinMan25,RT @BWTEIM: MT @FranklinMan25: Ted Cruz calls the enemy by name! and  will utterly destroy ISIS! https://t.co/B1nfUaNMyK #CruzCrew #PJNET
StrayYellarDawg,We know this is happening. So many have reported it. Don't trust a single caucus as a result. #ImWithHer  https://t.co/Ot0Ecfv9yQ
WDCareers,"#ANNISTON, AL #Retail #Job: Cake Decorator at Winn Dixie https://t.co/0DoXdEpcZy #Jobs #Hiring"
perossmeisl,"RT @GaltsGultch: @DRUDGE 

It's Coming..!!!

#Trump #TrumpTrain #AlwaysTrump #ResistCapitalism #WYCaucus https://t.co/IgnbxYZXxn"
HuronBlueChief,If that were to happen he would blame Obama for it https://t.co/W0onRB84ou
quarte_twatts,I'm gonna be so dead
FranklinMan25,RT @hazards4: MT @FranklinMan25: We've waited a long time for a true Patriot to come along. The wait is over! https://t.co/gs2j7oVwI2 #Cruz‚Ä¶
LindaGarriss,RT @PuyaFiel: They thought our movement would slow down.. Not gonna happen folks #MAGA #NewYorkValues #TrumpTrain #Trump2016 https://t.co/n‚Ä¶
TomScottIII,"RT @JennInTexas88: Corruption, vote stealing, suppression, CO GOP thinks it's funny.
https://t.co/bBS4Lbzxke #TrumpArmy #CruzSexScandal htt‚Ä¶"
Sharon_Mckinney,Lord put a guard over my mouth guard my heart You are my Shield and buckler help to stay focus and alert gonna do Altar work today prayed up
amrightnow,"Trump"" Make Video #1 (Trump About You) https://t.co/j58e8aacrE #MakeAmericaGreatAgain #tcot  #trumptrain #1A https://t.co/fyI8VDh5Ap"
55Posiedon,i  go to  st fx charch  sunday  to day 8:30 am  to day
FranklinMan25,RT @BWTEIM: MT @FranklinMan25: The only Presidential candidate that has proposed real solutions! https://t.co/RckMKR0wWg #CruzCrew #PJNET
DaveHerter,#BernieOrBust #StillSanders #Bernie2016 https://t.co/qGkJ8gsOWK
hdfxdx01,RT @amrightnow: Trump ? #TheRealDonaldTrump #trump2016 #TrumpTrain  Watch https://t.co/j58e8aacrE #VoteTrump2016 https://t.co/TsKCp0ZRTy
ManMet80,RT @JEL317: This is so special...she is such a decent human.... https://t.co/nkH4bvTitD
Dumpling1966,"RT @OkiesForHillary: Every time HRC ties or wins, BS fans make up a conspiracy. But only 1 of the 2 camps has cheated. Looking at you @Bern‚Ä¶"
annemieke1949,RT @janimine: https://t.co/ecKn0DGKZ2  ‚ÄúYou can‚Äôt deport ALL illegals.‚Äù Really? Just watch. #Trump2016 #TrumpTrain #MakeAmericaGreatAgain
ChristyBSittig,RT @jack_jdcagle: We STAND WITH @realDonaldTrump We will not back ANY @GOP EST. RAT! #Trump2016 #MakeAmericaGreatAgain #OnlyTrump üá∫üá∏ https:‚Ä¶
trumpcountry,"RT @ElseMarilyn: #NYValues #CAPrimary 
#NYPrimary  #PAprimary  #AlwaysTrump #PresidentTrump
#TrumpTrain #Trump2016 
#NeverCruz https://t.co‚Ä¶"
trumpcountry,RT @amrightnow: Watch Trump About You https://t.co/j58e8aacrE via @YouTube #realdonaldtrump #trump2016 #TrumpTrain #2A #1A https://t.co/5YM‚Ä¶
trumpcountry,"RT @ElseMarilyn: #NYValues #CAPrimary 
#NYPrimary  #PAprimary  #AlwaysTrump #PresidentTrump
#TrumpTrain #Trump2016 
#NeverCruz https://t.co‚Ä¶"
trumpcountry,"RT @ElseMarilyn: #CAPrimary 
#NYPrimary  #PAprimary  #AlwaysTrump #PresidentTrump
#TrumpTrain #Trump2016 

Awe.. Smart little guy https://t‚Ä¶"
kimbrelschr,"RT @Shoq: Yeah, that's sort of an ouchie. #FeetheBurn #ImWithHer #HillaryClinton #BernieSanders #feelthebern  https://t.co/ezpZuHNA4m"
MaryPatriotNews,https://t.co/WISO2VWsCQ #Caldwellfortrump #TrumpArmy #CruzArmy #TrumpCommunity #YourPotus #BikersforTrump #Bikers https://t.co/LgsYITMLPb
Fuerza_Mundial,RT @BellaSmrtThnkr: #HillarySoQualified  #ImWithHer https://t.co/Ijd1aoYDYA
realSamSmithy,"Please help support #CruzCrew, add a #Twibbon now! https://t.co/wsp3YTveU8"
rico_celis,Today is the day.üí™üèΩ
TRASHYMAGIC,real shit https://t.co/0kaRsCF0Xd
buffwon,"RT @22Americanfirst: #Trump2016 #Trump #TrumpTrain #MakeAmericaGreatAgain #DonaldTrump #OnlyTrump #PresidentTrump #WomenForTrump
   https:/‚Ä¶"
roz233,"RT @JasonMDNA: When Sanders starts bashing trade deals from Clinton presidency, I send a friendly reminder. #ImWithHer #NY4Hillary https://‚Ä¶"
MomsforMorals,RT @acb4values: .@tedcruz works for every vote he gets! No candidate works harder for every single vote! #CruzCrew #UniteWithCruz https://t‚Ä¶
DrCongress,"Dear #Congress, either do you're Job or you're https://t.co/EVOGY5Mkw4  https://t.co/l1VjmFZ4Wv"
Bobby1756,RT @BilldeBlasio: She's always been a show stopper. Thanks to @HillaryClinton for taking #InnerCircle to the next level. #ImWithHer https:/‚Ä¶
hakyeonmon,GOD I JUST LOVE VIXX SO MUCH HECK IT ALL TO HECK
PaulSeery,"RT @realDonaldTrump: ""@governor_savage: @realDonaldTrump is the only person who can save us from this corrupt political mess. #MakeAmericaG‚Ä¶"
DrCongress,"Dear #Congress, either do you're Job or you're https://t.co/EVOGY5Mkw4  https://t.co/1yivRPCb6H"
USABubble,"Please keep telling me that women don't support #Trump2016

@realDonaldTrump #WomenForTrump #MakeAmericaGreatAgain https://t.co/2yRQP5uhU8"
DrCongress,"Dear #Congress, either do you're Job or you're https://t.co/EVOGY5Mkw4  https://t.co/wAFZZxgF7O"
Sam_Montalvo,Persiguiendo DRAGONES en el cielo.. @SpaceX @NASA https://t.co/Mo4hA6EHCW
DrCongress,"Dear #Congress, either do you're Job or you're https://t.co/EVOGY5Mkw4  https://t.co/0dFIFLM8bB"
quezthechamp,I'm the true definition of blessed and highly favored üíØ
DrCongress,"Dear #Congress, either do you're Job or you're https://t.co/EVOGY5Mkw4  https://t.co/zzwPVSVsih"
irisegray36,RT @rosariodawson: Here tis: https://t.co/wn6A7BAn2I #ItsARevolution @DemocracyNow #AmyGoodman #BernieSanders #BronxRally #NotMeUs https://‚Ä¶
elw247,"RT @JasonMDNA: When Sanders starts bashing trade deals from Clinton presidency, I send a friendly reminder. #ImWithHer #NY4Hillary https://‚Ä¶"
MomsforMorals,"RT @jstines3: Chuck Woolery: TED CRUZ is closer to Reagan than anyone in this race.

#CruzCrew #PJNET #TCOT #CCOT #Cruz2016 https://t.co/Vi‚Ä¶"
JimDarcy2,"RT @jstines3: Support candidate #TedCruz &amp; USA w prayer! 

#PrayforTed 
#CruzCrew
#Cruz2016 
#PJNET 
#TCOT 
#CCOT 

https://t.co/XJbSUTNL2w"
DrCongress,"Dear #Congress, either do you're Job or you're https://t.co/EVOGY5Mkw4  https://t.co/zETShg2nBW"
bogelcreight,"RT @Shoq: Yeah, that's sort of an ouchie. #FeetheBurn #ImWithHer #HillaryClinton #BernieSanders #feelthebern  https://t.co/ezpZuHNA4m"
NathanDWilsonFL,RT @EricTrump: #CharlieDog wants to #MakeAmericaGreatAgain #TrumpPets #TrumpDog https://t.co/BjcAXlR91H
DrCongress,"Dear #Congress, either do you're Job or you're https://t.co/EVOGY5Mkw4  https://t.co/RxNUFRQbZ4"
Encredibal,I'm just going to take a shower and hopefully that helps me go back to sleep
hakyeonmon,KEN IS SO BLOND!!!!!!!!!!!!
DrCongress,"Dear #Congress, either do you're Job or you're https://t.co/EVOGY5Mkw4  https://t.co/4ic6KtZnQD"
PrivacyInA9M80_,"RT @ElseMarilyn: #NYValues #CAPrimary 
#NYPrimary  #PAprimary  #AlwaysTrump #PresidentTrump
#TrumpTrain #Trump2016 
#NeverCruz https://t.co‚Ä¶"
senseshaper,"@HipBookfairy What? Now that I've officially left academe, I figured I have a boarding pass for the #TrumpTrain."
kickinglass,"RT @trump_world: ""My superpac? The american people!""
@realDonaldTrump¬†
GO TRUMP!
WE GOT YOUR BACK!
#MakeAmericaGreatAgain
#Trump2016 https:‚Ä¶"
ElseMarilyn,"#NYValues #CAPrimary 
#NYPrimary  #PAprimary  #AlwaysTrump #PresidentTrump
#TrumpTrain #Trump2016 
#NeverCruz https://t.co/TOV4SXQRyx"
PaulSeery,"RT @realDonaldTrump: ""@jlopez05391: @realDonaldTrump Rochester loves you! See you tomorrow! #MakeAmericaGreatAgain #Trump2016 #TrumpTrain""‚Ä¶"
BCsknees,"#alwaysTrump #TrumpTrain #BurnDownTheGop #Trump2016 #NYPrimary 
#PAPrimary https://t.co/7uZuh7aFf9"
Angeria7777,"RT @HI967tree4: #LetsDoThis 
Arm yourself with #FactsOnly, links, screenshots. 
#StandYourGround 
#StandTogether
#BernieStrong https://t.co‚Ä¶"
69donald420,in the ass #makeamericagreatagain
VoteBlueAlways,"RT @WeNeedHillary: Bernie supporters will not be happy https://t.co/OfG1pw3Nc8
#ShesWithUs #ImWithHer #TNTweeters #FleeTheBern https://t.co‚Ä¶"
8reallyisenough,"RT @realDonaldTrump: ""@governor_savage: @realDonaldTrump is the only person who can save us from this corrupt political mess. #MakeAmericaG‚Ä¶"
soniaerasmus,"RT @dawngpsalm63: More proof of .@cologop cheating the tweet &amp; locking out Trump delegates &amp; this üî•üí£
#BurnTheGop 
#TrumpTrain
#Trump  https‚Ä¶"
rockymckinley,Excited to speak for @davidcnitz pastor appreciation today. I will miss my @dccnewberry family but I know that @AndrewPetruch will bring it.
beaublackmon,"0 Adds / changes, to God's 1440005Y UNALTERED &amp; COMPLETE LIST, Moritz-Blackmon-Couric God's Chosen Elect. Rolling 4Ward, as led by God."
vBenjiz,RT @ladyjustice179: HELL YEAH !! My fellow vets out there!! RAH! https://t.co/v6GhdYyJLr
kickinglass,RT @trump_world: @realDonaldTrump @AnnCoulter https://t.co/jtIXbPotfu
jakesuggs_jacob,RT @USJeffersonianA: @jakesuggs_jacob: Be on the right side of history. Join the #BernieOrBUST movement against Plutocracy! https://t.co/XB‚Ä¶
BamaC_1973,@Ms_GingerElle thx for the follow!!
iamekkoe,@roly_aT this was me 2 hours ago
mdjacksondallas,RT @voteforclintons: #HillaryClinton2016 #HillYes to want a Secure Future in #Pennsylvania #Milesburg - https://t.co/McAgaFeK8g https://t.c‚Ä¶
roz233,RT @MMViverito: And then there is this...#ImWithHer #EstoyConElla #EstamosConElla #WeAreWithHer cc: @HillaryClinton https://t.co/6c4aq5xyua
FrankieFusco,#MakeAmericaGreatAgain #trumptrain #trump2016 https://t.co/aaQ6Au5Wgt
AZ_Susan,RT @grindingdude: Is #Hillary qualified? Family's record of abject failures is pretty apparent #ImWithHer ‚¨ÖÔ∏è Not a chance! https://t.co/CyI‚Ä¶
theNUNGroup,Treat your date to an evening of jazz w/ Kathleen Bertrand. 4/23. 7:30p or 9:30p. https://t.co/46hGcokeus https://t.co/oXAy0Gb0BA
eph_415,Vote4 The ONLY Constitutionalist...AND the Best Looking First Family -- https://t.co/ydPWQBoa6k #UT #AZ #PJNET
tashayla_4,"been working all week , my only off day is monday üò´"
TRASHYMAGIC,how you gone fall asleep when I'm tryna have my pussy munched on? smh
NathanDWilsonFL,RT @DanScavino: #Trump2016 #TrumpTrain #MAGA https://t.co/8w7kL0vUe5
BCsknees,"#alwaysTrump #TrumpTrain #BurnDownTheGop #Trump2016 #NYPrimary 
#PAPrimary https://t.co/vqbG7UiMDT"
_RicoDaPrince,Im Not What I Use To Be !
majicmirror16,#AmericaIsAlreadyGreat https://t.co/2xzu8eWSeK #MakeDonaldDrumpfAgain #TrumpTrain #Trump2016 The happiest people don't have the best of ev‚Ä¶
MJPmsw,#Bernie2016 #wearetherevolution #AmericaTogether #BernieStrong #FeelTheBern #NotMeUs https://t.co/vvdE7UWRPr
Cate66,RT @_HankRearden: #Cruzcrew is the enforcement arm of the Cruz camp. It's responsible for intimidation and collections.
NoKill20kmLife,"Wow! Chairman South Carolina Democratic party Jaime Harrison &amp; Podesta Group Principle 
#BernieSanders #BernieorBust https://t.co/K6R8iwlebE"
OnlytoEngage,RT @pookstahr: #Anonymous are exposing #HillaryClinton and her insane lies!! Yay!!! Keep up the denial #imwithher #HillYes üòÅ https://t.co/6‚Ä¶
GA6thForCruz,Ted Cruz in @WSJ A Simple Flat Tax For Economic Growth: https://t.co/LpI0ALR5wQ #ChooseCruz #PJNET #ChooseCruz #IRS #jobs
graingerstud,@mengaybdsm @CMG18192 @Uniform3 https://t.co/ZJvi3d9sqg
myhealthcoach1,"RT @jjadamsny888: .@robportman 

NO Trump NO Vote 4 GOP including U! 

#VoteTrump #AlwaysTrump &amp; #OnlyTrump!
#Ohio https://t.co/c01sNxNLQF"
SpryGuy,RT @WonderWoman934: I was at a caucus for Hillary in our county. Bus loads of Bernie's fans showed up and tried to take over the caucus. ht‚Ä¶
LILLYZ720,RT @sunbeltgirl: MT @JosephEach: @tedcruz has done exactly what he said he would do. Even when he stood alone. https://t.co/d3x3xN19Gb #Cru‚Ä¶
LILLYZ720,RT @2cowboys4u: MT @FranklinMan25: Ted Cruz calls the enemy by name! and  will utterly destroy ISIS! https://t.co/j0hWthstcf #CruzCrew #PJN‚Ä¶
jan_claine,"Wake Up America!
#NYPrimary #CTPrimary #DEprimary #MDPrimary #PAprimary #RIPrimary #CAPrimary  https://t.co/lpCjGoxULJ"
cheyennecapps98,"All I got to say is , if you tweeting about me , one tag me, BC you ain't hurting my feelings &amp; two my life has got to be more interesting.üòä"
ElseMarilyn,"#NYValues #CAPrimary 
#NYPrimary  #PAprimary  #AlwaysTrump #PresidentTrump
#TrumpTrain #Trump2016 
#NeverCruz https://t.co/rpwlLVhAhI"
Inked1BNA,"RT @WeNeedHillary: Turns Out Hillary Clinton &amp; President Obama Were Right on Panama https://t.co/aNcGUxRD4r
#ShesWithUs #ImWithHer #p2 http‚Ä¶"
tashayla_4,may 28th WYA ? üò´
LisaHenkelSimo1,"RT @realDonaldTrump: ""@governor_savage: @realDonaldTrump is the only person who can save us from this corrupt political mess. #MakeAmericaG‚Ä¶"
smit_jjc,"RT @realDonaldTrump: ""@governor_savage: @realDonaldTrump is the only person who can save us from this corrupt political mess. #MakeAmericaG‚Ä¶"
genefoxjr,#Hillary is 7delegates closer 2the nom! In #WY #Sanders won the deadbeat college vote the gun nut vote &amp; the white supremacist vote #HillYes
PoliticalAnt,RT @PamMaccabee: #NeverHillary #BernieOrBust  3rd Party maybe. Hill is corrupted by oligarchs. Political revol save Life on Earth https://t‚Ä¶
BixKaren,RT @JEL317: This is so special...she is such a decent human.... https://t.co/nkH4bvTitD
LILLYZ720,RT @LifeLibHappy: MT @FranklinMan25: We've waited a long time for a true Patriot to come along. The wait is over! https://t.co/wHNVo2mT2b #‚Ä¶
martyalpert,"RT @JasonMDNA: When Sanders starts bashing trade deals from Clinton presidency, I send a friendly reminder. #ImWithHer #NY4Hillary https://‚Ä¶"
BCsknees,"#alwaysTrump #TrumpTrain #BurnDownTheGop #Trump2016 #NYPrimary 
#PAPrimary https://t.co/cLO3qhMObJ"
BaxterDerrick,"RT @Art_Mofo: This church is Binghamton, NY has the right idea! #Trump2016 #TrumpRally #MakeAmericaGreatAgain #NeverCruz https://t.co/9jfjR‚Ä¶"
CruzinAhead,America is thirsty for Leadership!! @TedCruz is the REAL THING!! Join us: https://t.co/MeyX4TacSh. #CruzCrew #PJNET https://t.co/AdCHQ9Uyza
JeanneFischer33,"RT @WeNeedHillary: Feel The Bern: Sanders Tax Plan Would Kill 6 Million Jobs https://t.co/qVOMQoEfIS
#ShesWithUs #ImWithHer #TNTweeters htt‚Ä¶"
golferles,"RT @TrumpSuperPAC: #CruzCrew Why are you voting for someone who has no chance of winning? @TedCruz for the 1st 6 months of this race, agree‚Ä¶"
NaderFrankie,Donald Trump HUGE 8ft #TrumpTrain 2016 Banner Sign #republican  #tpp #sgp #rnc #sgp #2a https://t.co/lO7Q0tynbC
elw247,RT @MMViverito: And then there is this...#ImWithHer #EstoyConElla #EstamosConElla #WeAreWithHer cc: @HillaryClinton https://t.co/6c4aq5xyua
GrnGalFrmSoCal,@GrnGalFrmSoCal...'HI-JACKED NATION' &gt; is 'BUYING THE VIRTU of AMERICA'... https://t.co/yxVhOHJmBe
deedeeladybug,RT @sentinal7888: Colorado Trump Delegate Removed And Replaced https://t.co/XWlQcWwrDU via @YouTube #TrumpTrain #Trump2016 #AlwaysTrump
smit_jjc,"RT @realDonaldTrump: ""@jlopez05391: @realDonaldTrump Rochester loves you! See you tomorrow! #MakeAmericaGreatAgain #Trump2016 #TrumpTrain""‚Ä¶"
ltcslick,"RT @realDonaldTrump: ""@governor_savage: @realDonaldTrump is the only person who can save us from this corrupt political mess. #MakeAmericaG‚Ä¶"
mssnowwhitty,RT @FloridaforHRC: Liberal &amp; Think @HillaryClinton Is Corrupt-You Are Rewarding 25 Yrs of GOP Smears #ImWithHer https://t.co/roANEsGp3K htt‚Ä¶
ViolinMulcahy,Line at the @ChattAirport coffee counter is at least 30 deep. I'll caff up in #chicago instead of wait in line.
buffwon,"RT @22Americanfirst: #Trump2016 #Trump #TrumpTrain #MakeAmericaGreatAgain #DonaldTrump #OnlyTrump #PresidentTrump #WomenForTrump
   https:/‚Ä¶"
Collenea,RT @BJHare: Robert DeNiro endorses Hillary. #ImWithHer https://t.co/RVRzvqpAsV
roz233,"RT @Mama_Jones2013: Fact: Liberals abandoned Obama when he needed them most, But  Dems gave him a second term #ImWithHer bill Clinton https‚Ä¶"
bgsbnny24,"RT @BewareTheBeliev: Retweeted Zanti Misfit (@ZantiMisft):

Flip the Senate. 
Flip the House. 
Vote for Hillary.
There's your revolution.‚Ä¶"
LANIJO58,"RT @WeNeedHillary: Feel The Bern: Sanders Tax Plan Would Kill 6 Million Jobs https://t.co/qVOMQoEfIS
#ShesWithUs #ImWithHer #TNTweeters htt‚Ä¶"
spartacus90210,"RT @TrumpSuperPAC: #CruzCrew Why are you voting for someone who has no chance of winning? @TedCruz for the 1st 6 months of this race, agree‚Ä¶"
Gearssuxs,"RT @realDonaldTrump: ""@jlopez05391: @realDonaldTrump Rochester loves you! See you tomorrow! #MakeAmericaGreatAgain #Trump2016 #TrumpTrain""‚Ä¶"
PatriotGinger2,MT @TeriGRight: #TedCruz or #DonaldTrump on #Education Issues? #StopCommonCore #TCOT https://t.co/2fpeJv3XbF #CruzCrew #PJNET
Pcrawls,"RT @realDonaldTrump: ""@jlopez05391: @realDonaldTrump Rochester loves you! See you tomorrow! #MakeAmericaGreatAgain #Trump2016 #TrumpTrain""‚Ä¶"
BCsknees,"#alwaysTrump #TrumpTrain #BurnDownTheGop #Trump2016 #NYPrimary 
#PAPrimary https://t.co/HINJ4UBlFl"
ihvurbk2,"The time is @ hand! 
Call/e-mail/fa/tweet/mail/fb ALL GOVT OFFICES CONSTANTLY so they get NOT A MOMENTS PEACE!! https://t.co/yC7446CK1X"
graingerstud,@mengaybdsm @CMG18192 @Uniform3 https://t.co/IiorwCKTTm
CliffWilkin,MT @CliffWilkin: PROTECTING THE SECOND AMENDMENT RIGHTS OF AMERICANS. #UniteWithCruz https://t.co/syMS6z6KSc #CruzCrew #PJNET
VirtualJukebox,"Better Man by Paolo Nutini is #nowplaying in Tavern on Main, Snellville."
Blackdi51264299,RT @2cowboys4u: MT @FranklinMan25: Ted Cruz calls the enemy by name! and  will utterly destroy ISIS! https://t.co/j0hWthstcf #CruzCrew #PJN‚Ä¶
CNM_Michael,.@SenTedCruz wins Value Voters straw poll https://t.co/WDRjb28cZp #Cruz2016 #CruzCrew #RunTedRun #PJNET
Sir_Kayle,RT @22Americanfirst: Gave up a 100 MILLION $$$ TV deal To Help #MakeAmericaGreatAgain what can you do ? VOTE 4 HIM ! #Trump2016 #Trump http‚Ä¶
Blackdi51264299,RT @LifeLibHappy: MT @FranklinMan25: We've waited a long time for a true Patriot to come along. The wait is over! https://t.co/wHNVo2mT2b #‚Ä¶
Blackdi51264299,RT @sunbeltgirl: MT @JosephEach: @tedcruz has done exactly what he said he would do. Even when he stood alone. https://t.co/d3x3xN19Gb #Cru‚Ä¶
Richard01702798,RT @Scarletofsouth: Nikki Haley is a horrible GOV - Don't let anyone lie &amp; say she is liked in SC - She is hated https://t.co/r0JtHmCqdM
whcarmichael,"Bring some #Grace back to the White House, support https://t.co/u6nKKIjEkm  https://t.co/Www3mrLquG"
mbk909460,RT @realCalvinHobbs: Governor Ralph Torres NMI R Endorses Donald Trump for President #CA https://t.co/vXCEyW9z0L #NeverCruz #TrumpTrain htt‚Ä¶
LoriFagnani,"RT @joshgremillion: RT if you think @realDonaldTrump will get to the 1,237 delegates needed for the nomination! #MakeAmericaGreatAgain http‚Ä¶"
carolfhandy,"RT @dawngpsalm63: More proof of .@cologop cheating the tweet &amp; locking out Trump delegates &amp; this üî•üí£
#BurnTheGop 
#TrumpTrain
#Trump  https‚Ä¶"
whcarmichael,"Bring some #Grace back to the White House, support https://t.co/u6nKKIjEkm  https://t.co/ddpfLC5J7O"
spannerjaxs,RT @Shoq: THE MORE YOU KNOW ‚û§ States in pink are those #HillaryClinton is expected to lose in 538's projections. #ImWithHer https://t.co/IC‚Ä¶
Cate66,"RT @_HankRearden: #cruzcrew rebrands, opens money laundering arm. Put all the lipstick you want on that pig, it's still a pig. https://t.co‚Ä¶"
HelenMu50998315,≈Å https://t.co/giXYxbCxI2
Gottalovevi,üòç https://t.co/UKSDdPOIST
mbk909460,RT @O_IrishT: ‚òòüá∫üá∏üî•üëâBan elect. voting machines fixed to cap Mr.Trump ‚¨áÔ∏è 50%. Demand use of paper ballots. .#TrumpTrain .@Mferris67  https://‚Ä¶
obasima2,@doodydoodsky change start frm home. @BernieSanders 0 evidences in VT 2 back his cliams. HRC= lots of evidence #ImWithHer #FeelTheBern
WindyDane,"Bernie Sanders Keeps CNN on Topic https://t.co/QHBC0PKYf4
#FeelTheBern #StillSanders #Bernie2016 #BernieStrong #NotMeUs"
Cab1086506923,"RT @realDonaldTrump: ""@jlopez05391: @realDonaldTrump Rochester loves you! See you tomorrow! #MakeAmericaGreatAgain #Trump2016 #TrumpTrain""‚Ä¶"
WhytePantherRN,#WhytePanther #BernieOrBUST Like Us on #Facebook https://t.co/rhgSIFPeAD THANKS! https://t.co/5qkTdkIKtR
rescuetracker81,RT @janimine: https://t.co/ecKn0DGKZ2  ‚ÄúYou can‚Äôt deport ALL illegals.‚Äù Really? Just watch. #Trump2016 #TrumpTrain #MakeAmericaGreatAgain
Lou80560009,RT @vooda1: ANOTHER HILLARY ENDORSEMENT #ImWithHer #Vote4Hillary #HillarySoQualified https://t.co/U4GjNdR1l5
fredtkennedy,Prosecutors: Group that hit Brussels planned France attack (from @AP) #tcot #tlot #ccot #teaparty #cruzcrew https://t.co/KfU8crH2rK
kentwilliam94,RT @The_Trump_Train: We are The Trump Train and no one will stop us from the White House. #MakeAmericaGreatAgain https://t.co/QLPqJfXyd5
hakyeonmon,hakyeon... pretty baby i hope u are alright...
roz233,RT @KingofPopTweets: Hillary supporters are breath of fresh air. Just what we need amidst bullying from other candidates. #ImWithHer https:‚Ä¶
sadbutverytrue,RT @trump2016fan: #BurnDownTheGOP  their treachery is Dangerous &amp; must stop! #MakeAmericaGreatAgain #Trump2016 https://t.co/yl22KwWWvW
whcarmichael,"Bring some #Grace back to the White House, support https://t.co/u6nKKIjEkm  https://t.co/PWrSuPVVL2"
Gearssuxs,"RT @realDonaldTrump: ""@governor_savage: @realDonaldTrump is the only person who can save us from this corrupt political mess. #MakeAmericaG‚Ä¶"
crissypoo74,"RT @realDonaldTrump: ""@jlopez05391: @realDonaldTrump Rochester loves you! See you tomorrow! #MakeAmericaGreatAgain #Trump2016 #TrumpTrain""‚Ä¶"
TheRealBox12,"RT @realDonaldTrump: ""@governor_savage: @realDonaldTrump is the only person who can save us from this corrupt political mess. #MakeAmericaG‚Ä¶"
gayle99,RT @ChelseaClinton: One of the many reasons #ImWithHer https://t.co/PdOCHqWahF
perossmeisl,RT @PeacefulChrist: @MiceeMouse @dawnmariefhl @PatriotKevinMO @perossmeisl @ReiserWilliam @michaelmeans49 #TrumpTrain send them 2 Arabia ht‚Ä¶
amrightnow,Vote Trump #realdonaldtrump #VoteTrump2016 #MakeAmericaGreatAgain #trumptrain #A1 #A2 #tcot #trump2016 https://t.co/m0Z2kqNY9B
thermitemartini,#ImWithHer #HillarySoQualified #HillaryClinton #Hillary2016 #HillYes #FeelTheBern #BernieBros #BernDownForWhat  https://t.co/jWrEFsWJxH
martyalpert,In case anyone didn't know - this needs to be RT  #ImWithHer  https://t.co/dfTqfaC9Jv
grossi_jim,"RT @jjadamsny888: .@robportman 

NO Trump NO Vote 4 GOP including U! 

#VoteTrump #AlwaysTrump &amp; #OnlyTrump!
#Ohio https://t.co/c01sNxNLQF"
MariaNYC,"Yeap, funny how Sanders is doing the job of Republicans while they're busy putting out their own fires. #ImWithHer https://t.co/NbgdR6dENp"
MrSpargel,"RT @ernieHHI: üöÇüá∫üá∏NEWüá∫üá∏YORKüá∫üá∏üí®
#NewYorkPrimary 
#NewYorkValues
#VoteTrumpNY 
#Trump2016
#MakeAmericaGreatAgain 
üöÇüá∫üá∏TRUMPüá∫üá∏TRAINüá∫üá∏üí® https://t‚Ä¶"
roz233,"RT @BobbyTBD: It's time we reject the hate. It's not a plan, it's not a campaign, it's just evil. #EndCyBernBullying #ImWithHer https://t.c‚Ä¶"
sunbeltgirl,MT @ProudInfidel33: 'I will have your back.' ~Ted Cruz #CruzCrew #UniTed #TrusTed https://t.co/aWAoTVaUvi #CruzCrew #PJNET
Sir_Kayle,"RT @22Americanfirst: #Trump2016 #Trump #TrumpTrain #MakeAmericaGreatAgain #DonaldTrump #OnlyTrump #PresidentTrump #WomenForTrump
   https:/‚Ä¶"
niknorton,"If your candidate needs a white noise machine to hide what she's promising to donors, you're in denial.  #ImWithHer #HillarySoQualified #tyt"
CSherwoodFilm,Clinton &amp; Sanders BOTH got 7 delegates from Wyoming. #FeelTheMath Clinton leads popular vote by 2.4 million #WillOfThePeople #ImWithHer
kimmie1962,RT @AnnCauley: #BurnTheGOP  #Trump2016 #MAGA #TrumpTrain #StopTheSteal  https://t.co/rCDYRhmBfw
thermitemartini,#ImWithHer #HillarySoQualified #HillaryClinton #Hillary2016 #HillYes #FeelTheBern #BernieBros #BernDownForWhat  https://t.co/0RiTSaMRRN
ElseMarilyn,"#NYValues #CAPrimary 
#NYPrimary  #PAprimary  #AlwaysTrump #PresidentTrump
#TrumpTrain #Trump2016 
#NeverCruz https://t.co/rhADbyMhA3"
amrightnow,Job loss #realdonaldtrump 2500 to Mexico Avon Products #VoteTrump2016 https://t.co/MpRYSZ10AZ #maga #TrumpTrain https://t.co/EQrHi5rG15
sunwyn,RT @TimBartender: HRC supporters brag about results from a rigged election. Then they wonder why I'm #BernieorBust #FeelTheBern https://t.c‚Ä¶
MrSpargel,"RT @Don_Vito_08: We Need A People's President
@realDonaldTrump
#LyingTed
#VoteTrump
#NYPrimary
#NJPrimary
#CAPrimary
#PAPrimary https://t.c‚Ä¶"
liger57,"RT @realDonaldTrump: ""@governor_savage: @realDonaldTrump is the only person who can save us from this corrupt political mess. #MakeAmericaG‚Ä¶"
thermitemartini,#ImWithHer #HillarySoQualified #HillaryClinton #Hillary2016 #HillYes #FeelTheBern #BernieBros #BernDownForWhat  https://t.co/qRx9j2GNvf
Paulbaby14,RT @tedcruz: Thank you Colorado for another resounding victory! https://t.co/PXWWcifJKK #ChooseCruz #CruzCrew https://t.co/zhMVq5QpeH
McCombPETE,@Bakari_Sellers HATS OFF to you for having to listen to @NomikiKonst so early this morning w/such a MISINFORMED view of Clintons. #ImWithHer
ltcslick,RT @janimine: https://t.co/ecKn0DGKZ2  ‚ÄúYou can‚Äôt deport ALL illegals.‚Äù Really? Just watch. #Trump2016 #TrumpTrain #MakeAmericaGreatAgain
perossmeisl,RT @PeacefulChrist: @QueenTME @michaelmeans49 @MiceeMouse @dawnmariefhl @perossmeisl @PatriotKevinMO @ReiserWilliam #Bible #TrumpTrain http‚Ä¶
kimmie1962,RT @AnnCauley: #BurnTheGOP  #Trump2016 #MAGA #TrumpTrain #StopTheSteal  https://t.co/tZ60xfs68y
mbk909460,"RT @TrumpSuperPAC: #CruzCrew Why are you voting for someone who has no chance of winning? @TedCruz for the 1st 6 months of this race, agree‚Ä¶"
thermitemartini,#ImWithHer #HillarySoQualified #HillaryClinton #Hillary2016 #HillYes #FeelTheBern #BernieBros #BernDownForWhat  https://t.co/1lRXbm2EFl
bernie_shirts,"RT @BritishBerner: #ImWithHer, and by her I mean @JaneOSanders, of course! #ImWithJane #JaneForFLOTUS #Bernie2016 
üíõüíôüíúüíö‚ù§ https://t.co/5rMhy‚Ä¶"
elw247,"RT @Mama_Jones2013: Fact: Liberals abandoned Obama when he needed them most, But  Dems gave him a second term #ImWithHer bill Clinton https‚Ä¶"
r11119,"RT @NMarco331: Last person to use such an amazing slogan was also the last person to #MakeAmericaGreatAgain

#VoteTrump https://t.co/EQ1O7M‚Ä¶"
ZackFalcon7,Oh man..... üò≥üòìüò¢üò® https://t.co/YS6UhVy6dO
MariaNYC,"RT @ProgPoli: Funny that Bernie did surprisingly well in MI &amp; its a revolution! But HRC does well in WY, and its a conspiracy. #ImWithHer #‚Ä¶"
Richard01702798,"RT @ChristiChat: Ted is owned!

Establishment
Special Interest
Big $ Donors

#Trump2016
#MakeAmericaGreatAgain
#NYPrimary #PAprimary https:‚Ä¶"
LILLYZ720,RT @BikinInMaine: MT @CliffWilkin: Led way to preserve the words 'under God' in the Pledge of Allegiance. https://t.co/Wijd4zsZ1u #CruzCrew‚Ä¶
sentinal7888,"The corruption is rampant and disgusting, they all need booted out now #TrumpTrain #AlwaysTrump #Trump2016  https://t.co/TheVmvIKVg"
Annoyed_Bassist,I mean... Don't you live in Compton? https://t.co/08T60XkBpZ
dawngpsalm63,"üôèüèªüá∫üá∏‚ù§Ô∏èüôèüèªüá∫üá∏‚ù§Ô∏è
#Trump hits 65% in #NewYork #Poll
#NewYorkPrimary 
#NewYorkValues 
#TrumpTrain
#Trump2017 
#Trump üá∫üá∏ü§ó https://t.co/QDlUgRmVS3"
Ali_my_champ,".@BernieSanders must be feeling the old age to ""forget"" his own advice of 4 yrs ago! Was that just b/f he turned 70? https://t.co/T1JCHea8lG"
MrDaftPrawn,Don't Pay The Taxman #CameronTaxSongs https://t.co/g5HHZ7RkKo
LoriFagnani,RT @TipGhosh: #Trump2016 extraordinary 7-point healthcare reform plan will #MakeAmericaGreatAgain https://t.co/G1JotcM4ZB via @examinercom
sidelinerson,"@CeciliaVegaABC My Saturday evenings would be less w/o your
input. I have never heard you laugh ? You will enjoy great success"
Blackdi51264299,RT @CliffWilkin: MT @FranklinMan25: We've waited a long time for a true Patriot to come along. The wait is over! https://t.co/erOvXvBh1n #C‚Ä¶
DannyBo4455,"RT @realDonaldTrump: ""@jlopez05391: @realDonaldTrump Rochester loves you! See you tomorrow! #MakeAmericaGreatAgain #Trump2016 #TrumpTrain""‚Ä¶"
MaryAEmert,RT @ZenaMorse: #BurnDownTheGOP #Trump2016 #WomenForTrump #TrumpTrain #OnlyTrump #AlwaysTrump https://t.co/m3VjZBMiOl
BlakeCrispino,About to watch the sun rise
kimmie1962,RT @ginah89121: #NewYork #OnlyTrump #Woman4Trump #Trump #Trump2016 #VoteTrump #dtmag #BikersForTrump @thePGR #AlwaysTrump https://t.co/mOy8‚Ä¶
muwanguzi_nuru,"RT @WeNeedHillary: Turns Out Hillary Clinton &amp; President Obama Were Right on Panama https://t.co/aNcGUxRD4r
#ShesWithUs #ImWithHer #p2 http‚Ä¶"
muwanguzi_nuru,"RT @djred678: With ALL men in this election spewing hate, Hillary Clinton proves AGAIN that she's the only adult here #ImWithHer https://t.‚Ä¶"
Blackdi51264299,RT @CNM_Michael: .@SenTedCruz wins Value Voters straw poll https://t.co/WDRjb28cZp #Cruz2016 #CruzCrew #RunTedRun #PJNET
perossmeisl,RT @PeacefulChrist: @QueenTME @michaelmeans49 @MiceeMouse @dawnmariefhl @perossmeisl @PatriotKevinMO @ReiserWilliam #TrumpTrain #Trump http‚Ä¶
golferles,"RT @healthandcents: The Life-Saving Power of üî´‚ÄºÔ∏èSecond Amendment Prevented Beheading in Oklahoma 

https://t.co/wp5Vk4NTLt
.@realDonaldTrum‚Ä¶"
Sanjay25_,RT @ginah89121: #NewYork #OnlyTrump #Woman4Trump #Trump #Trump2016 #VoteTrump #dtmag #BikersForTrump @thePGR #AlwaysTrump https://t.co/mOy8‚Ä¶
BJHare,Excellent guide what to watch iin the #NYPrimary #ImWithHer https://t.co/f4OovJ18Js
Collenea,RT @bow227: I hope New Yorker's have him figured out. #ImWithHer  https://t.co/XP1vXM2CJA
dawngpsalm63,"RT @ElseMarilyn: #NYValues #CAPrimary 
#NYPrimary  #PAprimary  #AlwaysTrump #PresidentTrump
#TrumpTrain #Trump2016 
#NeverCruz https://t.co‚Ä¶"
caseyyyclarkk,finally in bed ü§ó
BrickStarted,Tell #Congress  we are sending #Trump to shake it up!  https://t.co/PkEh8Frm9M  https://t.co/5OSQyJcIdF
LILLYZ720,RT @MaryPatriotNews: https://t.co/WISO2VWsCQ #Caldwellfortrump #TrumpArmy #CruzArmy #TrumpCommunity #YourPotus #BikersforTrump #Bikers http‚Ä¶
TheLexMiddleton,https://t.co/kh5iVBgvOr @LupeFiasco
NHCruzn,RT @PatriotGinger: MT @RichardJSunkle: In your heart you know voting for Ted Cruz the right thing to do. https://t.co/fcztqqnwcL #CruzCrew‚Ä¶
LissChristine,RT @SpecialKMB1969: If you don't like the road you're on start paving another one / our system is broke #VOTETRUMP #1A üá∫üá∏ #NY #Penn4Trump #‚Ä¶
NHCruzn,"RT @bloodless_coup: ""Trump's a 'doer'? Well, he done did himself right out of hiring a competent campaign staff..."" https://t.co/zSjN2ZwSoO‚Ä¶"
Blackdi51264299,RT @CliffWilkin: MT @CliffWilkin: PROTECTING THE SECOND AMENDMENT RIGHTS OF AMERICANS. #UniteWithCruz https://t.co/syMS6z6KSc #CruzCrew #PJ‚Ä¶
NHCruzn,RT @gerfingerpoken: #Trump Again Hearts Planned Parenthood - American Thinker -  https://t.co/Jeu2jtvlDE  #Nevertrump #CruzCrew https://t.c‚Ä¶
deeperfectgem,RT @AdamsFlaFan: I agree. This is the Hillary we know and love. #ImWithHer https://t.co/BesJcNNkVn
perossmeisl,RT @PeacefulChrist: @QueenTME @michaelmeans49 @MiceeMouse @dawnmariefhl @perossmeisl @PatriotKevinMO @ReiserWilliam #TrumpTrain #Trump http‚Ä¶
VTwinCrucible,RT @PatriotGinger2: MT @TeriGRight: #TedCruz or #DonaldTrump on #Education Issues? #StopCommonCore #TCOT https://t.co/2fpeJv3XbF #CruzCrew‚Ä¶
TRASHYMAGIC,"prosper, g https://t.co/pL6S1PPebV"
dawngpsalm63,RT @ginah89121: #NewYork #OnlyTrump #Woman4Trump #Trump #Trump2016 #VoteTrump #dtmag #BikersForTrump @thePGR #AlwaysTrump https://t.co/mOy8‚Ä¶
SiriHClark,"RT @niknorton: If your candidate needs a white noise machine to hide what she's promising to donors, you're in denial.  #ImWithHer #Hillary‚Ä¶"
cititrendsjobs,"Citi Trends: Store Sales Associate - Tuskegee, AL (#Tuskegee, AL) https://t.co/8wEvYDV9LJ #Retail #Job #Jobs #Hiring"
thermitemartini,#ImWithHer #HillarySoQualified #HillaryClinton #Hillary2016 #HillYes #FeelTheBern #BernieBros #BernDownForWhat  https://t.co/RM7lqoWQ7o
rick2forestview,RT @kirstiealley: Add me to your list boys! ... I endorse @realDonaldTrump love @RealRudyGiulian and damn!! Bikes rev up my soul! Xoxo http‚Ä¶
BritishBerner,RT @kthalps: I'm really impressed by the commitment of women who are willing to throw not only Jane Sanders but their feminism under the bu‚Ä¶
VTwinCrucible,RT @eph_415: Vote4 The ONLY Constitutionalist...AND the Best Looking First Family -- https://t.co/ydPWQBoa6k #UT #AZ #PJNET
RPScott1,RT @PeacefulChrist: @QueenTME @michaelmeans49 @MiceeMouse @dawnmariefhl @perossmeisl @PatriotKevinMO @ReiserWilliam #TrumpTrain #Trump http‚Ä¶
_esade_,Watching family guy
_HankRearden,#cruzcrew can't hide from its violent past.
thermitemartini,#ImWithHer #HillarySoQualified #HillaryClinton #Hillary2016 #HillYes #FeelTheBern #BernieBros #BernDownForWhat  https://t.co/XYfMSOET5i
Dcarter888K,RT @CliffWilkin: MT @FranklinMan25: We've waited a long time for a true Patriot to come along. The wait is over! https://t.co/erOvXvBh1n #C‚Ä¶
Blackdi51264299,RT @PatriotGinger2: MT @TeriGRight: #TedCruz or #DonaldTrump on #Education Issues? #StopCommonCore #TCOT https://t.co/2fpeJv3XbF #CruzCrew‚Ä¶
drafthorse2012,RT @PatriotGinger2: MT @ToddHagopian: GOP deserves better than a protest candidate!!! https://t.co/3gc0hkSEx1 #CruzCrew #PJNET
LifeLibHappy,MT @Karee_news: The Truth reveals itself at the perfect time. #ChooseCruz #UniteWithCruz https://t.co/zjqBdBvx7f #CruzCrew #PJNET
xxoticx_,Someone come get me and lets go to waffle house on me
thermitemartini,#ImWithHer #HillarySoQualified #HillaryClinton #Hillary2016 #HillYes #FeelTheBern #BernieBros #BernDownForWhat  https://t.co/UjKFYywYTK
RealFactsMatter,#TrumpTrain @realDonaldTrump #VoteTrump2016 The Boston Globe has sounded the INTERNET INK around the world.  Gear up. Load the INK. Charge.
xo_notorious,still up üòÖ
cruzforce1,#NYPrimary #CAPrimary #RIprimary #PAprimary #CTPrimary https://t.co/ryvsEEbASr
DonahueMaryann,"RT @trump_world: ""Latinos For Donald Trump 2016 ""Go Out &amp; #VoteTrump"" #LatinosForTrump #Hispanics4Trump #Trump2016 #NYPrimary https://t.co/‚Ä¶"
snoozinglion1,".@realDonaldTrump - @JoeDanMedia is on the #TrumpTrain!!!
https://t.co/661XU4BVQf
Also meet Carl Icahn
I had same reaction when Don ran.. ;)"
Jentlegin,"RT @dawngpsalm63: More proof of .@cologop cheating the tweet &amp; locking out Trump delegates &amp; this üî•üí£
#BurnTheGop 
#TrumpTrain
#Trump  https‚Ä¶"
Dumpling1966,"RT @BobbyTBD: It's time we reject the hate. It's not a plan, it's not a campaign, it's just evil. #EndCyBernBullying #ImWithHer https://t.c‚Ä¶"
WMBilbow,Democrats and life-long Republicans are all lining up behind Trump. Wake up GOP! #TrumpTrain #MakeAmericaGreatAgain  https://t.co/1WBfPvOYCE
BreakingBad263,Huge Rally Today! https://t.co/xsyVY10qwU #trump #donaldtrump #MakeAmericaGreatAgain #Trump2016 #trumptrain #maga https://t.co/pQdsjgMhih
michlee310910,RT @DanScavino: #Trump2016 #TrumpTrain #MAGA https://t.co/nsTG9wt6mh
highlyfav0redx3,@ricansitaxo thank yu prima love yu &amp; miss yu!!
moran14_renee,RT @trump_world: https://t.co/1OgNrHYIXo
jordanelysia,gotta find a way to be in Detroit for my cuz bday
JAMSRIDE,RT @BJHare: Excellent guide what to watch iin the #NYPrimary #ImWithHer https://t.co/f4OovJ18Js
realJamesD1,"RT @ImagineAnna: PIECE OF SH1T TED CRUZ WILL NEVER BE PRESIDENT #CruzCrew #CruzSexScandal #WakeUpAmerica #Trump2016 #TrumpTrain 

 https://‚Ä¶"
ElseMarilyn,"#NYValues #CAPrimary 
#NYPrimary  #PAprimary  #AlwaysTrump #PresidentTrump
#TrumpTrain #Trump2016 
#NeverCruz https://t.co/fgu5Zd0c1S"
Gottalovevi,13üéâ
Christophe77,"RT @WeNeedHillary: Turns Out Hillary Clinton &amp; President Obama Were Right on Panama https://t.co/aNcGUxRD4r
#ShesWithUs #ImWithHer #p2 http‚Ä¶"
niknorton,RT @ebonics_: #HillaryResearch the hell out of this #FeelTheBern #BernieOrBust #ImNotWithHer #BernieMadeMeWhite #WhichHillary  https://t.co‚Ä¶
Beam626,The weather is so confusing in my area that trees had started to bloom in the warm weather. Blast of cold air shut all that down üòÇ
liger57,RT @veganvecoh: Actor Lou Ferrigno Endorses Donald Trump for President. VOTE #Trump2016 #TrumpTrain #MakeAmericaGreatAgain https://t.co/QA8‚Ä¶
NomikiKonst,What was misinformed? The private prison money connection? Sorry the truth hurts.  https://t.co/TGoDgx1v30
__CocaineCowboy,I can't sleep for üí©
mdjacksondallas,"RT @BobbyTBD: It's time we reject the hate. It's not a plan, it's not a campaign, it's just evil. #EndCyBernBullying #ImWithHer https://t.c‚Ä¶"
LindaGarriss,"RT @amrightnow: Trump"" Make Video #1 (Trump About You) https://t.co/j58e8aacrE #MakeAmericaGreatAgain #tcot  #trumptrain #1A https://t.co/f‚Ä¶"
GreenMonkeys157,"RT @realDonaldTrump: ""@jlopez05391: @realDonaldTrump Rochester loves you! See you tomorrow! #MakeAmericaGreatAgain #Trump2016 #TrumpTrain""‚Ä¶"
muwanguzi_nuru,RT @KeepHuynhing: Upset in Wyoming! 7-7 split if results hold. @BernieSanders was expected to win big! #delegates #ImWithHer  https://t.co/‚Ä¶
RealFactsMatter,#TrumpTrain @realDonaldTrump #VoteTrump2016 The @BostonGlobe has sounded the INTERNET INK around the world.  Gear up. Load the INK. Charge.
VTwinCrucible,RT @MaryPatriotNews: https://t.co/WISO2VWsCQ #Caldwellfortrump #TrumpArmy #CruzArmy #TrumpCommunity #YourPotus #BikersforTrump #Bikers http‚Ä¶
TrammellLt,RT @CliffWilkin: MT @CliffWilkin: PROTECTING THE SECOND AMENDMENT RIGHTS OF AMERICANS. #UniteWithCruz https://t.co/syMS6z6KSc #CruzCrew #PJ‚Ä¶
Network_Citizen,MT @JosephEach: @tedcruz has done exactly what he said he would do. Even when he stood alone. https://t.co/WI387C32rp #CruzCrew #PJNET
LindasTweeties,Stupid. Don't do it again. #TwitterFriendsForever https://t.co/7euFyLEYNv
NnenaKnows,Join the fun @BronzeLens 2016 at half the cost! August 25-28.  https://t.co/OqdK6DqHuI #BLFF16 https://t.co/UzhNhWS82B
deedeeladybug,RT @amrightnow: Watch Trump About You https://t.co/j58e8aacrE via @YouTube #realdonaldtrump #trump2016 #TrumpTrain #2A #1A https://t.co/5YM‚Ä¶
Brenda06181960,RT @rafshmatko: #Ukraine - #Students and #DonaldTrump #MakeAmericaGreatAgain #TrumpTrain #TrumpVote #NYPrimary https://t.co/S2NhNDBYAk
ManMet80,"RT @WonderWoman934: Thank you, people of Wyoming. I love your state. Had a great time when I was there. https://t.co/2yiVzjmFL0"
jordanelysia,this was actually the best spring break
master_king_god,@DJonesWFTV good morning. how are you?
ManMet80,"RT @Bros4Hillary: Thank you to everyone that supported @HillaryClinton in the #WYCaucus!

Next stop? The #NYPrimary! #imwithher https://t.c‚Ä¶"
Liee4Trump,"RT @ElseMarilyn: #NYValues #CAPrimary 
#NYPrimary  #PAprimary  #AlwaysTrump #PresidentTrump
#TrumpTrain #Trump2016 
#NeverCruz https://t.co‚Ä¶"
Blackdi51264299,RT @CruzinAhead: America is thirsty for Leadership!! @TedCruz is the REAL THING!! Join us: https://t.co/MeyX4TacSh. #CruzCrew #PJNET https:‚Ä¶
SharonUSA2,"RT @drewwyatt: üö® Obama &amp; GOPe Expedite Unidentifiable Islamic Refugees 2 Leave 4 USA Today. 

#VoteTrump 
üïåhttps://t.co/ero8YXc76g https://‚Ä¶"
Annoyed_Bassist,"I just assume that if you live in Compton, Oakland, Chicago, Baltimore etc, gunshots are as common as birds chirping."
Uzoka_Aoi,RT @NomikiKonst: What was misinformed? The private prison money connection? Sorry the truth hurts.  https://t.co/TGoDgx1v30
SONICjobs,"We're #hiring! Read about our latest #job opening here: Restaurant Team Member (Crew) - https://t.co/h8RzJgygEp #Northport, AL #Hospitality"
quezthechamp,"Got 30 over time hours , u do the math üí∞üí∞üí∞üí∞"
muwanguzi_nuru,"RT @KeepHuynhing: Remember, this race is all about delegates! #ImWithHer #WYCaucus"
Richard01702798,"RT @LouDobbs: Fearing Trump, BostonGlobe Lampoons Itself,The Pretend Paper It's Become   #MakeAmericaGreatAgain  #Trump2016 #Dobbs https://‚Ä¶"
GerenCodey,You know. We out here
omw2innisfree,When you shoot pool so much you almost sprain your wrist.
hoosierworld,Its a true statement but folks were sacrificed for that surplus &amp; Sanders thinks that can be changed. https://t.co/iQGI7sGIdi
TheLexMiddleton,https://t.co/kh5iVBgvOr please check this out and let me know what you think @nayirvh @ESKOTHEKID
ManMet80,"RT @ProgPoli: Thought on today 3) Bernie's ""unqualified"" &amp; ""ambitious"" comments may have cost him w/ women +30 #ImWithHer #HillaryClinton #‚Ä¶"
MinPalmsResort,Good for you Jim! Welcome to #TrumpTrain! #DemsForTrump. I think a to of ppl underestimate his crossover appeal..THX https://t.co/FV03SYaxXV
myhealthcoach1,"RT @realDonaldTrump: ""@governor_savage: @realDonaldTrump is the only person who can save us from this corrupt political mess. #MakeAmericaG‚Ä¶"
ErickBloodbath,"Mi mam√° tiene tripofobia, me gusta molestarla con el reverso de los champi√±ones."
agatha290,RT @TrumpNewMedia: @realDonaldTrump John Kasich Goes All In For Amnesty For Illegals https://t.co/oYfoj99Ajo ‚Ä¶ #AlwaysTrump #VoteTrump http‚Ä¶
LILLYZ720,RT @GA6thForCruz: Ted Cruz in @WSJ A Simple Flat Tax For Economic Growth: https://t.co/LpI0ALR5wQ #ChooseCruz #PJNET #ChooseCruz #IRS #jobs
MasterHellKat,RT @NomikiKonst: What was misinformed? The private prison money connection? Sorry the truth hurts.  https://t.co/TGoDgx1v30
Dumpling1966,"RT @WonderWoman934: Thank you, people of Wyoming. I love your state. Had a great time when I was there. https://t.co/2yiVzjmFL0"
mathewsjw,RT @PatriotGinger2: MT @TeriGRight: #TedCruz or #DonaldTrump on #Education Issues? #StopCommonCore #TCOT https://t.co/2fpeJv3XbF #CruzCrew‚Ä¶
miltonsoares,RT @NomikiKonst: What was misinformed? The private prison money connection? Sorry the truth hurts.  https://t.co/TGoDgx1v30
ManchurianDevil,"RT @ProgPoli: Thought on today 3) Bernie's ""unqualified"" &amp; ""ambitious"" comments may have cost him w/ women +30 #ImWithHer #HillaryClinton #‚Ä¶"
aertwitt,RT @TimBartender: HRC supporters brag about results from a rigged election. Then they wonder why I'm #BernieorBust #FeelTheBern https://t.c‚Ä¶
StrayYellarDawg,#HillarySoQualified #HillYes #ImWithHer https://t.co/xPn7l8BRCY
nanaziegler,RT @amrightnow: Trump About Obama @realDonaldTrump #realdonaldtrump #VoteTrump2016 #TrumpTrain Watch https://t.co/j58e8aacrE https://t.co/S‚Ä¶
ElseMarilyn,"#NYValues #CAPrimary 
#NYPrimary  #PAprimary  #AlwaysTrump #PresidentTrump
#TrumpTrain #Trump2016 
#NeverCruz https://t.co/YrcEzVA8Aw"
Annoyed_Bassist,"@Thaiyela93 welp. Stay safe, Yela."
AnonymousJobUS,Please be sure to vote #Trump for #POTUS Let's #MakeAmericaGreatAgain ! https://t.co/rhHzH4K6ZP
AnonymousJobUS,Please be sure to vote #Trump for #POTUS Let's #MakeAmericaGreatAgain ! https://t.co/pQLitc1dUK
AnonymousJobUS,Please be sure to vote #Trump for #POTUS Let's #MakeAmericaGreatAgain ! https://t.co/sBWEtyE3k2
shadyjanetfacts,@DaeeDenise @flytetymejam @TLSOUNDOFF CAN WE GET A DVD FOR THIS TOUR?....
Brenda06181960,"RT @ChristiChat: Ted is owned!

Establishment
Special Interest
Big $ Donors

#Trump2016
#MakeAmericaGreatAgain
#NYPrimary #PAprimary https:‚Ä¶"
mattcam89,"RT @AmpersUK: Ted is owned!

Establishment
Special Interest
Big $ Donors

#Trump2016
#MakeAmericaGreatAgain
#NYPrimary #PAprimary https://t‚Ä¶"
soniaerasmus,RT @amrightnow: Vote Trump #realdonaldtrump #VoteTrump2016 #MakeAmericaGreatAgain #trumptrain #A1 #A2 #tcot #trump2016 https://t.co/m0Z2kqN‚Ä¶
master_king_god,@MJuricaWFTV i am doing good.
muwanguzi_nuru,"RT @KeepHuynhing: And with that, @HillaryClinton is on the ballot in 57 states, territories and the District of Columbia #ImWithHer"
22Americanfirst,"#Trump2016 #Trump #TrumpTrain #MakeAmericaGreatAgain #DonaldTrump #OnlyTrump #PresidentTrump #WomenForTrump
   https://t.co/HxvXcSTODd"
BATMALASHES,@realDonaldTrump Never Cruz ...America needs you Trump #MakeAmericaGreatAgain #VoteTrump2016 https://t.co/sb0IFdL8l8
aleshialasleyy,@JosephMiller49 I see u
qwebooeducation,RT @PatriotGinger2: MT @TeriGRight: #TedCruz or #DonaldTrump on #Education Issues? #StopCommonCore #TCOT https://t.co/2fpeJv3XbF #CruzCrew‚Ä¶
BillJohnson42,RT @O_IrishT: ‚òòüá∫üá∏üî•üëâBan elect. voting machines fixed to cap Mr.Trump ‚¨áÔ∏è 50%. Demand use of paper ballots. .#TrumpTrain .@Mferris67  https://‚Ä¶
MaryShe58631059,How rude
LILLYZ720,RT @CruzinAhead: America is thirsty for Leadership!! @TedCruz is the REAL THING!! Join us: https://t.co/MeyX4TacSh. #CruzCrew #PJNET https:‚Ä¶
roz233,"RT @Mama_Jones2013: Yes, Bernie Sanders and his supporters need to tone down the hatred and sexism.  #imwithher #EndCyBernBullying https://‚Ä¶"
USAproud26,"Show your support for our Troops 
Please Sign &amp; Retweet 
#tcot #foxnews #MakeAmericaGreatAgain https://t.co/ACePIe8SSN"
rukiddingme242,#BernieOrBust  https://t.co/plWPYi4TMM
whitey1271,"RT @realDonaldTrump: ""@governor_savage: @realDonaldTrump is the only person who can save us from this corrupt political mess. #MakeAmericaG‚Ä¶"
TexasYankee001,"RT @MaryPatriotNews: #ListenYourself - Why #DonaldTrump = BAD! We've done it be4! https://t.co/q1m6ohcG4Z 
#MakeAmericaGreatAgain #msnbc ht‚Ä¶"
JimDarcy2,RT @PatriotGinger2: MT @TeriGRight: #TedCruz or #DonaldTrump on #Education Issues? #StopCommonCore #TCOT https://t.co/2fpeJv3XbF #CruzCrew‚Ä¶
caf514,RT @WayneDupreeShow: Levin backtracks ‚Äî WON'T VOTE 4 Trump after Roger Stone claims he got paid off on book deal https://t.co/jZiBBXujVb #A‚Ä¶
kenlweb36,RT @PeacefulChrist: @QueenTME @michaelmeans49 @MiceeMouse @dawnmariefhl @perossmeisl @PatriotKevinMO @ReiserWilliam #Bible #TrumpTrain http‚Ä¶
TruthDiddy,RT @karensanders7: @realDonaldTrump @becker_berta @vivhall3 @Reince  We will NOT-STAND for this INJUSTICE &amp; INSULT! This is AMERICA!üá∫üá∏ #Mak‚Ä¶
LILLYZ720,RT @PatriotGinger2: MT @TeriGRight: #TedCruz or #DonaldTrump on #Education Issues? #StopCommonCore #TCOT https://t.co/2fpeJv3XbF #CruzCrew‚Ä¶
jeaniegirldc,RT @WayneDupreeShow: Levin backtracks ‚Äî WON'T VOTE 4 Trump after Roger Stone claims he got paid off on book deal https://t.co/jZiBBXujVb #A‚Ä¶
22Americanfirst,"#Trump2016 #Trump #TrumpTrain #MakeAmericaGreatAgain #DonaldTrump #OnlyTrump #PresidentTrump #WomenForTrump
   https://t.co/qaGNOC8l6Z"
HereMeRoaring,#Woman4Trump up the volume!!  Sheer will and  https://t.co/PioHN4jUF4   https://t.co/zjio0tnPBN
Anononle1,Trial Balloon Catching Up W/ #newyorktimes Hows the Freepress work again? https://t.co/tQcU1YfI8p #makeAmericaGreatAgain
msweinberg1,"RT @ibsharkbait: Given their voting record the last couple of years, this is a plausible theory. https://t.co/N5pXlMpMr7"
StrayYellarDawg,#HillarySoQualified #HillYes #ImWithHer https://t.co/wKGyeMIUWb
guzmery,"RT @realDonaldTrump: ""@governor_savage: @realDonaldTrump is the only person who can save us from this corrupt political mess. #MakeAmericaG‚Ä¶"
randomrisk,"RT @realDonaldTrump: ""@governor_savage: @realDonaldTrump is the only person who can save us from this corrupt political mess. #MakeAmericaG‚Ä¶"
22emails,Lol. #WhichHillary #WitchHillary #HillaryForPrison #22emails https://t.co/U3qYWOpTBS
TheLexMiddleton,https://t.co/kh5iVBgvOr please check this out and let me know what you think @JuMalone @bonesbrigante @ogacemac @
HereMeRoaring,#Woman4Trump up the volume!!  Sheer will and  https://t.co/PioHN4jUF4   https://t.co/qxulAOSIT4
chloehowex,I don't think it will ever be possible for me to healthy eat üò¨üò¨üò¨
WDCareers,"#Retail #Job in #ANNISTON, AL: Service Associate at Winn Dixie https://t.co/i1waAtlqYY #Jobs #Hiring"
telefox,"the Darkside moments between breakbeat &amp; jungle, so off the wall. #iLoveThe90s...DJ Hype - the Chopper https://t.co/HjcNagBPpg"
doug_fresco,"RT @BritishBerner: The ""2.5 million lead in popular vote"" argument is misleading as it doesn't include caucus state numbers. #ImWithHer #Fe‚Ä¶"
GretchenM38,@Shelly4Trump Radicals - they are so dangerous! Beck was okay and then lost his mind. https://t.co/Og45ptpwpV
DawnPapple,"https://t.co/mzP3QQDT37
#ImWithHer MUST WATCH video about #HillaryClinton"
BeStrongAllways,RT @rafshmatko: #Ukraine - #Students and #DonaldTrump #MakeAmericaGreatAgain #TrumpTrain #TrumpVote #NYPrimary https://t.co/S2NhNDBYAk
jucanor,"RT @Socialist_Times: Stop shaming women who support Bernie into voting for Clinton https://t.co/FNym35huFt
#Women4Bernie #ImWithHer #P2 htt‚Ä¶"
HereMeRoaring,#Woman4Trump up the volume!!  Sheer will and  https://t.co/PioHN4jUF4   https://t.co/loQtotGZbo
scootydry7,RT @PeacefulChrist: @QueenTME @michaelmeans49 @MiceeMouse @dawnmariefhl @perossmeisl @PatriotKevinMO @ReiserWilliam #Bible #TrumpTrain http‚Ä¶
SBCFtLauderdale,Up to $27 Off at Coopertown Airboat Tours https://t.co/sFI5p9RBnH
Therealzackwade,üòí
VTwinCrucible,RT @CliffWilkin: MT @Night_Owler_: This woman can be my FLOTUS any day! Class act. #UniteWithCruz https://t.co/uRUQBnkFHm #CruzCrew #PJNET
SupportMelania,Get on the Wall and support #Trump and  https://t.co/kELwaSacB6  https://t.co/qw0KinKbwW
PaPbkappa,"@GVMcElroy think it would turn to barnstorming, how long would it take, day between? Missing class? How effective for players? #dog&amp;ponyshow"
elw247,"RT @Mama_Jones2013: Yes, Bernie Sanders and his supporters need to tone down the hatred and sexism.  #imwithher #EndCyBernBullying https://‚Ä¶"
LindasTweeties,A date! Lol https://t.co/z5oeXwrG0b
chalanlexi,Strike Three: Feds Catch Bernie with $10 Million in Mystery Campaign Donations https://t.co/g1HLWEErxb
TheLexMiddleton,@cassalexa https://t.co/kh5iVBgvOr please check this out and let me know what you think
bernorjill,Bernie Sanders‚Äô powerful new ad is going viral https://t.co/nBCn2xs0rQ via @theBerniePost #FeelTheBern #BernieSanders #BernieOrBust
BOBRANNON3,https://t.co/V3xQQUcQML
SupportMelania,Get on the Wall and support #Trump and  https://t.co/kELwaSacB6  https://t.co/iE3zxfFv1H
HereMeRoaring,#Woman4Trump up the volume!!  Sheer will and  https://t.co/PioHN4jUF4   https://t.co/xxGlawohYt
SBCHuntsville,Up to 50% Off at Belle Chevre https://t.co/GwBwjYithI
wtvrerin_,wide awake since 5:30 wtf is this
michlee310910,Again polls always show @realDonaldTrump but polls spit out lies! Who is going to fix it? I can't! @DanScavino has 2 https://t.co/CK4lApTjQg
BetterThanClean,"""I'm ashamed to be a Republican."" GOP corrupt 
#BurnDownTheGOP #BoycottColorado 4 Donald Trump #StopTheSteal  https://t.co/bBK03iLFdn"
Ali_my_champ,RT @MMViverito: And then there is this...#ImWithHer #EstoyConElla #EstamosConElla #WeAreWithHer cc: @HillaryClinton https://t.co/6c4aq5xyua
SupportMelania,Get on the Wall and support #Trump and  https://t.co/kELwaSacB6  https://t.co/jXidMmU7QC
martyalpert,"RT @Mama_Jones2013: Yes, Bernie Sanders and his supporters need to tone down the hatred and sexism.  #imwithher #EndCyBernBullying https://‚Ä¶"
joehos18,RT @JewelsJones1: @ExposeHillary @Reince Hell yes!!! #TrumpTrain #WomenForTrump #VoteTrump2016 #MakeAmericaGreatAgain https://t.co/llgf6bhb‚Ä¶
cutesillykitty,BTS MEANS BEHIND THE SCENES. YOU SHOULD KNOW THAT BY NOW SHUT UP EVERYWHERE
HereMeRoaring,#Woman4Trump up the volume!!  Sheer will and  https://t.co/PioHN4jUF4   https://t.co/fDKsCRVlFS
SB_OrlandoDeals,Up to 56% Off GK Keratin Smoothing Treatment and Haircut https://t.co/Cc2H67ER3j
keinath_ryan,"RT @Socialist_Times: #Superdelegates are Propaganda Hillary Uses to Manufacture Consent https://t.co/meu6eV9Xwv

#BernieOrBust #ImWithHer h‚Ä¶"
EdSkipper,RT @StrayYellarDawg: We know this is happening. So many have reported it. Don't trust a single caucus as a result. #ImWithHer  https://t.co‚Ä¶
nannyfat,"RT @Socialist_Times: Stop shaming women who support Bernie into voting for Clinton https://t.co/FNym35huFt
#Women4Bernie #ImWithHer #P2 htt‚Ä¶"
Blackdi51264299,RT @GA6thForCruz: Ted Cruz in @WSJ A Simple Flat Tax For Economic Growth: https://t.co/LpI0ALR5wQ #ChooseCruz #PJNET #ChooseCruz #IRS #jobs
SupportMelania,Get on the Wall and support #Trump and  https://t.co/kELwaSacB6  https://t.co/coN0f2KsTL
SupportMelania,Get on the Wall and support #Trump and  https://t.co/kELwaSacB6  https://t.co/7GqDFtnnlP
mathewsjw,"RT @PatriotGinger2: MT @_CFJ_:  31 months BEFORE announcing running for4 President, Trump STOOD WITH DREAMers. https://t.co/SnzsLHf77C #Cru‚Ä¶"
SupportMelania,Get on the Wall and support #Trump and  https://t.co/kELwaSacB6  https://t.co/A0eVjdwPV2
WhytePantherRN,#WhytePanther #BernieOrBUST #AfterTheFireFades(#OutOfTheDarkness) https://t.co/FxnujgUWst https://t.co/1dpSx9ZugG
keinath_ryan,"RT @Libertea2012: RT: Seven straight wins. If we win New York, the establishment turns on the HRC campaign. Let's‚Ä¶ #BernieStrong https://t.‚Ä¶"
HereMeRoaring,#Woman4Trump up the volume!!  Sheer will and  https://t.co/PioHN4jUF4   https://t.co/gbp1CjwD7G
wt9072,@NBCPolitics @meetthepress @tedcruz Smoke Your #PenisNose Everybody Still Hates You!
SherriWilkie,"RT @realDonaldTrump: ""@jlopez05391: @realDonaldTrump Rochester loves you! See you tomorrow! #MakeAmericaGreatAgain #Trump2016 #TrumpTrain""‚Ä¶"
Richard01702798,RT @WayneDupreeShow: Levin backtracks ‚Äî WON'T VOTE 4 Trump after Roger Stone claims he got paid off on book deal https://t.co/jZiBBXujVb #A‚Ä¶
f1demon,RT @TimBartender: HRC supporters brag about results from a rigged election. Then they wonder why I'm #BernieorBust #FeelTheBern https://t.c‚Ä¶
kenlweb36,"RT @dawngpsalm63: üôèüèªüá∫üá∏‚ù§Ô∏èüôèüèªüá∫üá∏‚ù§Ô∏è
#Trump hits 65% in #NewYork #Poll
#NewYorkPrimary 
#NewYorkValues 
#TrumpTrain
#Trump2017 
#Trump üá∫üá∏ü§ó https:‚Ä¶"
graingerstud,https://t.co/DTD6uCc84J  @mengaybdsm @CMG18192 @Uniform3
SCforfreedom,"RT @dawngpsalm63: More proof of .@cologop cheating the tweet &amp; locking out Trump delegates &amp; this üî•üí£
#BurnTheGop 
#TrumpTrain
#Trump  https‚Ä¶"
sunbeltgirl,MT @jphilman0206: A man of Principle. A man of his word. A man of We The People. https://t.co/MC3XrXlYoh #CruzCrew #PJNET
holymusic55,"RT @TRUMP_PREZ: Fyi @reince priebus is FROM Wisconsin.

Wisconsin is basically #GOP HQ.

Primary was rigged big time.

https://t.co/JAjalCa‚Ä¶"
HereMeRoaring,#Woman4Trump up the volume!!  Sheer will and  https://t.co/PioHN4jUF4   https://t.co/K1xdhbk1uI
sycamoreknox,RT @Libertea2012: MT All of a sudden these wonderful Bernie and Jane pics are all over social media. In response to HRC‚Ä¶ #BernieStrong http‚Ä¶
mikemckenna19,"RT @realDonaldTrump: ""@governor_savage: @realDonaldTrump is the only person who can save us from this corrupt political mess. #MakeAmericaG‚Ä¶"
CliffWilkin,MT @DrSueDVM: #1A is the Foundation of free gov. t#2A is the Sentinel of free govt. #ChooseCruz https://t.co/gG3Rk2SosP #CruzCrew #PJNET
_TeeThugga,I got a bad habit of eating while laying down
LindaTremper,RT @sgrant525: Delegate tie in Wyoming means Bern no closer to overcoming @HillaryClinton huge delegate lead. In fact math even worse 4 him‚Ä¶
TheLexMiddleton,https://t.co/kh5iVBgvOr @joeyBADASS @FlatbushZombies @ReemaMajor @jayydennsmith  @diggy_simmons @OGMaco
UElijia,get me it out of dis bitch
MDavidMorris2,RT @amrightnow: Job loss #realdonaldtrump 2500 to Mexico Avon Products #VoteTrump2016 https://t.co/MpRYSZ10AZ #maga #TrumpTrain https://t.c‚Ä¶
VTwinCrucible,RT @CliffWilkin: MT @rxpatriot46: This is why #TedCruz is the best man for the job. https://t.co/Z3mIb1fV1t #CruzCrew #PJNET
becky_wardlex,"@JoEllenDunne @jenrose91 oh my word, that's horrendous! But think I might need to follow your lead &amp; invest in block stuff! üò© #prawnsforlife"
Muffissness,"#ImWithHer, @BDGsmith."
akprayingmom,RT @tedcruz: Thank you Colorado for another resounding victory! https://t.co/PXWWcifJKK #ChooseCruz #CruzCrew https://t.co/zhMVq5QpeH
HereMeRoaring,#Woman4Trump up the volume!!  Sheer will and  https://t.co/PioHN4jUF4   https://t.co/lrqXHy0e49
99Pagefamily,RT @_HankRearden: #Cruzcrew is the enforcement arm of the Cruz camp. It's responsible for intimidation and collections.
LILLYZ720,RT @sunbeltgirl: MT @jphilman0206: A man of Principle. A man of his word. A man of We The People. https://t.co/MC3XrXlYoh #CruzCrew #PJNET
sunserger,@realDonaldTrump @mitchellvii THIS! Spreading BS - coming from John G Galt again
MDavidMorris2,"RT @ElseMarilyn: #NYValues #CAPrimary 
#NYPrimary  #PAprimary  #AlwaysTrump #PresidentTrump
#TrumpTrain #Trump2016 
#NeverCruz https://t.co‚Ä¶"
Mo_was_a_rapist,RT @janimine: https://t.co/ecKn0DGKZ2  ‚ÄúYou can‚Äôt deport ALL illegals.‚Äù Really? Just watch. #Trump2016 #TrumpTrain #MakeAmericaGreatAgain
topjubel,#ManInTree  Who would you vote for? https://t.co/7nTMByIQA4 #MakeAmericaGreatAgain
_KarleeBelle,"Though I feel like a disappointment a lot, my parents are the most supportive people I know. I would be incredibly lost without them ‚ù§Ô∏è"
jordanelysia,my momma really had me map questing how to get home like she doesn't have TWO phones. I wanna go to sleep
MrDaftPrawn,Loadsamoney #CameronTaxSongs üí∑üí∑üí∑üí∑üí∑üí∑üí∑üí∑üí∑üí∑üí∑üí∑üí∑üí∑üí∑üí∑üí∑üí∑üí∑üí∑üí∑üí∑üí∑üí∑üí∑üí∑üí∑üí∑üí∑ https://t.co/KtIHeEFMx5
Loganray__,Another day another dollar
blubarycroc,"RT @JasonMDNA: When Sanders starts bashing trade deals from Clinton presidency, I send a friendly reminder. #ImWithHer #NY4Hillary https://‚Ä¶"
torisbrady,Ugh https://t.co/DP0vez4Uo0
VTwinCrucible,RT @CliffWilkin: MT @TerriGreenUSA: Thank you @SenTedCruz for taking a principled stand on #NoHearingsNoVotes https://t.co/nciGeH8StA #Cruz‚Ä¶
BDGsmith,"RT @Muffissness: #ImWithHer, @BDGsmith."
BDGsmith,"RT @Muffissness: #ImWithHer, @BDGsmith."
BDGsmith,"RT @Muffissness: #ImWithHer, @BDGsmith."
BDGsmith,"RT @Muffissness: #ImWithHer, @BDGsmith."
BDGsmith,"RT @Muffissness: #ImWithHer, @BDGsmith."
Blackdi51264299,RT @eph_415: Vote4 The ONLY Constitutionalist...AND the Best Looking First Family -- https://t.co/ydPWQBoa6k #UT #AZ #PJNET
BDGsmith,"RT @Muffissness: #ImWithHer, @BDGsmith."
BDGsmith,"RT @Muffissness: #ImWithHer, @BDGsmith."
BDGsmith,"RT @Muffissness: #ImWithHer, @BDGsmith."
PaulaFeese,"#NeverCruz STOP HIM, we dont need a vicious üêç in the White House #VoteTrump in record #'s all the way thru Cali https://t.co/Enxkdnuth0"
BetsyKennaugh,RT @BobbyTBD: Thank you Wyoming! 7-7 pledged delegates &amp; 4 SDs to @HillaryClinton! We kept the delegate count we needed #ImWithHer https://‚Ä¶
LILLYZ720,RT @CliffWilkin: MT @DrSueDVM: #1A is the Foundation of free gov. t#2A is the Sentinel of free govt. #ChooseCruz https://t.co/gG3Rk2SosP #C‚Ä¶
SherriWilkie,"RT @realDonaldTrump: ""@governor_savage: @realDonaldTrump is the only person who can save us from this corrupt political mess. #MakeAmericaG‚Ä¶"
gopcrapola,"@governor_savage #MakeAmericaGreatAgain
Laura Bush SLAMS GOP, Says She‚Äôd Rather Vote For Hillary Than A Republican
https://t.co/HgaNurj8oJ"
weshep11,"RT @healthandcents: The Life-Saving Power of üî´‚ÄºÔ∏èSecond Amendment Prevented Beheading in Oklahoma 

https://t.co/wp5Vk4NTLt
.@realDonaldTrum‚Ä¶"
9975Ts,RT @ginah89121: #NewYork #OnlyTrump #Woman4Trump #Trump #Trump2016 #VoteTrump #dtmag #BikersForTrump @thePGR #AlwaysTrump https://t.co/mOy8‚Ä¶
Anthonyzambrot2,RT @EricTrump: #CharlieDog wants to #MakeAmericaGreatAgain #TrumpPets #TrumpDog https://t.co/BjcAXlR91H
Frettlessrick,RT @21damone: NEW TRUMP PROMO VIDEO - A MUST WATCH! #MakeAmericaGreatAgain #TrumpTrain #Trump2016 https://t.co/L6VI3sPQrl
Therealzackwade,I feel like shit
HereMeRoaring,#Woman4Trump up the volume!!  Sheer will and  https://t.co/PioHN4jUF4   https://t.co/HGlARzRG7g
mwepcot82,Love The Smell Of Burning Wood On #SpaceshipEarthSunday üòã @ Spaceship Earth https://t.co/KID8cUQNIL
Wyatt_Earp2011,"TED CRUZ 2016üá∫üá∏

#CruzCrew 
#Inportant‚ÜïÔ∏è
#VotesGoToDemocrats
#CAPrimaryüéØ
#TedCruzPresident‚ÄºÔ∏èüá∫üá∏
#HillaryForPrison2016 https://t.co/FkuphPIv0s"
Hannah_Still93,"I give up on sleep for now. 

Hello, @netflix."
cook_robert_l,RT @NMForBernie: #BirdieTsunami2016 #FeelTheBern #BernieOrBust #NotMeUs #BernieStrong https://t.co/IVODD9PbZI
PatriotGinger2,"MT @TeriGRight: Grassroots, Please Rise Up &amp; #ChooseCruz! He can FIX this mess! #TCOT #LNYHBT https://t.co/UxXhzF0dov #CruzCrew #PJNET"
EdSkipper,"RT @VoteBlueAlways: #ImWithHer Evening Thread https://t.co/Q04sgWuXpG
I was excited to find my tweet on https://t.co/PG14se4pjL
Thanks! htt‚Ä¶"
MDavidMorris2,RT @amrightnow: Vote Trump #realdonaldtrump #VoteTrump2016 #MakeAmericaGreatAgain #trumptrain #A1 #A2 #tcot #trump2016 https://t.co/m0Z2kqN‚Ä¶
psalm82,"RT @MariaNYC: Yeap, funny how Sanders is doing the job of Republicans while they're busy putting out their own fires. #ImWithHer https://t.‚Ä¶"
sara_miles,Things that are not ok - https://t.co/Ncxze8mdDp üî•üêç #nope #snakes #fried
__CocaineCowboy,Ass ‚òùüèæÔ∏è face üëáüèæ
shadyjanetfacts,#janfamconfession her outfits guys during this era was everything üòç which is why it's my fav https://t.co/ZLKDbu2WUf
VTwinCrucible,"RT @MaryPatriotNews: https://t.co/ls9YLBPCy6 #primary #election #house 
#job #games #Bernie #Hillary #Trump #CruzCrew #TrusTED
#P2 #p2b htt‚Ä¶"
9975Ts,RT @ginah89121: WRITE IN TRUMP if necessary #NewYork #NYPrimary #OnlyTrump #Woman4Trump #BikersForTrump @thePGR #AlwaysTrump https://t.co/f‚Ä¶
BikinInMaine,MT @CountingOnCruz: 'I will not be neutral. America will stand UNAPOLOGETICALLY with Israel!' https://t.co/N56n2TALoR #CruzCrew #PJNET
ew_cumberland,"Stamps are scheduled to go down 2cents. And Post Mstr Gen complains. What exactly is ""ongoing business needs"" besides salaries and pensions?"
MinPalmsResort,Welcome to #TrumpTrain! #DemsForTrump. I think a lot of prognosticators underestimate his crossover appeal!! https://t.co/FV03SYaxXV
SSherylyn,#ImWithHer Awesome speech on Education and Respect for teachers!  @cybrarian75x @UFTUnity @Roe826 @jkratt713 @UFT https://t.co/oUXtJj2TZb
Blackdi51264299,RT @grindingdude: Is #Hillary qualified? Family's record of abject failures is pretty apparent #ImWithHer ‚¨ÖÔ∏è Not a chance! https://t.co/CyI‚Ä¶
USARebelSway,also b4 the convention Trump would need to register before the convention in the state of South Dakota and Texas due 2 their sore loser laws
LindaGarriss,"RT @jjadamsny888: .@robportman 

NO Trump NO Vote 4 GOP including U! 

#VoteTrump #AlwaysTrump &amp; #OnlyTrump!
#Ohio https://t.co/c01sNxNLQF"
jimEastridge1,"RT @jason4trump: When you hate @realDonaldTrump, America hates you back! #MakeAmericaGreatAgain #TrumpTrain #Trump2016 #MAGA https://t.co/2‚Ä¶"
LindaTremper,"RT @ManMet80: #ImWithHer 

üåügunsense 

üåérenewable energy

üíôsupp's down ticket Dems 

‚òÄÔ∏è qualified, proven policy

üåà LGBT rights 

‚ÄºÔ∏è econom‚Ä¶"
roz233,RT @Ashley_spry09: Congrats to @HillaryClinton for tying in #WYCaucus #ImWithHer https://t.co/KAUeM9rFJG
EdSkipper,RT @WonderWoman934: I was at a caucus for Hillary in our county. Bus loads of Bernie's fans showed up and tried to take over the caucus. ht‚Ä¶
MinPalmsResort,RT @jman_jim: Its time to vote for a real #American for President not a #Democrat or #Republican #TrumpTrain
drafthorse2012,"RT @CollegeBrigade: . Jon Voigt is backing @RealDonaldTrump for POTUS
#TrumpTrain
#MakeAmericaGreatAgain https://t.co/9K9Ac0Gkqn"
shagsterjo,"RT @ChristieC733: Donald Trump speaks for me.  

üî¥ #NoMorePC 

‚ö™Ô∏è #WomenForTrump 

üîµ #WisconsinForTrump 

üá∫üá∏ #MakeAmericaGreatAgain https:/‚Ä¶"
mathewsjw,RT @kvmidd85: #UniteWithCruz #TrusTed #ChooseCruz 4 #PresidentCruz #LionTed #CruzCrew @tedcruz #TeamHeidi #PJNET https://t.co/u74xeB5sCb
noupsell,"RT @Socialist_Times: Stop shaming women who support Bernie into voting for Clinton https://t.co/FNym35huFt
#Women4Bernie #ImWithHer #P2 htt‚Ä¶"
__CocaineCowboy,1 night only I'm from outta town üòàüòè
lmirone777,"RT @PatriotGinger: MT @LWilsonDarlene: Of the People, for the People who will protect our Constitutional liberties. https://t.co/N55KvzA9dp‚Ä¶"
BixKaren,RT @ChelseaClinton: One of the many reasons #ImWithHer https://t.co/PdOCHqWahF
chrisap_,It's not hard to be on time.
LindaTremper,"RT @WayneEdH: Bernie gets ZERO Net Delegates in Wyoming!
Plus HRC has +4 superdelegates in WY.
#ImWithHer
. https://t.co/YPlUZoeARp"
roz233,"RT @politicalmiller: Headline should read ""Clinton wins 7-7."" Predicted to lose big in #WYCaucus and defied the odds again! #ImWithHer http‚Ä¶"
telefox,Johnny Jungle - Flammable....changed my life in 93 https://t.co/wBwGDSnF36
MDavidMorris2,RT @janimine: https://t.co/ecKn0DGKZ2  ‚ÄúYou can‚Äôt deport ALL illegals.‚Äù Really? Just watch. #Trump2016 #TrumpTrain #MakeAmericaGreatAgain
voteforclintons,#HillaryClinton2016 #HillYes to want a Secure Future in #Pennsylvania #Milford - https://t.co/G7bWlMgsBx https://t.co/6dikJFt082
_meaghatron,Red eye flights are NOT the move
TENSAINEXTDOOR,@DlRTYCREEP fuck pariya
9975Ts,RT @ginah89121: UNITED WE STAND #OnlyTrump #Woman4Trump #Trump #Trump2016 #VoteTrump #dtmag  #BikersForTrump @thePGR #AlwaysTrump https://t‚Ä¶
deedeeladybug,RT @22Americanfirst: This is a #FAKE $$$$ SCAM. please report all who send link for this site as SPAM ! #Trump2016 #TrumpTrain #OnlyTrump h‚Ä¶
Therealzackwade,Ignore me üëåüèΩ
TempleRepair,"@DrSarahHart Discussions by Twitter are like turrets :) If truly serious about knowing the truth, I'd be happy to talk."
keinath_ryan,"RT @Bloggers4Bernie: #BerNY #NYPrimary #DemDebate #DebateWithBernie #WyomingCaucus
#Bloggers4Bernie #BernieVisitsVatican #GOTVforBernie  ht‚Ä¶"
mavrick803,RT @BEWHallend: YES! We get ALL the STRONG women and ALL the REAL Men!  https://t.co/WYjrE2zLUB
ezridersos,"#TrusTed will defend your rights, freedom, and liberty.
#ChooseCruz 
#NYPrimary 
#NewYorkPrimary 
#WakeUpAmerica https://t.co/U7JzvmC6ci"
ezridersos,RT @LifeLibHappy: MT @TexasSheBandit: #ChooseCruz because HE will never bargain away your rights! #TrusTed https://t.co/Iit8UsfKFS #CruzCre‚Ä¶
LILLYZ720,RT @eph_415: Vote4 The ONLY Constitutionalist...AND the Best Looking First Family -- https://t.co/ydPWQBoa6k #UT #AZ #PJNET
roz233,RT @georgefayner: Wow surprisingly Hillary tied Bernie 7-7 in Wyoming! Plus she has the 4 super delegates! So 11-7 Hillary! #WYCaucus #ImWi‚Ä¶
Candyo4u249,RT @DanScavino: #Trump2016 #TrumpTrain #MAGA https://t.co/8w7kL0vUe5
Shad0wsSt0ry,@ActaBunniFooFoo @2MGoverCsquared same
luxorgroup,https://t.co/5g2oAU5y3B Wow isn't that a SHOCKER......IS she a MUSLIM or perhaps Muslim brotherhood?
elw247,RT @Ashley_spry09: Congrats to @HillaryClinton for tying in #WYCaucus #ImWithHer https://t.co/KAUeM9rFJG
Lori_Tofani,"RT @WDFx2EU: Gratz, #CruzCrew, you got your establishment #Rhino https://t.co/HnFsA9TdFY"
mavrick803,RT @realCalvinHobbs: Clint Eastwood Endorses Donald Trump for President https://t.co/LMiCzCw530 #NYC #NeverCruz #Texas #TrumpTrain #PA http‚Ä¶
LILLYZ720,"RT @PatriotGinger2: MT @TeriGRight: Grassroots, Please Rise Up &amp; #ChooseCruz! He can FIX this mess! #TCOT #LNYHBT https://t.co/UxXhzF0dov #‚Ä¶"
buffwon,"RT @realDonaldTrump: ""@governor_savage: @realDonaldTrump is the only person who can save us from this corrupt political mess. #MakeAmericaG‚Ä¶"
roz233,RT @PuestoLoco: Hillary upsets #FeelTheBern in #WYCaucus Bernie falls further behind. https://t.co/5eV6Pre4Wq
LILLYZ720,RT @BikinInMaine: MT @CountingOnCruz: 'I will not be neutral. America will stand UNAPOLOGETICALLY with Israel!' https://t.co/N56n2TALoR #Cr‚Ä¶
__CocaineCowboy,Yeen fuckin yeen suckin WYD HOE? ü§î
FFAJosh,Rivers and Roads. Rivers till i reach you...
robert_stern,#WakeUpAmerica  https://t.co/8ze7o7p9Vs
Studs4TrumpOahu,#VoteTrump #NewYork April 19th #MakeAmericaGreatAgain #TeamTrump #Trump2016 #TrumpTrain  üöÇüöÇüöÇüöÇüöÇüöÇüöÇ #AlwaysTrump https://t.co/AoJjvyvGnU
fitcoaches1,"Los compromisos p√∫blicos te hacen responsable de tu futuro !!
Me‚Ä¶ https://t.co/ii7n7cCQrr"
michaelaponce,This is how I feel since I had to wake up at 6am for work  https://t.co/G1a0UUOAP1
i314159265,RT @Libertea2012: MT Retweeted California 4 Bernie! (@CamelotGypsy): @BernieSanders We fight by‚Ä¶ https://t.co/hS6Ccle1Ws #BernieStrong http‚Ä¶
roz233,RT @Bros4Hillary: Just to reiterate: it is an actual tie not a virtual tie. In a caucus state no less. With no spending $$ in ad buys.  #Im‚Ä¶
singsongmomma,@SIAAMUN thank you for thinking of me this is a painful time
BathJames,"RT @realDonaldTrump: ""@jlopez05391: @realDonaldTrump Rochester loves you! See you tomorrow! #MakeAmericaGreatAgain #Trump2016 #TrumpTrain""‚Ä¶"
fawfulfan,"No, Bernie Sanders was not right about the Panama free trade agreement. Hillary Clinton was. #ImWithHer https://t.co/WSDmS23TLF"
CruzinAhead,"Why does President Jimmy Carter choose @realDonaldTrump?

#ChooseCruz
#DumpTrump
#TrusTed
#PJNET

WATCH --&gt;
https://t.co/S31rrRuAIA"
_TeeThugga,Going back to sleep now satisfied üòã
Suzie4Hillary4A,VOTE 4 @HILLARYCLINTON &amp; ALL DOWN TICKET DEMS 2 FLIP THE CONGRESS! We DESERVE A WORKING CONGRESS. VOTE STRAGHT DEM. https://t.co/mqF9YdQQ5z
VirtualJukebox,"Like I Would by Zayn is #nowplaying in Tavern on Main, Snellville."
Suzie4Hillary4A,"RT @WeNeedHillary: Clinton, Sanders differ on down-ballot Democrats https://t.co/PKDv4gASMC
#ShesWithUs #ImWithHer #TNTweeters https://t.co‚Ä¶"
KindaRockstar,The Worlds Sexiest Republican #makeamericagreatagain #Drumpf2016 #leafyisnothere #FeelTheSperm  #kinda https://t.co/wvxOCbCVmx
KindaRockstar,üìπ The Worlds Sexiest Republican #makeamericagreatagain #Drumpf2016 #leafyisnothere #FeelTheSperm #kinda https://t.co/q0BiDNXGDl
TENSAINEXTDOOR,@DlRTYCREEP and? Screw her and her dirty feet
Cruzn4Ted,RT @Network_Citizen: MT @JosephEach: @tedcruz has done exactly what he said he would do. Even when he stood alone. https://t.co/WI387C32rp‚Ä¶
DentonJeanne,"RT @realDonaldTrump: ""@jlopez05391: @realDonaldTrump Rochester loves you! See you tomorrow! #MakeAmericaGreatAgain #Trump2016 #TrumpTrain""‚Ä¶"
roz233,RT @KeepHuynhing: Upset in Wyoming! 7-7 split if results hold. @BernieSanders was expected to win big! #delegates #ImWithHer  https://t.co/‚Ä¶
MrMaitra,RT @LoriSums: #ResistCapitalism nope I'm gonna dance at great capitalists clubs and ‚ù§Ô∏è that I live in free society! #ImWithHer https://t.co‚Ä¶
yllekonadnerb,"RT @AKHLASS1: SEIU local 2015 California Home Care Workers
#FeelTheBern #BernieOrBust https://t.co/hYfJyloc8q"
roz233,RT @kimfrederi: Wyoming is a tie!!!  That's a win for Hillary!!  WY was a state he should have won by landslide.  Momentum blunted!  #ImWit‚Ä¶
LILLYZ720,"RT @CruzinAhead: Why does President Jimmy Carter choose @realDonaldTrump?

#ChooseCruz
#DumpTrump
#TrusTed
#PJNET

WATCH --&gt;
https://t.co/S‚Ä¶"
KyleTaylorLucas,RT @Libertea2012: MT Erica Garner's amazing advocacy for #Revolution &amp;; .@BernieSanders‚Ä¶ https://t.co/VBWBcChmf1 #BernieStrong https://t.co‚Ä¶
elw247,RT @georgefayner: Wow surprisingly Hillary tied Bernie 7-7 in Wyoming! Plus she has the 4 super delegates! So 11-7 Hillary! #WYCaucus #ImWi‚Ä¶
blubarycroc,"RT @Hillary4Florida: Hillary Clinton: ONLY candidate pledging to not raise middle class taxes.
üá∫üá∏#WYCaucus #ImWithHer #HillYes #NYPrimary h‚Ä¶"
DentonJeanne,"RT @realDonaldTrump: ""@governor_savage: @realDonaldTrump is the only person who can save us from this corrupt political mess. #MakeAmericaG‚Ä¶"
hakyeonmon,hak bb im so ;.; im worried...
AdedapoLinda,"RT @WeNeedHillary: Turns Out Hillary Clinton &amp; President Obama Were Right on Panama https://t.co/aNcGUxRD4r
#ShesWithUs #ImWithHer #p2 http‚Ä¶"
BritishBerner,"@DJWESG @2016HillaryGo They say the same about #BernieOrBust, though. People are BOB 'cos they want someone who speaks for people not donors"
22Americanfirst,"#Trump2016 #Trump #TrumpTrain #MakeAmericaGreatAgain #DonaldTrump #OnlyTrump #PresidentTrump #WomenForTrump
   https://t.co/8sh95toyMi"
Africanfighter,"RT @fawfulfan: No, Bernie Sanders was not right about the Panama free trade agreement. Hillary Clinton was. #ImWithHer https://t.co/WSDmS23‚Ä¶"
CliffWilkin,MT @CliffWilkin: Led way to preserve the words 'under God' in the Pledge of Allegiance. https://t.co/at9WArtBZl #CruzCrew #PJNET
cheryljo911,RT @MLCzone: Superdelegates can decide their vote at any time. Most were with Clinton before the 1st primary. Dems for Dems. https://t.co/H‚Ä¶
Sjldog,"RT @realDonaldTrump: ""@jlopez05391: @realDonaldTrump Rochester loves you! See you tomorrow! #MakeAmericaGreatAgain #Trump2016 #TrumpTrain""‚Ä¶"
graingerstud,@kelly_rogerson https://t.co/le7wX02NSv
poodlelove55,"RT @JeffersunTzu: Let them know whether it's as GOP Nom, 3rd Party or Write-in we are #Voting4TrumpNov8 

#Trump2016 #TrumpTrain 

https://‚Ä¶"
roz233,RT @kimfrederi: 7-7 even delegate split for Wyoming!!!  11-7 if count Super D's.  Great job team Hillary!! #ImWithHer
DentonJeanne,RT @Lrihendry: MUST SEE! FULL #DonaldTrump POWERFUL Interview With @JudgeJeanine https://t.co/QKeO4UgvFR #VoteTrump2016 #TCOT #MakeAmericaG‚Ä¶
EEGRC98,"RT @realDonaldTrump: ""@governor_savage: @realDonaldTrump is the only person who can save us from this corrupt political mess. #MakeAmericaG‚Ä¶"
meaghanmccorm,"Johnson City, Tennesseeeeeee I gotta get a move on before the sun #actuallythough"
LindaGarriss,RT @realCalvinHobbs: Governor Ralph Torres NMI R Endorses Donald Trump for President #CA https://t.co/vXCEyW9z0L #NeverCruz #TrumpTrain htt‚Ä¶
sowtrout,"RT @22Americanfirst: #Trump2016 #Trump #TrumpTrain #MakeAmericaGreatAgain #DonaldTrump #OnlyTrump #PresidentTrump #WomenForTrump
   https:/‚Ä¶"
its_nehasharma,"RT @MR_ATL1087: The longer this primary the more #BernieOrBust looks better and better but, I know me being Black, Gay, and Atheist I'm tar‚Ä¶"
i314159265,Bill Clinton and the prison industries that he and Hillary (remember you got 2  for the price of 1) created. https://t.co/CYDuDd91mm
NnenaKnows,What an interesting cherry tree. #bonsai @BrookCherryFest @theNUNGroup  https://t.co/7akf9BJFWB
msweinberg1,That's right. No Trump no vote 4 GOP.  https://t.co/90QgwmZ6jU
_redsodapop30,@snowwhitedroog what a dumass he is
msweinberg1,"RT @jjadamsny888: .@robportman 

NO Trump NO Vote 4 GOP including U! 

#VoteTrump #AlwaysTrump &amp; #OnlyTrump!
#Ohio https://t.co/c01sNxNLQF"
rmscarabin,@NeilTurner_ @HillaryClinton Neil you are a foolish young man
Tobymare,"RT @realDonaldTrump: ""@jlopez05391: @realDonaldTrump Rochester loves you! See you tomorrow! #MakeAmericaGreatAgain #Trump2016 #TrumpTrain""‚Ä¶"
keinath_ryan,"RT @Bloggers4Bernie: #BerNY #NYPrimary #DemDebate #DebateWithBernie #WyomingCaucus
#Bloggers4Bernie #BernieVisitsVatican #GOTVforBernie  ht‚Ä¶"
soniaerasmus,RT @realCalvinHobbs: Willie Robertson CEO Duck Commander Endorses Donald Trump #NRA https://t.co/e2uVoFV83j #TrumpTrain #NeverCruz #NY http‚Ä¶
SONICjobs,"Assistant Manager - SONIC Drive-In: (#Alexandria, AL) https://t.co/jAkfqERX6V #Hospitality #Job #Jobs #Hiring"
JonathanLeeBurr,Nothing like the 3rd shift life
R_Byrd_7,4 more days an we are Bahamas bound üèñüõ≥üö¢
thewoman62,@GOP #RNC @SpeakerRyan #IN #WV #PA #NYC #RI #CT #MD #WY #NM #CA #WA #Trump2016 #MakeAmericaGreatAgain https://t.co/Hv8DYmzuE6
EEGRC98,"RT @realDonaldTrump: ""@jlopez05391: @realDonaldTrump Rochester loves you! See you tomorrow! #MakeAmericaGreatAgain #Trump2016 #TrumpTrain""‚Ä¶"
lmirone777,RT @rafealcuzr66: #CruzCrew: RT TexasTribune: .TedCruz sweeps delegates up for grabs in Colorado | PatrickSvitek reports: ‚Ä¶ https://t.co/yn‚Ä¶
t_woody23,you had something good but congratulations you lost it :-)
