KaraTweet543,"RT @TrumpNewMedia: .@realDonaldTrump GOP will steal this election from #DonaldTrump #FightBack
https://t.co/JKGdz9D3QV
#VoteTrump
#tcot htt‚Ä¶"
concerningtimes,"RT @LindaSuhler: üí•RALLY TODAY!
üéâDonald Trump Rochester NYüéâ
‚úîÔ∏è VOTE #Trump2016 #NY
3 PM EDT
#NYPrimary
#NYValues
#TrumpTrainüöÇüá∫üá∏üá∫üá∏
https://t.‚Ä¶"
hwhittle74,"I think Trump campaign knew they wouldn't get delegates out of crappy, stoner CO, but expect to see more of this... https://t.co/x89qdO86pq"
BigBobbaLouie,I Have A Dream   #IHaveaDream  https://t.co/iaREtYjske
report_baseball,"RT @LindaSuhler: üí•RALLY TODAY!
üéâDonald Trump Rochester NYüéâ
‚úîÔ∏è VOTE #Trump2016 #NY
3 PM EDT
#NYPrimary
#NYValues
#TrumpTrainüöÇüá∫üá∏üá∫üá∏
https://t.‚Ä¶"
pasco,"@realDonaldTrump lost #SouthCarolina #Drumpf playing jacks, @TedCruz plays chess. #DrumpfDeDumbDumb #ChooseCRUZ #CruzCrew #Sayfie #tcot @GOP"
jcwneal,RT @WayneDupreeShow: Boston Globe smears GOP front-runner Donald Trump with fake Sunday front-page headline https://t.co/AYgT1aLpMo #TrumpT‚Ä¶
cciedotnyc,RT @WayneDupreeShow: Boston Globe smears GOP front-runner Donald Trump with fake Sunday front-page headline https://t.co/AYgT1aLpMo #TrumpT‚Ä¶
ccgaskell,Thanks @DFSblaze for a NBA win and a MLB win. https://t.co/8p7pgVf1zA
odfgs,RT @NadelParis: Finger waggin' PinocchioCommunist needs2go #ImWithHer #millennialsforhillary #NewYorkPrimary https://t.co/6lveV70TZ3 https:‚Ä¶
potus2016app,"Also @NadelParis, Hillary Clinton is #1 among Dem. recent hour in Twitter conversation https://t.co/sjDdWkkeKM #imwithher"
thetimewasthen,"#NYPrimary
#NoSharia #NoRAPEugees

#VOTE @realDonaldTrump 
#LegalImmigration 

#TrumpTrain #Trump2016
#AmericaFirst
 https://t.co/1U3GIvWfWv"
pjlacasse22,"RT @Europe4Sanders: Hi #ImWithHer -it's never too late to change your life- join the revolution! #BridgeToBernie https://t.co/v9fW9gtUJi
ht‚Ä¶"
kleegrubaugh,RT @CruzinAhead: @TedCruz: A Man with a Mission to Save America!!! Join Us on Our Mission: https://t.co/MeyX4TacSh. #CruzCrew #PJNET https:‚Ä¶
hairychair38,RT @NorwoodTeaParty: Cruz in your time machine to 2017... #CruzCrew https://t.co/MNyMwhKbXl
PaulettePennyp2,"RT @LindaSuhler: üí•RALLY TOMORROW
üéâDonald Trump Albany NYüéâ
‚úîÔ∏è VOTE #Trump2016 #NY
7 PM EDT 4/11
#NYValues
#NYPrimary
#TrumpTrainüöÇüá∫üá∏üá∫üá∏
https:‚Ä¶"
MrsHighHawk,"He doesn't know, he made my day 1000x better"
Wade_Turnbull,"RT @Europe4Sanders: Hi #ImWithHer -it's never too late to change your life- join the revolution! #BridgeToBernie https://t.co/v9fW9gtUJi
ht‚Ä¶"
OldLinePatriot,Thanks Mr.Trump! @CLewandowski_ @DanScavino @michaelglassner @DonaldJTrumpJr @EricTrump #TrumpTrain @NYC4TRUMP2016 https://t.co/iAzqo99qNG
WildPowers,The bad judgement personal greed &amp; immorality of #Hillary disqualifies her 4 #POTUS #UniteBlue #BLM #LATINOS #VETS  https://t.co/UNy67TrSCU
jennife67536009,"RT @Campaign_Trump: ""TONIGHT - @realDonaldTrump talks to @JudgeJeanine on ""Justice."" @realDonaldTrump #MakeAmericaGreatAgain https://t.co/A‚Ä¶"
BMack03088355,RT @veganvecoh: Actor Lou Ferrigno Endorses Donald Trump for President. VOTE #Trump2016 #TrumpTrain #MakeAmericaGreatAgain https://t.co/QA8‚Ä¶
67dfm,@andieiamwhoiam @pewresearch #Democrats #ImWithHer #Republican #HillaryClinton #TedCruz https://t.co/FYiwAxvzED
rwkd,"RT @Socialist_Times: Stop shaming women who support Bernie into voting for Clinton https://t.co/FNym35huFt
#Women4Bernie #ImWithHer #P2 htt‚Ä¶"
jackmartin4cruz,"RT @crosswindlive: MT @ChuckNellis: Vote for God &amp; Country, Not for greed &amp; corruption. Vote @TedCruz! https://t.co/1cl6KB2RGt #CruzCrew #P‚Ä¶"
timsfloors66,RT @MichelleMeyer10: Dear Official Republicans #CO @cologop  #TrumpTrain wants to know WHY did you block Larry Wayne Lindsey as delegate? h‚Ä¶
carolina71150,RT @NadelParis: Finger waggin' PinocchioCommunist needs2go #ImWithHer #millennialsforhillary #NewYorkPrimary https://t.co/6lveV70TZ3 https:‚Ä¶
4anniereilly,RT @TimBartender: HRC supporters brag about results from a rigged election. Then they wonder why I'm #BernieorBust #FeelTheBern https://t.c‚Ä¶
9975Ts,"RT @TeresaEdelglass: ‚ö†Ô∏èA vote 4 #Kasich or #Cruz is a vote 4 a brokered convention.

‚û°Ô∏èTHE CORRUPT GOP EST PICKS OUR NOMINEE‚ÄºÔ∏è

Vote common‚Ä¶"
VoteOlsen23,"#CubanMistressCrisis
#CruzSexScandal
#StruggleSnuggle
#StandWithCorey
#Women4Trump
#TrumpArmy
#TedScruz
#LyinTed
 https://t.co/hexf2LDj20 ‚Ä¶"
MenesesRudy,"RT @Campaign_Trump: ""TONIGHT - @realDonaldTrump talks to @JudgeJeanine on ""Justice."" @realDonaldTrump #MakeAmericaGreatAgain https://t.co/A‚Ä¶"
Orlafay13,"RT @realDonaldTrump: ""@jlopez05391: @realDonaldTrump Rochester loves you! See you tomorrow! #MakeAmericaGreatAgain #Trump2016 #TrumpTrain""‚Ä¶"
Barbara2494602,RT @Rickstar1: Oh yea you can trust @HillaryClinton Keep believing all that rhetoric Her TPP is showing #GetReal=#BernieOrBust https://t.co‚Ä¶
hairychair38,RT @tedcruz: Thank you Colorado for another resounding victory! https://t.co/PXWWcifJKK #ChooseCruz #CruzCrew https://t.co/zhMVq5QpeH
atentoni,"DT: ""I am pro-choice in every respect."" Attrib. view on abortion and gay marriage to being raised in NY #NeverTrump https://t.co/2Np6OMvswX"
Sandee9378,RT @artist4ever: #HillarySoQualified she was the only senator asked to be on this committee #ImWithHer https://t.co/ejLNHRXVWp
myloyaltyincome,"This is the only truly honest man running for oggice to help America. He's not beholding to anyone, #trumptrain https://t.co/UDwhcAGgUx"
Stevekallay1,"RT @TeresaEdelglass: ‚ö†Ô∏èA vote 4 #Kasich or #Cruz is a vote 4 a brokered convention.

‚û°Ô∏èTHE CORRUPT GOP EST PICKS OUR NOMINEE‚ÄºÔ∏è

Vote common‚Ä¶"
uriahthehitite,"RT @Defund_DC: CLICK ON QUOTED TWEET BELOW THEN RT 300 MILLION TIMES

#TrumpTeam #TrumpArmy #MAGA #Trump2016
VOTE TRUMP

https://t.co/yoFhv‚Ä¶"
ellasgymmom,RT @SandyMarrett: @FoxNews https://t.co/YIIZ5TC7Bo
Iswitched2Trump,@tedcruz will never even make it to the convention! The sh&amp;t will eventually hit the fan! #TrumpTrain #trump2016 https://t.co/k5RVSDo7Am
clare_morin,RT @WeNeedTrump: I just don't understand how people can support socialism or communism... Unless they're lazy and or broke as hell. #MakeAm‚Ä¶
LeChatNoire4,"RT @regwag2003: ""Unlikable &amp; untrustworthy"" = code for ""She's a woman who's asking for a promotion"" https://t.co/eW2yUr1Qdg"
LifeLibHappy,MT @DrSueDVM: I #ChooseCruz bc he has a proven record of defending the Constitution. #tcot #ccot https://t.co/ylVvrSAnpz #CruzCrew #PJNET
OrganicJeremy,50+1 delegate sweep for TrumpüëäüèªüíØ #MakeAmericaGreatAgain  https://t.co/ydMfXf43BC
thatpait,RT @NadelParis: Finger waggin' PinocchioCommunist needs2go #ImWithHer #millennialsforhillary #NewYorkPrimary https://t.co/6lveV70TZ3 https:‚Ä¶
Doug_39,MT @LynnMarki: CRUZ'S Economic Reforms will Jumpstart the US Economy! https://t.co/VHYOZSMVlo #CruzCrew #PJNET
ChimeraearGm,RT @NadelParis: Finger waggin' PinocchioCommunist needs2go #ImWithHer #millennialsforhillary #NewYorkPrimary https://t.co/6lveV70TZ3 https:‚Ä¶
Allanhamilton12,"RT @realDonaldTrump: ""@jlopez05391: @realDonaldTrump Rochester loves you! See you tomorrow! #MakeAmericaGreatAgain #Trump2016 #TrumpTrain""‚Ä¶"
gESkypix,RT @NadelParis: Finger waggin' PinocchioCommunist needs2go #ImWithHer #millennialsforhillary #NewYorkPrimary https://t.co/6lveV70TZ3 https:‚Ä¶
italiangirl32,RT @atheygraphics: It's  the media fool! It's called vote stealing! She won't even be there! Such a face! #Trump #LyinTED #TrumpTrain  http‚Ä¶
neaner069,RT @Libertea2012: RT: It's a Revolution | @BernieSanders (Web) #FeelTheBern #NYforBernie‚Ä¶ https://t.co/5hBKaJlrd2 #BernieStrong https://t.c‚Ä¶
CarmineZozzora,"RT @InnerDonald: ADD ME TO YOUR EFFORT, CARMINE
#Trump2016 #NYPrimary @FoxNews
#ALWAYSTRUMP #MAGA #DTNews
#TRUMPTRAIN #TRUMP @REINCE https:‚Ä¶"
JONWBRID,"RT @jupiter896: There Is NO Way A President of This Stature,
Can Be Succeeded By Something Like THIS.
#ImWithHer #UniteBlue #TNTvote https:‚Ä¶"
ArvelMauldin,"RT @Europe4Sanders: Hi #ImWithHer -it's never too late to change your life- join the revolution! #BridgeToBernie https://t.co/v9fW9gtUJi
ht‚Ä¶"
sdgphoto,RT @TimBartender: HRC supporters brag about results from a rigged election. Then they wonder why I'm #BernieorBust #FeelTheBern https://t.c‚Ä¶
proteinwisdom,"All you need to debunk smears on Cruz parroted by gibbering Trumpchimps, often in all caps, festooned w angry eagles https://t.co/Z36mGr2GoQ"
FreedomtruckGA,LNAO https://t.co/oMhGYGtMg3
allisonpowers13,"RT @TheGOPReport: The whole GOP would have looked golden if they said ""Trump can help clean the mess in Washington"" from the beginning http‚Ä¶"
ahern_theresa,RT @Libertea2012: RT: Let's make a Bernie win in New York the next historic victory of this‚Ä¶ https://t.co/rL6HPxLGr3 #BernieStrong https://‚Ä¶
sachsau1,"RT @realDonaldTrump: ""@governor_savage: @realDonaldTrump is the only person who can save us from this corrupt political mess. #MakeAmericaG‚Ä¶"
BanditGolf,RT @SenFrankNiceley: He'll cut until the lights flicker in the Capitol Dome. #ChooseCruz #NYPrimary  https://t.co/k7slemK8AI
RMcLadd,"RT @joshgremillion: Students- this is why we need to stand behind @realDonaldTrump. @DefendingtheUSA @DanScavino #MakeAmericaGreatAgain
htt‚Ä¶"
jcstudislclo,RT @NadelParis: Finger waggin' PinocchioCommunist needs2go #ImWithHer #millennialsforhillary #NewYorkPrimary https://t.co/6lveV70TZ3 https:‚Ä¶
LichtaLowana,"RT @Libertea2012: MT Data Suggests Arizona Voting Problems Hit Poorer Voters Hardest, Sanders‚Ä¶ https://t.co/WcevOHYtBq #BernieStrong https:‚Ä¶"
jackcrafty,"RT @TrumpNewMedia: .@realDonaldTrump GOP will steal this election from #DonaldTrump #FightBack
https://t.co/JKGdz9D3QV
#VoteTrump
#tcot htt‚Ä¶"
addaglance,"RT @Libertea2012: RT: Volunteering, Activism is passed down frm generation to generation. #FeelTheBern @Latinos4Bernie‚Ä¶ #BernieStrong https‚Ä¶"
Allanhamilton12,"RT @realDonaldTrump: ""@governor_savage: @realDonaldTrump is the only person who can save us from this corrupt political mess. #MakeAmericaG‚Ä¶"
LeChatNoire4,RT @peterdaou: Absolutely FASCINATING research on @SenWarren being seen as unlikable and untrustworthy in MA race: https://t.co/KFYEnQJgNi‚Ä¶
WayneHenager,RT @EricTrump: #CharlieDog wants to #MakeAmericaGreatAgain #TrumpPets #TrumpDog https://t.co/BjcAXlR91H
freeepaece,RT @NadelParis: Finger waggin' PinocchioCommunist needs2go #ImWithHer #millennialsforhillary #NewYorkPrimary https://t.co/6lveV70TZ3 https:‚Ä¶
relaxedinthenow,"RT @TomKeough: Hillary Clinton Laughs When Asked About Fracking Money
#ToneDownForWhat #BernieOrBust #FeelTheBern #HillNo not ever! https:/‚Ä¶"
PaMom4Pups,RT @rafealcuzr66: #CruzCrew: RT TexasTribune: .TedCruz sweeps delegates up for grabs in Colorado | PatrickSvitek reports: ‚Ä¶ https://t.co/yn‚Ä¶
CarmineZozzora,"RT @NMarco331: I second this pledge @reince , @GOP
But, I've been warning you for weeks now.

#AlwaysTrump #VoteTrump #BurnTheGOP https://t‚Ä¶"
TandemConnctse,RT @NadelParis: Finger waggin' PinocchioCommunist needs2go #ImWithHer #millennialsforhillary #NewYorkPrimary https://t.co/6lveV70TZ3 https:‚Ä¶
estherssarkp,RT @NadelParis: Finger waggin' PinocchioCommunist needs2go #ImWithHer #millennialsforhillary #NewYorkPrimary https://t.co/6lveV70TZ3 https:‚Ä¶
billbong9059,"RT @1more4_Trump: Oh, yes...and that would be like ALL the lyin' media! #TrumpTrain  #Trump2016 https://t.co/HlxU3Ep8O3"
peachesgirli23,"RT @LindaSuhler: Why would a Christian support a man like this?
Why would anyone?
#TedCruz does.
https://t.co/mIktMWwU5u 
#gay #LGBTQ #Cruz‚Ä¶"
KindaRockstar,THE REPTILLIAN ARMY REPLACES DONALD TRUMPS MUMMIFIED SHELL WITH WEED SMOKING PINECONES #makeamericagreatagain https://t.co/31NzvCKKrZ
LindaRoyer1,Good morning #Colorado!!! Thank you for making your state #CruzCountry. #CruzCrew
camcam6868,"RT @realDonaldTrump: ""@jlopez05391: @realDonaldTrump Rochester loves you! See you tomorrow! #MakeAmericaGreatAgain #Trump2016 #TrumpTrain""‚Ä¶"
SmtStrgWmnTrump,"RT @realDonaldTrump: ""@governor_savage: @realDonaldTrump is the only person who can save us from this corrupt political mess. #MakeAmericaG‚Ä¶"
1kimoui,"RT @IrisL49: Used to think Sanders=Trump Lite, now know nothing lite about him. #ImWithHer https://t.co/Iey9elrSfV"
peachesgirli23,RT @wjd291: üíñTake care of our veterans!üíñ #vets4trump  #vets #NewYorkValues  #NewYork #NewYorkPrimary #TrumpTrain #Trump2016 https://t.co/kE‚Ä¶
Shawpsych,obligatory Sunday morning coffee tweet https://t.co/YY9O4hrUzt
JONWBRID,"RT @WayneEdH: Bernie gets ZERO Net Delegates in Wyoming!
Plus HRC has +4 superdelegates in WY.
#ImWithHer
. https://t.co/YPlUZoeARp"
DavidTcark,RT @NadelParis: Finger waggin' PinocchioCommunist needs2go #ImWithHer #millennialsforhillary #NewYorkPrimary https://t.co/6lveV70TZ3 https:‚Ä¶
CliffWilkin,MT @ToddHagopian: GOP deserves better than a protest candidate!!! https://t.co/qecMDOPeSP #CruzCrew #PJNET
Sttbs73,@KevinMKruse @politico I thought @realDonaldTrump said he would hire good smart people to help him #MakeAmericaGreatAgain ??
Kiarley4,RT @NadelParis: Finger waggin' PinocchioCommunist needs2go #ImWithHer #millennialsforhillary #NewYorkPrimary https://t.co/6lveV70TZ3 https:‚Ä¶
RebeccaFaussett,RT @WayneDupreeShow: Boston Globe smears GOP front-runner Donald Trump with fake Sunday front-page headline https://t.co/AYgT1aLpMo #TrumpT‚Ä¶
TerriFace64,I'd vote for Hillary #InaNewYorkMinute ‚ÄºÔ∏è #NYforHillary #VoteTrueBlue Go vote April 19th. #Hillary2016 #ImWithHer https://t.co/Z9pwNN41iG
pmswolfy,"RT @LindaSuhler: üí•RALLY TODAY!
üéâDonald Trump Rochester NYüéâ
‚úîÔ∏è VOTE #Trump2016 #NY
3 PM EDT
#NYPrimary
#NYValues
#TrumpTrainüöÇüá∫üá∏üá∫üá∏
https://t.‚Ä¶"
kleegrubaugh,RT @CliffWilkin: MT @FranklinMan25: Ted Cruz calls the enemy by name! and  will utterly destroy ISIS! https://t.co/NYZn5IH8Ls #CruzCrew #PJ‚Ä¶
jrwade1955,"RT @LindaSuhler: The truth is like a lion;
you don‚Äôt have to defend it.
Let it loose;
it will defend itself.

#MakeAmericaGreatAgain https:‚Ä¶"
imarkex,A look at #Trump's history shows he has no interest in America's Fundamental Principles #NotWhatAmericaNeeds.#VoteCruz #ForFreedom
4OrganicFood,RT @BernieOrBust: #BernieOrBust pledge-takers in NY functioning as democracy commandos. The Clinton machine won't know what hit them. https‚Ä¶
Danno_a_Jyd,"Trump falls on his rump with a bump https://t.co/1fGCBARapb

#MakeAmericaGreatAgain
#VoteForConservatives
#NeverTrump #Liberal #HillaryPlant"
tooter9757,"It would be fantastic if people understood this, but I'm not going to hold my breath! https://t.co/jQ4u1vUYyv"
Orlafay13,"RT @realDonaldTrump: ""@governor_savage: @realDonaldTrump is the only person who can save us from this corrupt political mess. #MakeAmericaG‚Ä¶"
starknightz,"""TONIGHT - @realDonaldTrump 
talks to @JudgeJeanine on ""Justice."" 
#Trump2016
#TrumpTrain https://t.co/JvwTceT2Oa"
noopdoggy,"ALL voters that have already voted 4 Trump,go CHANGE YOUR VOTING STATUS 2 INDEPENDANT this week,OFFICIAL RNC DUMP!RT https://t.co/MbfmHb98HB"
LouLachat,#Trump supporters! This will be you after elections! Left in the rain #DumpTrump #NeverTrump #MakeAmericaGreatAgain  https://t.co/ELcIQayHB7
FreedomtruckGA,LMAO https://t.co/oMhGYGtMg3
smileyt22,@mattdcollin Still waiting for Bernie Sanders to release 8 years of tax returns to prove his trust worthiness #ReleaseTheReturns #ImWithHer
HalePatty,RT @tedcruz: Thank you Colorado for another resounding victory! https://t.co/PXWWcifJKK #ChooseCruz #CruzCrew https://t.co/zhMVq5QpeH
MercysFight,"#NewYorkValues ----&gt; #NeverTrump 
NO to #Trump2016 #MakeAmericagreatagain #MAGA by NOT voting Trump! https://t.co/TASNLptio6"
pmswolfy,"RT @LindaSuhler: üí•RALLY TOMORROW
üéâDonald Trump Albany NYüéâ
‚úîÔ∏è VOTE #Trump2016 #NY
7 PM EDT 4/11
#NYValues
#NYPrimary
#TrumpTrainüöÇüá∫üá∏üá∫üá∏
https:‚Ä¶"
happicook,RT @ggeett37aaa: MT @TexanCat #WeThePeople have asked for this brand of leadership for years. It's time: VOTE CRUZ! https://t.co/A1KYHwiMI4‚Ä¶
IBuyHomesindF,RT @NadelParis: Finger waggin' PinocchioCommunist needs2go #ImWithHer #millennialsforhillary #NewYorkPrimary https://t.co/6lveV70TZ3 https:‚Ä¶
Jackie999666111,RT @sunbeltgirl: MT @TeriGRight: Americans DESERVE One-on-One Debate in a 2 Man Race! DEMAND IT! https://t.co/mgWeR5CqMn #CruzCrew #PJNET
eshropshire1,"RT @realDonaldTrump: ""@governor_savage: @realDonaldTrump is the only person who can save us from this corrupt political mess. #MakeAmericaG‚Ä¶"
Griefage,"RT @Europe4Sanders: Hi #ImWithHer -it's never too late to change your life- join the revolution! #BridgeToBernie https://t.co/v9fW9gtUJi
ht‚Ä¶"
AmberForAmerica,"RT @LifeLibHappy: MT @jphilman0206: It's always darkest before dawn. Don't Stand Down, STAND UP! #ChooseCruz &amp; we win... https://t.co/oXG14‚Ä¶"
joseph604,Hummm #MSNBC keeps showing this Bernie Sanders commercial. What are they trying to tell us? Well guess what? #ImWithHer #HillarySoQualified
Billrollins6,"RT @TheGOPReport: The whole GOP would have looked golden if they said ""Trump can help clean the mess in Washington"" from the beginning http‚Ä¶"
abigailminnmeea,RT @NadelParis: Finger waggin' PinocchioCommunist needs2go #ImWithHer #millennialsforhillary #NewYorkPrimary https://t.co/6lveV70TZ3 https:‚Ä¶
MarcAlvarez31,"RT @TrumpNewMedia: @realDonaldTrump NOTHING WILL CHANGE WITHOUT #TRUMP &amp; THAT IS A FACT #RISEUPAMERICA &amp; #VOTETRUMP
#VoteTrump
#tcot https:‚Ä¶"
D_Ericson,RT @bannerite: George knows! #ImWithHer https://t.co/NTRkboe0qv
raftersranch17,RT @sunbeltgirl: MT @TerresaHobbs: New York values? Show us the NYC libs don't run the whole state! #ChooseCruz https://t.co/nQDWi4vdI1 #Cr‚Ä¶
PHENOMENALigsS,RT @NadelParis: Finger waggin' PinocchioCommunist needs2go #ImWithHer #millennialsforhillary #NewYorkPrimary https://t.co/6lveV70TZ3 https:‚Ä¶
anthony_kopec,RT @Doug_39: MT @Shooters_Wife: A #VoteTedCruz is a vote for the #Constitution! #UniteWithCruz #TCOT https://t.co/XRTMu6FAvu #CruzCrew #PJN‚Ä¶
CaskieW,RT @CruzinAhead: Freinds don't let friends vote for a con artist!! Do your part &amp; convince a friend!! #NeverTrump #ChooseCruz https://t.co/‚Ä¶
Roke22163525,#votetrump I Gage QUALIFICATION based on performance Obama/Hilly fail on Obamacare Security Jobs Infrastructure Gender Inequality Weakleader
CharlieMeisner,"RT @realDonaldTrump: ""@governor_savage: @realDonaldTrump is the only person who can save us from this corrupt political mess. #MakeAmericaG‚Ä¶"
lemire_suzanne,RT @TerriFace64: I'd vote for Hillary #InaNewYorkMinute ‚ÄºÔ∏è #NYforHillary #VoteTrueBlue Go vote April 19th. #Hillary2016 #ImWithHer https://‚Ä¶
KindaRockstar,üìπ The Worlds Sexiest Republican #makeamericagreatagain #Drumpf2016 #leafyisnothere #FeelTheSperm #kinda https://t.co/dc2umzlMAM
LJR1106,#RochesterNY #TrumpRally #Today #GetOutAndSupportTrump  https://t.co/ilpJLMvAcG
lkhabelashvili,RT @NadelParis: Finger waggin' PinocchioCommunist needs2go #ImWithHer #millennialsforhillary #NewYorkPrimary https://t.co/6lveV70TZ3 https:‚Ä¶
donaldbroom,"RT @LindaSuhler: üí•RALLY TOMORROW
üéâDonald Trump Albany NYüéâ
‚úîÔ∏è VOTE #Trump2016 #NY
7 PM EDT 4/11
#NYValues
#NYPrimary
#TrumpTrainüöÇüá∫üá∏üá∫üá∏
https:‚Ä¶"
kits54,#CruzSweep #ChooseCruz #NeverTrump  https://t.co/ypGi22GIS4
atheygraphics,Well that will ever expensive!! Sounds pretty extensive! Squash her like a bug!!!#AmericaFirst #TrumpTrain #Hillary  https://t.co/Zee1jXfghU
GareBearEsq,"As a disabled War era veteran, @Thom_Hartmann can kiss my ass. Yeah, talking about you, Hartmann. You're an asshole https://t.co/FQBqwaXlhs"
WatersCmw,RT @ic1foru: #ImWithHer  https://t.co/D2w6MZOa9c
Benitovlezjr,"Never Kasich, Never LYIN' Ted  @realDonaldTrump or NOTHING!!! #MakeAmericaGreatAgain #Trump2016 üá∫üá∏"
bloodless_coup,RT @CruzinAhead: Freinds don't let friends vote for a con artist!! Do your part &amp; convince a friend!! #NeverTrump #ChooseCruz https://t.co/‚Ä¶
Reggiayndl,RT @NadelParis: Finger waggin' PinocchioCommunist needs2go #ImWithHer #millennialsforhillary #NewYorkPrimary https://t.co/6lveV70TZ3 https:‚Ä¶
unitedAidFudn,RT @NadelParis: Finger waggin' PinocchioCommunist needs2go #ImWithHer #millennialsforhillary #NewYorkPrimary https://t.co/6lveV70TZ3 https:‚Ä¶
dawngpsalm63,"üî•üî•üî•üî•üî•üí£
#BurnTheGOP #ReinceYourFired 
.@cologop sue their ass 
#AlwaysTrump 
#TrumpTrain
#WeThePeople r vote counts https://t.co/Jv6orowkiR"
Naughtington,@realDonaldTrump You secure the nom by DQ‚Äôing #LyingTed for not being a natural born citizen.  #SealtheDeal #MakeAmericaGreatAgain
donaldbroom,"RT @LindaSuhler: üí•RALLY TODAY!
üéâDonald Trump Rochester NYüéâ
‚úîÔ∏è VOTE #Trump2016 #NY
3 PM EDT
#NYPrimary
#NYValues
#TrumpTrainüöÇüá∫üá∏üá∫üá∏
https://t.‚Ä¶"
Latinas4Hillz,"RT @WeNeedHillary: Turns Out Hillary Clinton &amp; President Obama Were Right on Panama https://t.co/aNcGUxRD4r
#ShesWithUs #ImWithHer #p2 http‚Ä¶"
JulesSiscoe,"RT @TrumpNewMedia: .@realDonaldTrump GOP will steal this election from #DonaldTrump #FightBack
https://t.co/JKGdz9D3QV
#VoteTrump
#tcot htt‚Ä¶"
D_Ericson,RT @LSmith51: The Media Have a Hillary Story and They‚Äôre Sticking to It https://t.co/n7v6vZ0JQp via @BillMoyersHQ #ImWithHer¬†@Hillary2016
ecipfynjdc,RT @NadelParis: Finger waggin' PinocchioCommunist needs2go #ImWithHer #millennialsforhillary #NewYorkPrimary https://t.co/6lveV70TZ3 https:‚Ä¶
deejay90192,RT @Bros4Hillary: Up up and away... #ImWithHer #HillaryClinton https://t.co/gsGjCGQiVn
Maggyw519,RT @DPRINCECFRN: New York Democratic Polls 2016: Clinton‚Äôs Lead Grows ‚Äì https://t.co/0nEutxguXB #justsaying #ImWithHer  https://t.co/4KNAQa‚Ä¶
RebeccaFaussett,"RT @Koxinga8: Nearly three-quarters of Republicans think #Trump will be the nominee https://t.co/cZhMSMeCYH via @MailOnline
#TrumpTrain #Tr‚Ä¶"
BanditGolf,"RT @MinuteMom: Fact Check: Trump On Universal Healthcare...

#CruzCrew

https://t.co/KvWAbhksxE"
FreedomtruckGA,RT @Network_Citizen: MT @Saint_Obama: Ted Cruz is attacked by the MSM DNC &amp; GOP. Ted's my Guy! https://t.co/yHyVdRgVCE #CruzCrew #PJNET
Montana0323,"RT @LindaSuhler: The truth is like a lion;
you don‚Äôt have to defend it.
Let it loose;
it will defend itself.

#MakeAmericaGreatAgain https:‚Ä¶"
TrumpGear2016,#trump #trumptrain Trump 2016 Make America Great Again Flag The Donald for President Pres... https://t.co/i5aVfqiA9Y #trump2016 #news #rt
BButcherTax,"RT @realDonaldTrump: ""@jlopez05391: @realDonaldTrump Rochester loves you! See you tomorrow! #MakeAmericaGreatAgain #Trump2016 #TrumpTrain""‚Ä¶"
kaiaka,RT @AZ_4_TRUMP: #WakeUpAmerica Stopping the #Establishment is the only way to #MakeAmericaGreatAgain &amp; #Trump will do it! #Trump2016 https:‚Ä¶
donmarvin,Gov Rick Scott makes attack ads against constituents who criticize him üòÆ https://t.co/bNW9bbOJdE #imwithher @HillaryClinton #Hillary2016
poliscistacey,Disappointed Bernie Sanders Should Stick to the High Road | RealClearPolitics https://t.co/jCQVeh8WRf #ImWithHer
StevieRaCoyrn,RT @NadelParis: Finger waggin' PinocchioCommunist needs2go #ImWithHer #millennialsforhillary #NewYorkPrimary https://t.co/6lveV70TZ3 https:‚Ä¶
mandersonhare1,"RT @realDonaldTrump: ""@jlopez05391: @realDonaldTrump Rochester loves you! See you tomorrow! #MakeAmericaGreatAgain #Trump2016 #TrumpTrain""‚Ä¶"
6grade56,"RT @vivigold197: @JesseLehrich @BernieSanders won after 6 failed attempts w #NRA endorsement. That wasn't ""business""? #ImWithHer https://t.‚Ä¶"
oPpCityLief,RT @NadelParis: Finger waggin' PinocchioCommunist needs2go #ImWithHer #millennialsforhillary #NewYorkPrimary https://t.co/6lveV70TZ3 https:‚Ä¶
LichtaLowana,RT @Libertea2012: MT Senior papal official: Untrue that Sanders invited himself to Vatican‚Ä¶ https://t.co/bfjmrxhfpp #BernieStrong https://t‚Ä¶
MartinDonrbg,RT @NadelParis: Finger waggin' PinocchioCommunist needs2go #ImWithHer #millennialsforhillary #NewYorkPrimary https://t.co/6lveV70TZ3 https:‚Ä¶
DNosegotten,#FeelTheBern #BernieInPhilly #BernieInTheBronx #ImWithHer #NYPrimary #HillarySoQualified #HillaryResearch #bernout https://t.co/nsjvfaILrq
julie_cappiello,RT @LJR1106: #RochesterNY #TrumpRally #Today #GetOutAndSupportTrump  https://t.co/ilpJLMvAcG
FreedomChild3,"RT @S_T_O_P_TERROR: IS THIS BEFORE ELECTION OR AFTER? 
#Benghazi #ChrisStevens ##Hillary in prison #MakeAmericaGreatAgain #WakeUpAmerica ht‚Ä¶"
44grace,"RT @LindaSuhler: The truth is like a lion;
you don‚Äôt have to defend it.
Let it loose;
it will defend itself.

#MakeAmericaGreatAgain https:‚Ä¶"
Lrihendry,RT @Benelliot3: When is the school going to have an event so Christian students can share their faith &amp; convert the heathens?  #tcot https:‚Ä¶
SuckMyLEFTJuan,RT @Libertea2012: RT: New York you've shown us so much love! Keeping being you and get out the‚Ä¶ https://t.co/rhWuKSWXJc #BernieStrong https‚Ä¶
MarlwseDesigsn,RT @NadelParis: Finger waggin' PinocchioCommunist needs2go #ImWithHer #millennialsforhillary #NewYorkPrimary https://t.co/6lveV70TZ3 https:‚Ä¶
donaldbroom,"RT @Lrihendry: Jesus out, Mohammad in! Disgusting! Vernon Hills High, IIL https://t.co/YCssamqQsM #Trump2016 #TrumpTrain"
Stargzr214,"RT @22Americanfirst: #Trump2016 #Trump #TrumpTrain #MakeAmericaGreatAgain #DonaldTrump #OnlyTrump #PresidentTrump #WomenForTrump
  
   http‚Ä¶"
sachsau1,"RT @realDonaldTrump: ""@DnGLax:  Yes! Thank U 4 coming to LI! It was a thrill 2 B part of it! U will get the job done! #MakeAmericaGreatAgai‚Ä¶"
JONWBRID,"RT @Bros4Hillary: Thank you to everyone that supported @HillaryClinton in the #WYCaucus!

Next stop? The #NYPrimary! #imwithher https://t.c‚Ä¶"
Mike_USPatriot,RT @Trumplersux1: #NYPrimary #NewYorkValues #NewYorkPrimary #NeverTrump #DumpTrump #CruzCrew  https://t.co/qkWPRNHy84
Earl_59,MT @TeriGRight: Why does #TedCruz fight? This election is about the NEXT Generation! #TCOT https://t.co/Cf4iL7mMSn #CruzCrew #PJNET
LokiDad,RT @MichelleMeyer10: Dear Official Republicans #CO @cologop  #TrumpTrain wants to know WHY did you block Larry Wayne Lindsey as delegate? h‚Ä¶
jgorman8686,"RT @realDonaldTrump: ""@Genie115: #MakeAmericaGreatAgain we can only do that with @realDonaldTrump RT https://t.co/RViAgxoa4t"""
punjabimodern1,Have Bernie+Trump+Cruz Just all 3 A team and the always the same people each Rally To See The Lost Are ago Elakshion With Hillary.#ImWithHer
theoc2ps,"Dear #IAmWithHer people, we understand your frustration
But #BernieOrBust because we care about ethics

#FeelTheBern https://t.co/U1xBflwu51"
BKaysac,No thanks! He won't win https://t.co/au3q7GYsfu
realTrump4POTUS,@ggbootsrock I will definitely be in Cleveland and it was a great idea to setup a group. #TrumpTrain to Cleveland #StopTheSteal
PixelbackWriert,RT @NadelParis: Finger waggin' PinocchioCommunist needs2go #ImWithHer #millennialsforhillary #NewYorkPrimary https://t.co/6lveV70TZ3 https:‚Ä¶
HarveyAckerman,"Mission possible:
1237 delegates
Never forget 911
A vote for anyone
but Trump is a vote
For Hillary
#VoteTrump #NYPrimary"
DunningRandall,RT @CruzWin2016: #nyprimary #choosecruz #cruzcrew #nevertrump #unitewithcruz #dumptrump https://t.co/Q1EiXla8z0
Real_Truth4U,"RT @InnerDonald: ADD ME TO YOUR EFFORT, CARMINE
#Trump2016 #NYPrimary @FoxNews
#ALWAYSTRUMP #MAGA #DTNews
#TRUMPTRAIN #TRUMP @REINCE https:‚Ä¶"
HawaiiWebSseit,RT @NadelParis: Finger waggin' PinocchioCommunist needs2go #ImWithHer #millennialsforhillary #NewYorkPrimary https://t.co/6lveV70TZ3 https:‚Ä¶
designhbuy,RT @NadelParis: Finger waggin' PinocchioCommunist needs2go #ImWithHer #millennialsforhillary #NewYorkPrimary https://t.co/6lveV70TZ3 https:‚Ä¶
SNWsecuriyt,RT @NadelParis: Finger waggin' PinocchioCommunist needs2go #ImWithHer #millennialsforhillary #NewYorkPrimary https://t.co/6lveV70TZ3 https:‚Ä¶
AmberForAmerica,MT @TexasSheBandit: #ChooseCruz because HE will never bargain away your rights! #TrusTed https://t.co/jrMyjrpTNL #CruzCrew #PJNET
crowarrowinc,RT @Libertea2012: RT: Wyoming Caucus looks like a YUGE turn out for Bernie. #WYCaucus https://t.co/6FobZVSQwc: Wyoming‚Ä¶ #BernieStrong https‚Ä¶
cooper2960,RT @sandyaschneider: Bikers For Trump will be showing up at Trump Rallies https://t.co/7mgFSxkokG #TrumpTrain #BikersForTrump #Trump2016
lemire_suzanne,RT @peterdaou: Absolutely FASCINATING research on @SenWarren being seen as unlikable and untrustworthy in MA race: https://t.co/KFYEnQJgNi‚Ä¶
stevetwiss,RT @Campaign_Trump: Percentage of remaining delegates necessary to secure the nomination. #Trump2016 #TrumpTrain #MAGA https://t.co/OFfxA82‚Ä¶
BackOnTrackUSA,"RT @TrumpNewMedia: @realDonaldTrump LEAKED: HILLARY/SOROS BEHIND ANTI-TRUMP VIOLENCE! #WATCH: https://t.co/5YnocpV2XU 
#VoteTrump
#tcot htt‚Ä¶"
pbots54,RT @WeNeedTrump: New York is only the beginning for Trump and the end for Cruz. #MakeAmericaGreatAgain https://t.co/rG454B394a
aCtonCommercial,RT @NadelParis: Finger waggin' PinocchioCommunist needs2go #ImWithHer #millennialsforhillary #NewYorkPrimary https://t.co/6lveV70TZ3 https:‚Ä¶
D_Ericson,RT @aquarharris688: Different states have different cost of living! Its called common sense! #ImWithHer  https://t.co/7hUN3FrWfi
sachsau1,"RT @realDonaldTrump: ""@lilrachiepoo: @realDonaldTrump Thank you, Mr. Trump, for your personal and financial sacrifices in this journey to #‚Ä¶"
IBMTranspoot,RT @NadelParis: Finger waggin' PinocchioCommunist needs2go #ImWithHer #millennialsforhillary #NewYorkPrimary https://t.co/6lveV70TZ3 https:‚Ä¶
DarleneHBrook,"RT @AwakeDeborah: The Truth is like a lion. . . .
Blessed Sunday y'all!üííüíñüå∫üå∑üå∏
#LionTed
#CruzCrew
#NYPrimary https://t.co/ao5hHcc6Rg"
Allexannddra,https://t.co/H1keRO3xdb Retweeted¬†https://t.co/Y8KRWNVP0t
ImagineAnna,The #NeverTrump idiots will be the first to whine when Hillary is POTUS. So pathetic #CruzCrew #WakeUpAmerica #tcot https://t.co/4GCmfKu8Hs
rescuetracker81,"RT @Lrihendry: Jesus out, Mohammad in! Disgusting! Vernon Hills High, IIL https://t.co/YCssamqQsM #Trump2016 #TrumpTrain"
kgloevus,RT @NadelParis: Finger waggin' PinocchioCommunist needs2go #ImWithHer #millennialsforhillary #NewYorkPrimary https://t.co/6lveV70TZ3 https:‚Ä¶
BrianFreeman12,"RT @ScottBLG: *New York Values*
@ChuckNellis #CruzCrew #Cruz #tcot #pjnet #ChooseCruz @TedCruz @GlennBeck #NYPrimary #ccot https://t.co/MCG‚Ä¶"
deisym__,"For the first time in months, I slept through the entire night and just woke up once during the middle of the night."
TheSibylSpeaks,"RT @NMarco331: I second this pledge @reince , @GOP
But, I've been warning you for weeks now.

#AlwaysTrump #VoteTrump #BurnTheGOP https://t‚Ä¶"
Dilly_D_69,RT @lordaedonis: Not surprised. Voters would have to be high out of their minds to willingly vote for you. https://t.co/d2eObkrfyW
coke_usa,@Corinne0721 @morgep65 @PaulLitvaitis @HillaryClinton the future full of what can you do for me-won't fly much at stake everyone#ImWithHer
het72,"RT @realDonaldTrump: ""@governor_savage: @realDonaldTrump is the only person who can save us from this corrupt political mess. #MakeAmericaG‚Ä¶"
ROYALMRBADNEWS,"RT @LindaSuhler: üí•RALLY TODAY!
üéâDonald Trump Rochester NYüéâ
‚úîÔ∏è VOTE #Trump2016 #NY
3 PM EDT
#NYPrimary
#NYValues
#TrumpTrainüöÇüá∫üá∏üá∫üá∏
https://t.‚Ä¶"
BackOnTrackUSA,"RT @TrumpNewMedia: @realDonaldTrump John Kasich Goes All In For Amnesty For Illegals https://t.co/oYfoj99Ajo 
#AlwaysTrump
#VoteTrump https‚Ä¶"
Richard01702798,"RT @hwhittle74: I think Trump campaign knew they wouldn't get delegates out of crappy, stoner CO, but expect to see more of this... https:/‚Ä¶"
kleegrubaugh,Correct.   https://t.co/ijncyRr463
SeaMaCCrH,RT @NadelParis: Finger waggin' PinocchioCommunist needs2go #ImWithHer #millennialsforhillary #NewYorkPrimary https://t.co/6lveV70TZ3 https:‚Ä¶
Danno_a_Jyd,"Video: Cruz targets Trump https://t.co/4SGyis1Qsk via @Reuters
#MakeAmericaGreatAgain
#VoteForConservatives #TrusTed #CruzCrew
#NeverTrump"
Lperera28,"RT @TrumpNewMedia: @realDonaldTrump John Kasich Goes All In For Amnesty For Illegals https://t.co/oYfoj99Ajo 
#AlwaysTrump
#VoteTrump https‚Ä¶"
hartv15,"RT @realDonaldTrump: ""@jlopez05391: @realDonaldTrump Rochester loves you! See you tomorrow! #MakeAmericaGreatAgain #Trump2016 #TrumpTrain""‚Ä¶"
pbots54,"RT @realDonaldTrump: ""@governor_savage: @realDonaldTrump is the only person who can save us from this corrupt political mess. #MakeAmericaG‚Ä¶"
rayanneenglish,All I do everyday is shower and lay in bed till jordan or my lil brother need sumn. All I pretty much can do these days ...
SarahPalinLinks,"Cruz, acknowledging social issues gap with Republican Jews, stresses Israel support https://t.co/1PtF5iiZDe #ChooseCruz #SupportIsrael"
MaryEllenHastni,RT @NadelParis: Finger waggin' PinocchioCommunist needs2go #ImWithHer #millennialsforhillary #NewYorkPrimary https://t.co/6lveV70TZ3 https:‚Ä¶
BButcherTax,"RT @realDonaldTrump: ""@governor_savage: @realDonaldTrump is the only person who can save us from this corrupt political mess. #MakeAmericaG‚Ä¶"
Candi151,RT @obasima2: #BernieSanders #FeeltheBern #BernieorBust #VoteBernie #NeverBernie #FleetheBern #ImWithHer #HillaryClinton https://t.co/RhuKM‚Ä¶
Dexter99_,RT @NadelParis: Finger waggin' PinocchioCommunist needs2go #ImWithHer #millennialsforhillary #NewYorkPrimary https://t.co/6lveV70TZ3 https:‚Ä¶
ROYALMRBADNEWS,"RT @LindaSuhler: üí•RALLY TOMORROW
üéâDonald Trump Albany NYüéâ
‚úîÔ∏è VOTE #Trump2016 #NY
7 PM EDT 4/11
#NYValues
#NYPrimary
#TrumpTrainüöÇüá∫üá∏üá∫üá∏
https:‚Ä¶"
WhytePantherRN,#WhytePanther #BernieOrBUST Like Us on #Facebook https://t.co/rhgSIFPeAD THANKS! https://t.co/qWBq91kGa4
MenesesRudy,"RT @amrightnow: #Realdonaldtrump Follow The Road #MakeAmericaGreatAgain #TrumpTrain
#VoteTrump2016 #Maga #veterans ""Unite America"" https://‚Ä¶"
BigTaneyw,RT @NadelParis: Finger waggin' PinocchioCommunist needs2go #ImWithHer #millennialsforhillary #NewYorkPrimary https://t.co/6lveV70TZ3 https:‚Ä¶
raiderfanblaine,RT @amrightnow: About You @realDonaldTrump #realdonaldtrump #VoteTrump2016 #TrumpTrain #WisconsinPrimary #Wisconsin #Wisconsinpoll https://‚Ä¶
jessied44,"RT @regwag2003: ""Unlikable &amp; untrustworthy"" = code for ""She's a woman who's asking for a promotion"" https://t.co/eW2yUr1Qdg"
Midwood49,"#TrumpTrain #Vote trump
There are young men and women your age fighting Isis to keep your wimpy ass safe. Shame on U https://t.co/NgWHEpw0oJ"
ejwensing,RT @TimBartender: HRC supporters brag about results from a rigged election. Then they wonder why I'm #BernieorBust #FeelTheBern https://t.c‚Ä¶
MrWells2011,RT @BilldeBlasio: She's always been a show stopper. Thanks to @HillaryClinton for taking #InnerCircle to the next level. #ImWithHer https:/‚Ä¶
madscape,"RT @LindaSuhler: üí•RALLY TODAY!
üéâDonald Trump Rochester NYüéâ
‚úîÔ∏è VOTE #Trump2016 #NY
3 PM EDT
#NYPrimary
#NYValues
#TrumpTrainüöÇüá∫üá∏üá∫üá∏
https://t.‚Ä¶"
madscape,"RT @LindaSuhler: üí•RALLY TOMORROW
üéâDonald Trump Albany NYüéâ
‚úîÔ∏è VOTE #Trump2016 #NY
7 PM EDT 4/11
#NYValues
#NYPrimary
#TrumpTrainüöÇüá∫üá∏üá∫üá∏
https:‚Ä¶"
madscape,RT @OnlyHotyP: #Trump2016 Politico: Donald Trump Is The ‚ÄòAmerican Silvio Berlusconi‚Äô https://t.co/ipnCGV2xRj #TrumpTrain https://t.co/7Jrwy‚Ä¶
madscape,"RT @thetimewasthen: #NYPrimary
#NoSharia #NoRAPEugees

#VOTE @realDonaldTrump 
#LegalImmigration 

#TrumpTrain #Trump2016
#AmericaFirst
 ht‚Ä¶"
colletteryan56,"RT @NeilTurner_: @realDonaldTrump https://t.co/RBt4zoJE8n Don't support puppet candidates, support Trump - #VoteTrump! https://t.co/g8VNM2T‚Ä¶"
TweetsOnThat,We losing our country people. #DumptheEstablishment &amp; #MAGA #Trump2016 #TrumpTrain #AlwaysTrump  https://t.co/2SpaSnKkpb
JudyMichiganMom,"RT @realDonaldTrump: ""@jlopez05391: @realDonaldTrump Rochester loves you! See you tomorrow! #MakeAmericaGreatAgain #Trump2016 #TrumpTrain""‚Ä¶"
lemire_suzanne,"RT @regwag2003: ""Unlikable &amp; untrustworthy"" = code for ""She's a woman who's asking for a promotion"" https://t.co/eW2yUr1Qdg"
Ron_GriffithsJr,"#CruzRolls #IA
#tcot #teaparty #PJNET #ccot #tlot #lnyhbt #MarkLevin #GOPPrimary #GOP #ChooseCruz  https://t.co/oDsnIGjM96"
slayoncebiebs,RT @TcDobard: Well.. Wendy's been the move anyway  https://t.co/1TxZaZm80M
9975Ts,"RT @SandraHartle: üîπ #Trump
üîπ #MAGA
üîπ #Women4Trump
üîπ #NYValues
üîπ #NYPrimary
üîπ #CruzCrew
üîπ #NJ #VA
üîπ #stayonbudget
üîπ #BigHeart
üîπ #PA https://‚Ä¶"
PatriotGinger,MT @Karee_news: #America will hold her head high again with @TedCruz leading we the people. https://t.co/QUIdy1Hq6u #CruzCrew #PJNET
Red3Disypal,RT @NadelParis: Finger waggin' PinocchioCommunist needs2go #ImWithHer #millennialsforhillary #NewYorkPrimary https://t.co/6lveV70TZ3 https:‚Ä¶
Lucymax111,"RT @Lrihendry: Jesus out, Mohammad in! Disgusting! Vernon Hills High, IIL https://t.co/YCssamqQsM #Trump2016 #TrumpTrain"
karen_lamoure,"RT @trump_world: ""My superpac? The american people!""
@realDonaldTrump¬†
GO TRUMP!
WE GOT YOUR BACK!
#MakeAmericaGreatAgain
#Trump2016 https:‚Ä¶"
ImDonnyMcDonald,Donald Trump #TrumpTrain 2016 Large Black Custom Decal IntlShip #republican  #rnc #sgp #2a #tlot https://t.co/YqwV4AsCsA
Danno_a_Jyd,RT @yadkinfarm: #NewYorkPrimary #PAprimary  https://t.co/fsSKnFq4GP
sapphire4sam,Donald Trump #TrumpTrain 2016  Large White Custom Decal IntlShip #republican  #tcot #tlot #2a https://t.co/3Lm2PP9gic
SarahPalinLinks,"RT @andersonDrLJA: #Cruz BELIEVES IN #WeThePeople WITH CONSTITUTIONALLY LIMITED GVT! 
#TedCruzForPresident #Cruz2016 #CruzCrew #TrusTed htt‚Ä¶"
NJMike319,RT @Benelliot3: When is the school going to have an event so Christian students can share their faith &amp; convert the heathens?  #tcot https:‚Ä¶
StillWaters1,"RT @tgradous: #Cruz Gains Majority of Delegates at Colorado Convention: 'In 10 Elections, We've Beaten @realDonaldTrump
#CruzCrew  https://‚Ä¶"
the_intricate1_,RT @NadelParis: Finger waggin' PinocchioCommunist needs2go #ImWithHer #millennialsforhillary #NewYorkPrimary https://t.co/6lveV70TZ3 https:‚Ä¶
annie5133,RT @DPRINCECFRN: New York Democratic Polls 2016: Clinton‚Äôs Lead Grows ‚Äì https://t.co/0nEutxguXB #justsaying #ImWithHer  https://t.co/4KNAQa‚Ä¶
rod_burket,Trump @ 42% and climbing  Up in CA PA NJ De MD #AmericaFirst #MAGA #MakeAmericaGreatAgain @LouDobbs @seanhannity https://t.co/w2gkx8jbE0
rod_burket,Trump @ 42% and climbing  Up in CA PA NJ De MD #AmericaFirst #MAGA #MakeAmericaGreatAgain @LouDobbs @seanhannity https://t.co/d042XYKQOh
subliminal_cat,RT @Libertea2012: MT . Harry Belafonte endorses Bernie. 'Now is the time': . Harry Belafonte‚Ä¶ https://t.co/dThaVrbu98 #BernieStrong https:/‚Ä¶
lovepeoplejo,"RT @fawfulfan: No, Bernie Sanders was not right about the Panama free trade agreement. Hillary Clinton was. #ImWithHer https://t.co/WSDmS23‚Ä¶"
a_strata,RT @TimBartender: HRC supporters brag about results from a rigged election. Then they wonder why I'm #BernieorBust #FeelTheBern https://t.c‚Ä¶
DunningRandall,RT @CC4Ted: Led fight of 31 states &amp; won 4 our 2A #NeverTrump bought pols 4 favors #ChooseCruz #PJNET #WIPrimary #NYPrimary https://t.co/9G‚Ä¶
mandersonhare1,"RT @realDonaldTrump: ""@governor_savage: @realDonaldTrump is the only person who can save us from this corrupt political mess. #MakeAmericaG‚Ä¶"
clsamuels99,"""Every year Cruz has voted against the most important defense bill""  

#MakeAmericaGreatAgain 
#Womenfortrump https://t.co/fpoW6dH5iF"
dnahealthnut,#ImWithHer  https://t.co/q1Sqwh0TlV
TrumpNewMedia,@realDonaldTrump #America get out &amp; #VoteTrump because he is the only one who will work for the #American people! https://t.co/mZWjq6Tcfi
pmswolfy,"RT @LindaSuhler: üí•RALLY TOMORROW!
üéâDonald Trump Rochester NYüéâ
‚úîÔ∏è VOTE #Trump2016 
3 PM EDT
#NYPrimary
#NYValues
#TrumpTrainüöÇüá∫üá∏üá∫üá∏
https://t.‚Ä¶"
jason2006,"RT @LindaSuhler: üí•RALLY TODAY!
üéâDonald Trump Rochester NYüéâ
‚úîÔ∏è VOTE #Trump2016 #NY
3 PM EDT
#NYPrimary
#NYValues
#TrumpTrainüöÇüá∫üá∏üá∫üá∏
https://t.‚Ä¶"
1OKCupcake,@rapidcraft @tedcruz @JudgeJeanine #CruzCrew #ChooseCruz #Cruz2016 #NEVERtrump https://t.co/qjZQTAfser
TheMassesAwaken,RT @jman_jim: Its time to vote for a real #American for President not a #Democrat or #Republican #TrumpTrain
truckerbeast,RT @SpecialKMB1969: If you don't like the road you're on start paving another one / our system is broke #VOTETRUMP #1A üá∫üá∏ #NY #Penn4Trump #‚Ä¶
venky9999999,"RT @realDonaldTrump: ""@Genie115: #MakeAmericaGreatAgain we can only do that with @realDonaldTrump RT https://t.co/RViAgxoa4t"""
jrwade1955,"RT @WayneDupreeShow: Trump has fun with TIME ""Man Of The Year"" retweet; Haters unite once again! https://t.co/aZTnp7qxYK #AlwaysTrump #Trum‚Ä¶"
LJR1106,"RT @TrumpNewMedia: @realDonaldTrump NOTHING WILL CHANGE WITHOUT #TRUMP &amp; THAT IS A FACT #RISEUPAMERICA &amp; #VOTETRUMP
#VoteTrump
#tcot https:‚Ä¶"
qEuusProjecst,RT @NadelParis: Finger waggin' PinocchioCommunist needs2go #ImWithHer #millennialsforhillary #NewYorkPrimary https://t.co/6lveV70TZ3 https:‚Ä¶
soniaerasmus,"RT @InnerDonald: ADD ME TO YOUR EFFORT, CARMINE
#Trump2016 #NYPrimary @FoxNews
#ALWAYSTRUMP #MAGA #DTNews
#TRUMPTRAIN #TRUMP @REINCE https:‚Ä¶"
Mac_Pricadrh,RT @NadelParis: Finger waggin' PinocchioCommunist needs2go #ImWithHer #millennialsforhillary #NewYorkPrimary https://t.co/6lveV70TZ3 https:‚Ä¶
melbahnikz777,RT @NadelParis: Finger waggin' PinocchioCommunist needs2go #ImWithHer #millennialsforhillary #NewYorkPrimary https://t.co/6lveV70TZ3 https:‚Ä¶
SmtStrgWmnTrump,RT @EricTrump: #CharlieDog wants to #MakeAmericaGreatAgain #TrumpPets #TrumpDog https://t.co/BjcAXlR91H
todoogdd,RT @NadelParis: Finger waggin' PinocchioCommunist needs2go #ImWithHer #millennialsforhillary #NewYorkPrimary https://t.co/6lveV70TZ3 https:‚Ä¶
just_JohnnyS,RT @Libertea2012: RT: New York you've shown us so much love! Keeping being you and get out the‚Ä¶ https://t.co/rhWuKSWXJc #BernieStrong https‚Ä¶
LiveFreedomOrDi,RT @Trumplersux1: #NYPrimary #NewYorkValues #NewYorkPrimary #NeverTrump #DumpTrump #CruzCrew  https://t.co/qkWPRNHy84
RNcat50,"RT @amrightnow: ""My Wall"" Make Video #1 (Trump About You) https://t.co/j58e8aacrE #MakeAmericaGreatAgain #tcot https://t.co/Vk42HCl7oR"
bloodless_coup,@Sanjay25_ @rtoberl https://t.co/1T8ZG3Ao0r
roseserao,RT @kits54: #CruzSweep #ChooseCruz #NeverTrump  https://t.co/ypGi22GIS4
Patta47cake,"RT @oregondemocrat: Check it out, New Yorkers! https://t.co/TqjdpnHp54"
OGmage,RT @OnlyHotyP: #Trump2016 Politico: Donald Trump Is The ‚ÄòAmerican Silvio Berlusconi‚Äô https://t.co/ipnCGV2xRj #TrumpTrain https://t.co/7Jrwy‚Ä¶
Koltin_Greeen,RT @NadelParis: Finger waggin' PinocchioCommunist needs2go #ImWithHer #millennialsforhillary #NewYorkPrimary https://t.co/6lveV70TZ3 https:‚Ä¶
peachesgirli23,RT @dixiefortrump: Lets #MakeAmericaGreatAgain üìû‚òéÔ∏è #NY4Trump #TrumpTrain #IN4Trump #MD4Trump #CA4Trump #Trump2016 ANY STATE CAN CALL! https‚Ä¶
jrwade1955,RT @EricTrump: #CharlieDog wants to #MakeAmericaGreatAgain #TrumpPets #TrumpDog https://t.co/BjcAXlR91H
CherylBesser,"#ChooseCruz
#TeamHeidi
#DropOutKasich
#NeverTrump
#DropOutTrump
#NYPrimary
https://t.co/PnQFRLgbDc"
helenmag,"RT @NevilleLouann: When it comes to civil rights advocacy all I've seen is a recycled 50 yr. old photo. 
#WhereHaveYouBeenBernie? https://t‚Ä¶"
CherylBesser,"#ChooseCruz
#TeamHeidi
#DropOutKasich
#NeverTrump
#DropOutTrump
#NYPrimary
https://t.co/fZMDCOtmuC"
birdiemom307,"RT @realDonaldTrump: ""@governor_savage: @realDonaldTrump is the only person who can save us from this corrupt political mess. #MakeAmericaG‚Ä¶"
ranchdancer,RT @BikinInMaine: MT @Saint_Obama: Ted Cruz has the best plan. #UniteWithCruz #tcot https://t.co/Tf8hEltmVD #CruzCrew #PJNET
missykenkel2,"RT @MercuryOneOC: Hey @GeraldoRivera - This is what @tedcruz meant by ""New York"" values. You're being dishonest! #CruzCrew #NeverTrump
http‚Ä¶"
Mike_USPatriot,RT @LuvRedWhiteBlue: #nevertrump #ChooseCruz #UniteWithCruz #CruzCrew üá∫üá∏üá∫üá∏ https://t.co/7tdaIXPKx0
mlairBrantd,RT @NadelParis: Finger waggin' PinocchioCommunist needs2go #ImWithHer #millennialsforhillary #NewYorkPrimary https://t.co/6lveV70TZ3 https:‚Ä¶
Mariatweets3,RT @Chad_59: MT @andersonDrLJA: #IChooseCruz For Many Great Reasons. Here Are Only a Few! https://t.co/m6XsPAwcIk #CruzCrew #PJNET
renokenopam,"RT @realDonaldTrump: ""@jlopez05391: @realDonaldTrump Rochester loves you! See you tomorrow! #MakeAmericaGreatAgain #Trump2016 #TrumpTrain""‚Ä¶"
noopdoggy,"ALL voters that have already voted 4 Trump,CHANGE YOUR VOTING STATUS 2 INDEPENDANT this week,OFFICIAL #RNC_DUMP RT! https://t.co/0bhyNRgXfj"
milinda_morris,"RT @Don_Vito_08: üòçWE LOVE THE #TrumpTrain #Vote üòç Stand Strongüí™üèæ and Together üë´
We got this!! üëä #NewYorkValues #NYPrimary #NeverCruz https:‚Ä¶"
hSandonFowler,RT @NadelParis: Finger waggin' PinocchioCommunist needs2go #ImWithHer #millennialsforhillary #NewYorkPrimary https://t.co/6lveV70TZ3 https:‚Ä¶
jpandoz,RT @HillaryPix: #ImWithHer #FeelTheBern #BernieSanders #HillaryClinton #NewYorkPrimary #BernieOrBust #Hillary2016 #NYPrimary https://t.co/R‚Ä¶
kleegrubaugh,RT @FCMarx68: And Trump helped to elect Cuomo. #DumpTrump  https://t.co/69Plcw6QVq
teamamerica2016,"RT @ConservaCyborg: Today's delegate total:

Cruz 39; Trump 2; Kasich 2; uncommitted 3.

#CruzCrew
#ChooseCruz
#UniteWithCruz
. https://t.c‚Ä¶"
clsamuels99,"#MakeAmericaGreatAgain 
#Trump2016 
#VoteforTrump 
#WomanforTrump 
#Women4Trump 
#Trump4President 
#Trumptrain 
 https://t.co/ph4GXnWS5y"
coke_usa,RT @DayJojo771980: #EndCyBernBullying #ImWithHer #DonateToHillary #HillarySoQualified #HillaryStrong #WyomingCaucus  #ReleaseTheReturns htt‚Ä¶
Candi151,"RT @fawfulfan: No, Bernie Sanders was not right about the Panama free trade agreement. Hillary Clinton was. #ImWithHer https://t.co/WSDmS23‚Ä¶"
FedUpPolitics,#FireSchultz #FeelTheBern #ImWithHer  Behind Wasserman Schultz's marijuana feud  https://t.co/n2LhBfx9ML
DanMartin_cards,RT @Able_49: MT @DanMartin_cards: There's Only One RIGHT Choice For POTUS VOTE #TEDCRUZ. #ChooseCruz https://t.co/sG1GZIJTrk #CruzCrew #PJN‚Ä¶
FrenchForTrump,"RT @realDonaldTrump: ""@governor_savage: @realDonaldTrump is the only person who can save us from this corrupt political mess. #MakeAmericaG‚Ä¶"
breskebernadine,Our https://t.co/hELwJ1nuVF
ChefLomonaoc,RT @NadelParis: Finger waggin' PinocchioCommunist needs2go #ImWithHer #millennialsforhillary #NewYorkPrimary https://t.co/6lveV70TZ3 https:‚Ä¶
AlasandraATCAD,"RT @BritishBerner: #ImWithHer, and by her I mean @JaneOSanders, of course! #ImWithJane #JaneForFLOTUS #Bernie2016 
üíõüíôüíúüíö‚ù§ https://t.co/5rMhy‚Ä¶"
TNople,RT @Earl_59: MT @TeriGRight: Why does #TedCruz fight? This election is about the NEXT Generation! #TCOT https://t.co/Cf4iL7mMSn #CruzCrew #‚Ä¶
DanMartin_cards,RT @AmberForAmerica: MT @DanMartin_cards: There's Only One RIGHT Choice For POTUS VOTE #TEDCRUZ. #ChooseCruz https://t.co/FT81yZTLIf #CruzC‚Ä¶
T_FisherKing,RT @DPRINCECFRN: New York Democratic Polls 2016: Clinton‚Äôs Lead Grows ‚Äì https://t.co/0nEutxguXB #justsaying #ImWithHer  https://t.co/4KNAQa‚Ä¶
MercysFight,#NewYorkValues ----&gt; #NeverTrump  NO to #Trump2016 #MakeAmericagreatagain #MAGA by NOT voting Trump! https://t.co/cVI7s74bsv
AlasandraATCAD,"Retweeted Steve (@BritishBerner):

#ImWithHer, and by her I mean @JaneOSanders, of course! #ImWithJane... https://t.co/S5iu4MgVEP"
rthompson9135,RT @NadelParis: Finger waggin' PinocchioCommunist needs2go #ImWithHer #millennialsforhillary #NewYorkPrimary https://t.co/6lveV70TZ3 https:‚Ä¶
nobamanoway,"Cruz has been getting hand fed by the eGOP.
Jeb, Mitt, Lindsay, Ryan
Who u kidding?
What Tea Party? That ship sailed https://t.co/Z3WxUAMccX"
MariaYes2trump,@Csinaco Welcome! #TrumpTrain #Trump2016 Together we can #MAGA
Nayasstn,RT @NadelParis: Finger waggin' PinocchioCommunist needs2go #ImWithHer #millennialsforhillary #NewYorkPrimary https://t.co/6lveV70TZ3 https:‚Ä¶
55andwhat,"RT @DPRINCECFRN: She's been with us, so #ImWithHer #NYPrimary #MadamPresident #salute  https://t.co/sgmKTSbyoH"
DanMartin_cards,RT @CliffWilkin: MT @DanMartin_cards: There's Only One RIGHT Choice For POTUS VOTE #TEDCRUZ. #ChooseCruz https://t.co/yEPqihvokf #CruzCrew‚Ä¶
Manni_syd,RT @KazmierskiR: @vivelafra @realDonaldTrump #WisconsinPrimary  #LoseCruz  #Trump2016  #TrumpTrain  #UnitedWeStand  #MakeItHappen  #MakeAme‚Ä¶
coke_usa,RT @DayJojo771980: #EndCyBernBullying #ImWithHer #DonateToHillary #HillarySoQualified #HillaryStrong #WyomingCaucus  #ReleaseTheReturns htt‚Ä¶
WoolardLynda,"RT @ScottBLG: *New York Values*
@ChuckNellis #CruzCrew #Cruz #tcot #pjnet #ChooseCruz @TedCruz @GlennBeck #NYPrimary #ccot https://t.co/MCG‚Ä¶"
izeondesing,RT @NadelParis: Finger waggin' PinocchioCommunist needs2go #ImWithHer #millennialsforhillary #NewYorkPrimary https://t.co/6lveV70TZ3 https:‚Ä¶
BanditGolf,RT @LindaRoyer1: Good morning #Colorado!!! Thank you for making your state #CruzCountry. #CruzCrew
jason2006,"RT @LindaSuhler: üí•RALLY TOMORROW
üéâDonald Trump Albany NYüéâ
‚úîÔ∏è VOTE #Trump2016 #NY
7 PM EDT 4/11
#NYValues
#NYPrimary
#TrumpTrainüöÇüá∫üá∏üá∫üá∏
https:‚Ä¶"
heardbarry,"RT @Europe4Sanders: Hi #ImWithHer -it's never too late to change your life- join the revolution! #BridgeToBernie https://t.co/v9fW9gtUJi
ht‚Ä¶"
55andwhat,RT @vooda1: ANOTHER HILLARY ENDORSEMENT #ImWithHer #Vote4Hillary #HillarySoQualified https://t.co/U4GjNdR1l5
DanMartin_cards,RT @LifeLibHappy: MT @DanMartin_cards: There's Only One RIGHT Choice For POTUS VOTE #TEDCRUZ. #ChooseCruz https://t.co/2eE9zcZ8Pz #CruzCrew‚Ä¶
kleegrubaugh,RT @CruzWin2016: #nyprimary #choosecruz #cruzcrew #nevertrump #unitewithcruz #dumptrump https://t.co/Q1EiXla8z0
azcreativecnade,RT @NadelParis: Finger waggin' PinocchioCommunist needs2go #ImWithHer #millennialsforhillary #NewYorkPrimary https://t.co/6lveV70TZ3 https:‚Ä¶
slipcases,#Bernbot with sock account tries to lecture Hillary Clinton. Forgets the irony. https://t.co/GkBfPtZ80J
karen_lamoure,"RT @TrumpNewMedia: @realDonaldTrump NOTHING WILL CHANGE WITHOUT #TRUMP &amp; THAT IS A FACT #RISEUPAMERICA &amp; #VOTETRUMP
#VoteTrump
#tcot https:‚Ä¶"
KonzieK2,RT @benfergusonshow: Fun morning talking presidential election w @TeamTedCruz @tedcruz at election HQ #cruzcrew #TEDCRUZ2016 https://t.co/H‚Ä¶
ronungerjr,RT @CliffWilkin: MT @FranklinMan25: Ted Cruz calls the enemy by name! and  will utterly destroy ISIS! https://t.co/NYZn5IH8Ls #CruzCrew #PJ‚Ä¶
DanMartin_cards,RT @sunbeltgirl: MT @DanMartin_cards: There's Only One RIGHT Choice For POTUS VOTE #TEDCRUZ. #ChooseCruz https://t.co/tcJzC43kMU #CruzCrew‚Ä¶
ajkefullre,RT @NadelParis: Finger waggin' PinocchioCommunist needs2go #ImWithHer #millennialsforhillary #NewYorkPrimary https://t.co/6lveV70TZ3 https:‚Ä¶
davlyn2032,"RT @starknightz: ""TONIGHT - @realDonaldTrump 
talks to @JudgeJeanine on ""Justice."" 
#Trump2016
#TrumpTrain https://t.co/JvwTceT2Oa"
realitycoach99,I can't listen to @tedcruz speak. He sounds like a little nerdy douchebag #MakeAmericaGreatAgain
CruzWin2016,DT/Kasich team up? Still this Kasich's in to win? Still think he's a conservative? Wake up. #choosecruz #nevertrump https://t.co/iqRjE5NPHU
Probonafied,RT @NadelParis: Finger waggin' PinocchioCommunist needs2go #ImWithHer #millennialsforhillary #NewYorkPrimary https://t.co/6lveV70TZ3 https:‚Ä¶
rtoberl,"RT @Sanjay25_: Trump will win NY handedly. LyinTed is so despised here in NY he'll be lucky to comes close to 20% 
#CruzSexScandal https://‚Ä¶"
amrightnow,"""The Real Trump"" Make Video #1 (Trump About You) https://t.co/j58e8aacrE #MakeAmericaGreatAgain #1A https://t.co/uRtbYE9bYR"
Danno_a_Jyd,"How many republicans cheered for Obama @bowtrip76? We know you did... @CalMur2 @megancarpentier
#NeverTrump #LIAR
https://t.co/UDVt2eOccJ"
MariaYes2trump,@Rock4Trump Welcome! #TrumpTrain #Trump2016 Together we can #MAGA
male75081,"#NYPrimary #PA #DE #MD #roc
#trump flag broke rule same as sucker punch!
#nevertrump Lawlessness
#voteCruz Ordered https://t.co/sFXKbScbOr"
FoxPatriotX,RT @Benelliot3: When is the school going to have an event so Christian students can share their faith &amp; convert the heathens?  #tcot https:‚Ä¶
ruth_elissa,"RT @LindaSuhler: üí•RALLY TOMORROW
üéâDonald Trump Albany NYüéâ
‚úîÔ∏è VOTE #Trump2016 #NY
7 PM EDT 4/11
#NYValues
#NYPrimary
#TrumpTrainüöÇüá∫üá∏üá∫üá∏
https:‚Ä¶"
Latinas4Hillz,"RT @regwag2003: ""Unlikable &amp; untrustworthy"" = code for ""She's a woman who's asking for a promotion"" https://t.co/eW2yUr1Qdg"
jennife67536009,"RT @LindaSuhler: üí•RALLY TODAY!
üéâDonald Trump Rochester NYüéâ
‚úîÔ∏è VOTE #Trump2016 #NY
3 PM EDT
#NYPrimary
#NYValues
#TrumpTrainüöÇüá∫üá∏üá∫üá∏
https://t.‚Ä¶"
MercysFight,#NewYorkValues ----&gt; #NeverTrump  NO to #Trump2016 #MakeAmericagreatagain #MAGA by NOT voting Trump! https://t.co/twgPV8dB0X
55andwhat,RT @artist4ever: Headed your way NY! We know you're in Hillary's corner #ImWithHer #ShesWithUs #NYPrimary #NoMoreBS https://t.co/ynReo6IZBL
sunbeltgirl,MT @DrSueDVM: I #ChooseCruz bc he has a proven record of defending the Constitution. #tcot #ccot https://t.co/wmGzWAifQz #CruzCrew #PJNET
SessionsTroy,"RT @JHowieJr: Trump wants to run US Govt, but can't figure out how delegate selection process works?
Incompetent boob.
#NeverTrump https://‚Ä¶"
webby1000,RT @tedcruz: Thank you Colorado for another resounding victory! https://t.co/PXWWcifJKK #ChooseCruz #CruzCrew https://t.co/zhMVq5QpeH
ruth_elissa,"RT @LindaSuhler: üí•RALLY TODAY!
üéâDonald Trump Rochester NYüéâ
‚úîÔ∏è VOTE #Trump2016 #NY
3 PM EDT
#NYPrimary
#NYValues
#TrumpTrainüöÇüá∫üá∏üá∫üá∏
https://t.‚Ä¶"
GiddinghoJsn,RT @NadelParis: Finger waggin' PinocchioCommunist needs2go #ImWithHer #millennialsforhillary #NewYorkPrimary https://t.co/6lveV70TZ3 https:‚Ä¶
DanMartin_cards,RT @TNople: MT @DanMartin_cards: There's Only One RIGHT Choice For POTUS VOTE #TEDCRUZ. #ChooseCruz https://t.co/kxUs3Bwiid #CruzCrew #PJNE‚Ä¶
ElectShanlele,RT @NadelParis: Finger waggin' PinocchioCommunist needs2go #ImWithHer #millennialsforhillary #NewYorkPrimary https://t.co/6lveV70TZ3 https:‚Ä¶
RNcat50,RT @queengost: Yes they do! Trump will enforce our border laws! #WakeUpAmerica #MakeAmericaGreatAgain #Trump  https://t.co/w3I03Ha598
khaft007,"RT @DanWantsFreedom: . @tedcruz has #CruzMentum
1.1 billion Twitter hits for #CruzCrew  in online rally, setting records https://t.co/zRykw‚Ä¶"
mrbacombits,RT @Bernie_Facts: Hillary Clinton Booed By New York Teachers For Praising Cuomo https://t.co/dwmNLsyFes #WYCaucus #ImWithHer #FeelTheBern #‚Ä¶
cindyboyenga,"RT @Midwood49: #TrumpTrain #Vote trump
There are young men and women your age fighting Isis to keep your wimpy ass safe. Shame on U https:/‚Ä¶"
ggeett37aaa,MT @0boy: Brent Bozell III on Ted Cruz. #Cruz2016 #TCOT https://t.co/ga2sflkrSa #CruzCrew #PJNET
andieiamwhoiam,There are myriad taxes.  Corporations in this country pay the highest effective tax rate on the planet.   https://t.co/N47L9mUlIQ
DanMartin_cards,RT @crosswindlive: MT @DanMartin_cards: There's Only One RIGHT Choice For POTUS VOTE #TEDCRUZ. #ChooseCruz https://t.co/vT3FjvlLWU #CruzCre‚Ä¶
Lperera28,"RT @TrumpNewMedia: @realDonaldTrump LEAKED: HILLARY/SOROS BEHIND ANTI-TRUMP VIOLENCE! #WATCH: https://t.co/5YnocpV2XU 
#VoteTrump
#tcot htt‚Ä¶"
jkhouselog,Growers getting training on 2020 operations ready for plant#16 https://t.co/IGny38Eq86
gangofme,RT @tedcruz: Thank you Colorado for another resounding victory! https://t.co/PXWWcifJKK #ChooseCruz #CruzCrew https://t.co/zhMVq5QpeH
SecretPlaytils,RT @NadelParis: Finger waggin' PinocchioCommunist needs2go #ImWithHer #millennialsforhillary #NewYorkPrimary https://t.co/6lveV70TZ3 https:‚Ä¶
tsimmo39,"RT @realDonaldTrump: ""@jlopez05391: @realDonaldTrump Rochester loves you! See you tomorrow! #MakeAmericaGreatAgain #Trump2016 #TrumpTrain""‚Ä¶"
DanMartin_cards,RT @cpcllc: MT @DanMartin_cards: There's Only One RIGHT Choice For POTUS VOTE #TEDCRUZ. #ChooseCruz https://t.co/gxB8YLGBm6 #CruzCrew #PJNET
PatriotGinger2,MT @LynnMarki: TED CRUZ is a TRUE Conservative that will fight for your Rights! https://t.co/lsbUXbGMpr #CruzCrew #PJNET
helenmag,RT @peterdaou: Absolutely FASCINATING research on @SenWarren being seen as unlikable and untrustworthy in MA race: https://t.co/KFYEnQJgNi‚Ä¶
tdaviegobls,RT @NadelParis: Finger waggin' PinocchioCommunist needs2go #ImWithHer #millennialsforhillary #NewYorkPrimary https://t.co/6lveV70TZ3 https:‚Ä¶
SquattingDog55,"ALL voters that have already voted 4 Trump,CHANGE YOUR VOTING STATUS 2 INDEPENDANT this week,OFFICIAL #RNC_DUMP RT! https://t.co/vfVwWoMfWZ"
LizardTrump,"RT @Socialist_Times: Stop shaming women who support Bernie into voting for Clinton https://t.co/FNym35huFt
#Women4Bernie #ImWithHer #P2 htt‚Ä¶"
ManUnwavering,RT @LuvRedWhiteBlue: #nevertrump #ChooseCruz #UniteWithCruz #CruzCrew üá∫üá∏üá∫üá∏ https://t.co/7tdaIXPKx0
FPOnTheDL,"@MurphTWN @NicoleKarkic @KMacTWN @cstclair1 This is  hard packed, iced snow (it rained quite a few times) https://t.co/9N9pvENfrj"
princesspaslie,"RT @Don_Vito_08: üòç WE LOVE THE #TrumpTrain üòç
Stand Strongüí™ &amp; Together üë´
We got this üëä #NeverCruz  @realDonaldTrump @governor_savage https:/‚Ä¶"
amzcon,Remember the 2012 Democrats convention . God couldn't be included in their platform. https://t.co/xApgX7OPns
DanMartin_cards,RT @nanajill211: MT @DanMartin_cards: There's Only One RIGHT Choice For POTUS VOTE #TEDCRUZ. #ChooseCruz https://t.co/ciyCISe1zL #CruzCrew‚Ä¶
hunkaberninlove,RT @rosariodawson: Here tis: https://t.co/wn6A7BAn2I #ItsARevolution @DemocracyNow #AmyGoodman #BernieSanders #BronxRally #NotMeUs https://‚Ä¶
MattSheldon,@mks_mvp  Watch this! https://t.co/Wmc9otqLe7 #NotMeUs #Bernie2016 #FeelTheBern #BernieSanders #BernieStrong #BernieInHarlem #SenatorSanders
RebeccaFaussett,"RT @LindaSuhler: üí•RALLY TODAY!
üéâDonald Trump Rochester NYüéâ
‚úîÔ∏è VOTE #Trump2016 #NY
3 PM EDT
#NYPrimary
#NYValues
#TrumpTrainüöÇüá∫üá∏üá∫üá∏
https://t.‚Ä¶"
MariaYes2trump,@Mike07698328 Welcome! #TrumpTrain #Trump2016 Together we can #MAGA
AlDeSln,RT @NadelParis: Finger waggin' PinocchioCommunist needs2go #ImWithHer #millennialsforhillary #NewYorkPrimary https://t.co/6lveV70TZ3 https:‚Ä¶
CliffWilkin,MT @LynnMarki: TED CRUZ is a TRUE Conservative that will fight for your Rights! https://t.co/nseKYRVPRF #CruzCrew #PJNET
lmchristi1,WAKE UP #CruzCrew #Kasich4Us U NEDD TO WATCH AND UNDERSTAND THIS‚ÄºÔ∏è This country needs #Trump‚ÄºÔ∏è #TrumpForChangeüá∫üá∏üá∫üá∏ https://t.co/RZkSfH8NWZ
55andwhat,"RT @LindseyTWood: Gearing up for #HRC: ""She's the best person to be President. We tried all the men, let's try a woman!"" #ImWithHer https:/‚Ä¶"
breskebernadine,Sunrise https://t.co/jwY9CpsIxh
raftersranch17,RT @AJM9588: Trump is a demoncrat. #NYPrimary #NeverTrump #ChooseCruz  https://t.co/Apl3lCb89z
DanMartin_cards,RT @cantontweet: MT @DanMartin_cards: There's Only One RIGHT Choice For POTUS VOTE #TEDCRUZ. #ChooseCruz https://t.co/AsZC637XNF #CruzCrew‚Ä¶
4endseuee,RT @NadelParis: Finger waggin' PinocchioCommunist needs2go #ImWithHer #millennialsforhillary #NewYorkPrimary https://t.co/6lveV70TZ3 https:‚Ä¶
mchristensen61,RT @The_Trump_Train: RETWEET if you think Donald Trump will be the hardest working president in history! #MakeAmericaGreatAgain https://t.c‚Ä¶
GreenAmbition,"RT @John_D_Blackman: Question for #ImWithHer. Do you think she will put her heart into #MoneyInPolitics, slowing military, mass incarcerati‚Ä¶"
jrwade1955,RT @vivelafra: America's next president.  A true man of the people.  Not a moment too soon. #VoteTrump #Trump2016 https://t.co/q6tzwTfiEB
gikavchuk92,RT @NadelParis: Finger waggin' PinocchioCommunist needs2go #ImWithHer #millennialsforhillary #NewYorkPrimary https://t.co/6lveV70TZ3 https:‚Ä¶
NattySrith,RT @NadelParis: Finger waggin' PinocchioCommunist needs2go #ImWithHer #millennialsforhillary #NewYorkPrimary https://t.co/6lveV70TZ3 https:‚Ä¶
drzevetchin,"RT @NMarco331: I second this pledge @reince , @GOP
But, I've been warning you for weeks now.

#AlwaysTrump #VoteTrump #BurnTheGOP https://t‚Ä¶"
wraithburn,"RT @realDonaldTrump: ""@governor_savage: @realDonaldTrump is the only person who can save us from this corrupt political mess. #MakeAmericaG‚Ä¶"
Roberta1836,"RT @damonbethea1: Hillary Clinton never called Bernie Sanders unqualified. In fact, she refused to. https://t.co/Y7IymZ5I2T via @TheWeek #I‚Ä¶"
ravindrarathod2,"RT @realDonaldTrump: ""@Genie115: #MakeAmericaGreatAgain we can only do that with @realDonaldTrump RT https://t.co/RViAgxoa4t"""
Minuteman_1756,RT @cpcllc: MT @DanMartin_cards: There's Only One RIGHT Choice For POTUS VOTE #TEDCRUZ. #ChooseCruz https://t.co/gxB8YLGBm6 #CruzCrew #PJNET
RebeccaFaussett,"RT @LindaSuhler: üí•RALLY TOMORROW
üéâDonald Trump Albany NYüéâ
‚úîÔ∏è VOTE #Trump2016 #NY
7 PM EDT 4/11
#NYValues
#NYPrimary
#TrumpTrainüöÇüá∫üá∏üá∫üá∏
https:‚Ä¶"
DanMartin_cards,RT @RocNConserChick: MT @DanMartin_cards: There's Only One RIGHT Choice For POTUS VOTE #TEDCRUZ. #ChooseCruz https://t.co/POXRIuhoGI #CruzC‚Ä¶
GlennSilva76,RT @Able_49: MT @CliffWilkin: PROTECTING THE SECOND AMENDMENT RIGHTS OF AMERICANS. #UniteWithCruz https://t.co/KYMornea1x #CruzCrew #PJNET
theresahannah4,"RT @1more4_Trump: Oh, yes...and that would be like ALL the lyin' media! #TrumpTrain  #Trump2016 https://t.co/HlxU3Ep8O3"
whcarmichael,"Bring some #Grace back to the White House, support https://t.co/u6nKKIjEkm  https://t.co/cuDMwaAibz"
otcstscok,RT @NadelParis: Finger waggin' PinocchioCommunist needs2go #ImWithHer #millennialsforhillary #NewYorkPrimary https://t.co/6lveV70TZ3 https:‚Ä¶
skyoversc,#BernieOrBust https://t.co/kxeH1Fkr0n
FPOnTheDL,@demifeatarixna Idk? Has it?
tonyvaughan,"""If I could melt your heart"" - Madonna, Frozen https://t.co/K1ImxUTrl1"
LeChatNoire4,RT @dnahealthnut: #ImWithHer  https://t.co/q1Sqwh0TlV
jimmyrusslles,"RT @realDonaldTrump: ""@jlopez05391: @realDonaldTrump Rochester loves you! See you tomorrow! #MakeAmericaGreatAgain #Trump2016 #TrumpTrain""‚Ä¶"
Spessmen,@realDonaldTrump #Pennsylvania for #Trump . #MakeAmericaGreatAgain https://t.co/aorubNF9Js
drzevetchin,"RT @InnerDonald: ADD ME TO YOUR EFFORT, CARMINE
#Trump2016 #NYPrimary @FoxNews
#ALWAYSTRUMP #MAGA #DTNews
#TRUMPTRAIN #TRUMP @REINCE https:‚Ä¶"
CampOfSaints1,"RT @JudgeMoroz: Behold the real #CruzCrew ...

And @tedcruz will do &amp; say whatever it takes to please his donors. https://t.co/GB0lVuckmT"
happicook,RT @sunbeltgirl: MT @TerresaHobbs: New York values? Show us the NYC libs don't run the whole state! #ChooseCruz https://t.co/nQDWi4vdI1 #Cr‚Ä¶
JigB,"RT @realDonaldTrump: ""@governor_savage: @realDonaldTrump is the only person who can save us from this corrupt political mess. #MakeAmericaG‚Ä¶"
DanMartin_cards,RT @PatriotGinger: MT @DanMartin_cards: There's Only One RIGHT Choice For POTUS VOTE #TEDCRUZ. #ChooseCruz https://t.co/BBLxd9Iuit #CruzCre‚Ä¶
TweetsOnThat,We're losing our country people. #DumptheEstablishment &amp; #MAGA #Trump2016 #TrumpTrain #AlwaysTrump  https://t.co/2SpaSnKkpb
smileyt22,Sanders Is Even Less Competitive Than He Appears https://t.co/1pfGhVCH9i #HillarySoQualified #FeelTheBern #ReleaseTheReturns #ImWithHer
FrankieFusco,G.O.P. WE are warning you! https://t.co/XzhFB45eZy  #MakeAmericaGreatAgain #Trump2016 #TrumpTrain #MAGA #CruzSexScandal #LyinTed
wayoffaxis,"RT @realDonaldTrump: ""@governor_savage: @realDonaldTrump is the only person who can save us from this corrupt political mess. #MakeAmericaG‚Ä¶"
55andwhat,"RT @Hillary4Florida: U.S. Senator Kirsten Gillibrand on endorsing Hillary Clinton:

üòçüá∫üá∏#ImWithHer #HillYes #NYPrimary #WYCaucus #Florida ht‚Ä¶"
anthony5505,"RT @realDonaldTrump: ""@jlopez05391: @realDonaldTrump Rochester loves you! See you tomorrow! #MakeAmericaGreatAgain #Trump2016 #TrumpTrain""‚Ä¶"
Richard01702798,RT @Benelliot3: When is the school going to have an event so Christian students can share their faith &amp; convert the heathens?  #tcot https:‚Ä¶
TomJEstes,RT @tedcruz: Thank you Colorado for another resounding victory! https://t.co/PXWWcifJKK #ChooseCruz #CruzCrew https://t.co/zhMVq5QpeH
UndividedFilm,RT @Libertea2012: MT I'm With These Guys...#BernieAtTheApollo #HarryBelafonte #NYForBernie https://t.co/Y3wJV7aLTQ: I'm‚Ä¶ #BernieStrong http‚Ä¶
DanMartin_cards,RT @Network_Citizen: MT @DanMartin_cards: There's Only One RIGHT Choice For POTUS VOTE #TEDCRUZ. #ChooseCruz https://t.co/QwhTKyQQ12 #CruzC‚Ä¶
coriandertbsie,RT @NadelParis: Finger waggin' PinocchioCommunist needs2go #ImWithHer #millennialsforhillary #NewYorkPrimary https://t.co/6lveV70TZ3 https:‚Ä¶
maxlydic,#TrumpTrain 6 hrs and 39 mins to the Rally Rochester NY 3 PM EDT 4-10-16 https://t.co/dlpofoD9IS https://t.co/uSOdptah4u
TeamPlayGammng,RT @NadelParis: Finger waggin' PinocchioCommunist needs2go #ImWithHer #millennialsforhillary #NewYorkPrimary https://t.co/6lveV70TZ3 https:‚Ä¶
FrenchForTrump,"RT @realDonaldTrump: ""@jlopez05391: @realDonaldTrump Rochester loves you! See you tomorrow! #MakeAmericaGreatAgain #Trump2016 #TrumpTrain""‚Ä¶"
MariaYes2trump,@jason4trump Welcome! #TrumpTrain #Trump2016 Together we can #MAGA
WhytePantherRN,#WhytePanther #BernieOrBUST *VIDEO* (@BernieSanders #FeelTheBern) https://t.co/4Jz8JYjchI https://t.co/v3kEScfIBj
antonio5591,"And just as importantly,Amal knows! She is on the front lines day in, day out. https://t.co/vWPNGnWgC0"
HowardIRubin,RT @Libertea2012: MT Amen!: Amen! https://t.co/R8pJr13CBx #BernieStrong https://t.co/OxeCbgFnfM
Josh_DFWPulse,Too curious is it Hunter Henry by a mile? #dynastytrades #FantasyFootball #NFLDraft @BillLatin @Speedkills_DFW
jessied44,RT @dnahealthnut: #ImWithHer  https://t.co/q1Sqwh0TlV
caf514,RT @EricTrump: #CharlieDog wants to #MakeAmericaGreatAgain #TrumpPets #TrumpDog https://t.co/BjcAXlR91H
johngaltfla,RT @CruzinAhead: @TedCruz: A Man with a Mission to Save America!!! Join Us on Our Mission: https://t.co/MeyX4TacSh. #CruzCrew #PJNET https:‚Ä¶
SylviaHandwerg4,"RT @Campaign_Trump: ""TONIGHT - @realDonaldTrump talks to @JudgeJeanine on ""Justice."" @realDonaldTrump #MakeAmericaGreatAgain https://t.co/A‚Ä¶"
FranklinAutoSpa,RT @The_Trump_Train: RETWEET if you think Donald Trump will be the hardest working president in history! #MakeAmericaGreatAgain https://t.c‚Ä¶
teamamerica2016,"RT @bloodless_coup: #CruzCrew has the delegate wrangling operation Trump says he's capable of having but doesn't. The ""talker"" is ""doing"" w‚Ä¶"
ggbootsrock,RT @realTrump4POTUS: @ggbootsrock I will definitely be in Cleveland and it was a great idea to setup a group. #TrumpTrain to Cleveland #Sto‚Ä¶
lucysigal,RT @NadelParis: Finger waggin' PinocchioCommunist needs2go #ImWithHer #millennialsforhillary #NewYorkPrimary https://t.co/6lveV70TZ3 https:‚Ä¶
MariaYes2trump,@trumpaboard Welcome! #TrumpTrain #Trump2016 Together we can #MAGA
evetssh,"RT @LindaSuhler: üí•RALLY TOMORROW
üéâDonald Trump Albany NYüéâ
‚úîÔ∏è VOTE #Trump2016 #NY
7 PM EDT 4/11
#NYValues
#NYPrimary
#TrumpTrainüöÇüá∫üá∏üá∫üá∏
https:‚Ä¶"
peachesgirli23,"RT @SandraHartle: üîπ #Trump
üîπ #MAGA
üîπ #Women4Trump
üîπ #NYValues
üîπ #NYPrimary
üîπ #CruzCrew
üîπ #NeverCruz
üîπ #stayonbudget
üîπ #BigHeart
üîπ #PA https‚Ä¶"
DanMartin_cards,"RT @jstines3Paints: Preserve 2A rights! Vote SECURITY, LIBERTY, JOBS! Vote #Cruz!

#ChooseCruz #UniteWithCruz #CruzCrew #PJNET 

https://t.‚Ä¶"
tgben43,#StillSanders #ForThePeople #FeelTheBern  https://t.co/9ftYCjsigV
JanAustin13,"RT @realDonaldTrump: ""@governor_savage: @realDonaldTrump is the only person who can save us from this corrupt political mess. #MakeAmericaG‚Ä¶"
DanMartin_cards,RT @PatriotJewel: MT @DanMartin_cards: There's Only One RIGHT Choice For POTUS VOTE #TEDCRUZ. #ChooseCruz https://t.co/YSCuf4jsB8 #CruzCrew‚Ä¶
TrueEO,"RT @STRONG_OPED: WHO IS BEHIND PAUL RYAN  AND WHY??

#TRUMP TO #MakeAmericaGreatAgain https://t.co/OY7lqc6h7D"
55andwhat,RT @mmmMeggie: Hillary in action re raising minimum wage #HillarySoQualifed #HillarySoProgressive #ImWithHer  https://t.co/iybkvGj7rX
DonaldMielke,LoL https://t.co/MGTbB2R3VG
MariaYes2trump,@SarahWillerup Welcome! #TrumpTrain #Trump2016 Together we can #MAGA
FPOnTheDL,I still have this much snow in my yard... #WhereTheHellisSpring?! https://t.co/LTwqQyZUOC
celiabonavita,#NewYorkValues #NewYorkPrimary #NewYork #BernieSanders CANT WONT &amp; doesn't want to win w/o ALL of us being democracy https://t.co/LZaLOH1Lzy
DanMartin_cards,RT @kvmidd85: #UniteWithCruz #ChooseCruz 4 #PresidentCruz #CruzCrew #LionTed @tedcruz #TeamHeidi #PJNET https://t.co/KLgGp1kYyB
ReaganDem4Trump,"RT @InnerDonald: ADD ME TO YOUR EFFORT, CARMINE
#Trump2016 #NYPrimary @FoxNews
#ALWAYSTRUMP #MAGA #DTNews
#TRUMPTRAIN #TRUMP @REINCE https:‚Ä¶"
davjzgado,RT @NadelParis: Finger waggin' PinocchioCommunist needs2go #ImWithHer #millennialsforhillary #NewYorkPrimary https://t.co/6lveV70TZ3 https:‚Ä¶
6grade56,RT @dnahealthnut: #ImWithHer  https://t.co/q1Sqwh0TlV
DanMartin_cards,"RT @dansch2002: MT @_CFJ_:  31 months BEFORE announcing running for4 President, Trump STOOD WITH DREAMers. https://t.co/aFHRrHr7YA #CruzCre‚Ä¶"
StarryKnight47,RT @maxlydic: #TrumpTrain 6 hrs and 39 mins to the Rally Rochester NY 3 PM EDT 4-10-16 https://t.co/dlpofoD9IS https://t.co/uSOdptah4u
jonholl48adn,RT @NadelParis: Finger waggin' PinocchioCommunist needs2go #ImWithHer #millennialsforhillary #NewYorkPrimary https://t.co/6lveV70TZ3 https:‚Ä¶
Ashley_Jaanee,RT @NadelParis: Finger waggin' PinocchioCommunist needs2go #ImWithHer #millennialsforhillary #NewYorkPrimary https://t.co/6lveV70TZ3 https:‚Ä¶
drzevetchin,"RT @HardcoreRep: So this happened. @cologop #cogop2016 ""They did it"" Now claiming they were hacked! Please, tell us more. #TrumpTrain https‚Ä¶"
jimmyrusslles,"RT @realDonaldTrump: ""@governor_savage: @realDonaldTrump is the only person who can save us from this corrupt political mess. #MakeAmericaG‚Ä¶"
clairefinn54,RT @gerfingerpoken: Nobody's Stealing the Election from #NeverTrump - American Thinker -  https://t.co/bC9OwCSctz   https://t.co/PJm7hGCwqL‚Ä¶
breezer2015,You know it's time to go to bed when you bust Lyssa's bamboo chair and drop her phone in wine https://t.co/FhhlpyZ2Y7
DanMartin_cards,RT @La_Jaconde_1506: MT @PatriotJewel: Thank God we finally have a constitutional conservative running! #UniteWithTed https://t.co/HEON09aQ‚Ä¶
philg1127,"RT @DonJTrump4Pres: This article does a great job explaining what she has done wrong, with sources!

#TrumpTrain
https://t.co/TNMg8nh1fx ht‚Ä¶"
rivkin_suzanne,"RT @immigrant4trump: Latinos For Donald Trump 2016 ""Go Out &amp; #VoteTrump"" #LatinosForTrump #Hispanics4Trump #Trump2016 #NYPrimary
https://t.‚Ä¶"
radio_tom,LOVE 'YA T...keeping doin' you!! https://t.co/UJCRBj2pTF
hv7hdpnblw,RT @NadelParis: Finger waggin' PinocchioCommunist needs2go #ImWithHer #millennialsforhillary #NewYorkPrimary https://t.co/6lveV70TZ3 https:‚Ä¶
MariaYes2trump,@fplumber_frank Welcome! #TrumpTrain #Trump2016 Together we can #MAGA
NotAnAntiSemite,RT @kincannon_show: Most of these Cruz positions are brand new. Trump has held all of them the entire time. https://t.co/ICcs9GKPKl
DanMartin_cards,RT @kvmidd85: #UniteWithCruz #ChooseCruz 4 #PresidentCruz #CruzCrew #LionTed @tedcruz #TeamHeidi #PJNET https://t.co/ox4LtkcRCK
SoBlu224,"RT @LifeLibHappy: MT @jphilman0206: It's always darkest before dawn. Don't Stand Down, STAND UP! #ChooseCruz &amp; we win... https://t.co/oXG14‚Ä¶"
er2u0o,RT @NadelParis: Finger waggin' PinocchioCommunist needs2go #ImWithHer #millennialsforhillary #NewYorkPrimary https://t.co/6lveV70TZ3 https:‚Ä¶
kenlweb36,"RT @trump_world: ""My superpac? The american people!""
@realDonaldTrump¬†
GO TRUMP!
WE GOT YOUR BACK!
#MakeAmericaGreatAgain
#Trump2016 https:‚Ä¶"
evetssh,"RT @LindaSuhler: üí•RALLY TODAY!
üéâDonald Trump Rochester NYüéâ
‚úîÔ∏è VOTE #Trump2016 #NY
3 PM EDT
#NYPrimary
#NYValues
#TrumpTrainüöÇüá∫üá∏üá∫üá∏
https://t.‚Ä¶"
truckerbeast,"RT @Lrihendry: Jesus out, Mohammad in! Disgusting! Vernon Hills High, IIL https://t.co/YCssamqQsM #Trump2016 #TrumpTrain"
Coondawg68,"RT @proteinwisdom: All you need to debunk smears on Cruz parroted by gibbering Trumpchimps, often in all caps, festooned w angry eagles htt‚Ä¶"
DanMartin_cards,"RT @BikinInMaine: MT @ChuckNellis: Yes y'all, I did get @tedcruz to autograph my Maniacs For Cruz shirt! https://t.co/BrjHJ4Ulw3 #CruzCrew‚Ä¶"
teamamerica2016,"RT @NotMyUSA: If he doesn't get to 1,237, he didn't - win regardless of how many delegates or votes he received https://t.co/1V5fjMrm0b"
theresahannah4,"RT @NMarco331: I second this pledge @reince , @GOP
But, I've been warning you for weeks now.

#AlwaysTrump #VoteTrump #BurnTheGOP https://t‚Ä¶"
BikinInMaine,MT @bcwilliams92: If This Is Your List Then Ted Cruz Is your Guy. https://t.co/AY1HkPEH1W #CruzCrew #PJNET
DanMartin_cards,"RT @PatriotJewel: MT @ChuckNellis: Serious times require a serious candidate, #TedCruz. #SCPrimary https://t.co/1714IvyWkb #CruzCrew #PJNET"
MariaYes2trump,@asdomke Welcome! #TrumpTrain #Trump2016 Together we can #MAGA
ThomasSwords,That moment when you realize things have gotten completely out of hand. #ImWithHer  https://t.co/xxFFCDj6wb
Dave4Libtyer,RT @NadelParis: Finger waggin' PinocchioCommunist needs2go #ImWithHer #millennialsforhillary #NewYorkPrimary https://t.co/6lveV70TZ3 https:‚Ä¶
manuela_carter,"RT @Billright50: WHAT DIFFERENCE DOES IT MAKE!
OBAMA HILLARY JEB MARCO RYAN CRUZ
ONLYTRUMP WILL SHAKE UP DC
#TRUMPTRAIN #YUGE https://t.co/‚Ä¶"
DanMartin_cards,RT @dansch2002: MT @DanMartin_cards: There's Only One RIGHT Choice For POTUS VOTE #TEDCRUZ. #ChooseCruz https://t.co/pdlov9XWcz #CruzCrew #‚Ä¶
RickyRose_,RT @TcDobard: Well.. Wendy's been the move anyway  https://t.co/1TxZaZm80M
BrandonLGubbrs,RT @NadelParis: Finger waggin' PinocchioCommunist needs2go #ImWithHer #millennialsforhillary #NewYorkPrimary https://t.co/6lveV70TZ3 https:‚Ä¶
bchance33,RT‚ÄºÔ∏èThank You BARNEY FRANK‚Äº         Ô∏è #NoMoreBS @BarneyFrank  Thank You‚ÄºÔ∏è #ImWithHer #HillaryClinton2016
6grade56,"Retweeted Roberta Johnson (@dnahealthnut):

#ImWithHer  https://t.co/9qhF54uRAi https://t.co/rjK5r0bzgv"
LiveFreedomOrDi,RT @benfergusonshow: Fun morning talking presidential election w @TeamTedCruz @tedcruz at election HQ #cruzcrew #TEDCRUZ2016 https://t.co/H‚Ä¶
kits54,"RT @WinnaWinna2016: Ultimate con
https://t.co/j9hzNkIIGV https://t.co/dRgyayjVvc"
CyndiJorae,RT @nativekittens: #ChooseCruz #NewYorkPrimary #ConnecticutPrimary #PennsylvaniaPrimary https://t.co/Todl19lnuw
SoEnlightenMe,"RT @LouDobbs: Fearing Trump, BostonGlobe Lampoons Itself,The Pretend Paper It's Become   #MakeAmericaGreatAgain  #Trump2016 #Dobbs https://‚Ä¶"
MariaYes2trump,@TammySouthwick1 Welcome! #TrumpTrain #Trump2016 Together we can #MAGA
rivkin_suzanne,"RT @David360NC: ‚ÄúTIME 4 ALL TO UNITE‚Äù Behind @realDonaldTrump #MakeAmericaGreatAgain
#NYPrimary #GOP2016 #CAPrimary #NYC #PAPrimary https:/‚Ä¶"
SKisinger,"Will @PaulManafort indicted for HUD #corruption, #lobbyist, #Putin buddy be helping? Not Great, @realDonaldTrump   https://t.co/CysJw0YyoX"
decalarama,Hillary Clinton #ImWithHer GIANT 8ft BANNER SIGN #democrat  #TopProg #FeelTheBern https://t.co/7ZEjykl8HY
sgvkp21,@realDonaldTrump ...IndoAmericans ..pl vote Trump for showing courage to eliminate terrorism. https://t.co/LRA9Sa3JUI
wolfmother16,"RT @Libertea2012: RT: Volunteering, Activism is passed down frm generation to generation. #FeelTheBern @Latinos4Bernie‚Ä¶ #BernieStrong https‚Ä¶"
JONWBRID,RT @paleblueeyes24: Just made this up to use with all the clueless Bernie supporters. #ImWithHer #FeelTheBernOut https://t.co/qaVW3gpKEF
annie5133,"RT @DPRINCECFRN: She's been with us, so #ImWithHer #NYPrimary #MadamPresident #salute  https://t.co/sgmKTSbyoH"
manuela_carter,"RT @RichardWeaving: Thank You Clint Eastwood For Endorsing TRUMP
#MakeAmericaGreatAgain
#VoteTrumpUSA https://t.co/IRCBuhrLHJ"
mgd2278,RT @Benelliot3: When is the school going to have an event so Christian students can share their faith &amp; convert the heathens?  #tcot https:‚Ä¶
Able_49,MT @jphilman0206: He stood for us when the rest betrayed us. #TrusTed #UniteWithCruz https://t.co/1baiRYPrcV #CruzCrew #PJNET
TrumpNewMedia,"@realDonaldTrump https://t.co/ftwwndqS1G  AND #JohnKasich are both funded by George Soros!
#Trump2016
#VoteTrump https://t.co/xJ3CvpS1UJ"
viveisr0,RT @NadelParis: Finger waggin' PinocchioCommunist needs2go #ImWithHer #millennialsforhillary #NewYorkPrimary https://t.co/6lveV70TZ3 https:‚Ä¶
MachPierogi,RT @AliceEngle3: Trump has reached MILLIONS of new voters! His message is for Americans.....He doesn't need the #GOP....they need him https‚Ä¶
lisaparenteau,"RT @Lariotgirl: #HillYes! #ImWithHer 
üíôüíôüíô    ‚ù§Ô∏èüíôüíô
üíôüíôüíô    ‚ù§Ô∏è‚ù§Ô∏èüíô
‚ù§Ô∏è‚ù§Ô∏è‚ù§Ô∏è‚ù§Ô∏è‚ù§Ô∏è‚ù§Ô∏è‚ù§Ô∏è
‚ù§Ô∏è‚ù§Ô∏è‚ù§Ô∏è‚ù§Ô∏è‚ù§Ô∏è‚ù§Ô∏è‚ù§Ô∏è‚ù§Ô∏è
‚ù§Ô∏è‚ù§Ô∏è‚ù§Ô∏è‚ù§Ô∏è‚ù§Ô∏è‚ù§Ô∏è‚ù§Ô∏è
üíôüíôüíô     ‚ù§Ô∏è‚ù§Ô∏èüíô
üíôüíôüíô     ‚ù§Ô∏èüíôüíô
#H‚Ä¶"
przasa1,"RT @realDonaldTrump: ""@governor_savage: @realDonaldTrump is the only person who can save us from this corrupt political mess. #MakeAmericaG‚Ä¶"
55andwhat,RT @LTHProject: .@Carole_King stopped by @HillaryClinton's campaign office in NY and shared why Hillary inspires her: https://t.co/ilACAAr6‚Ä¶
exhxdx,#CruzCrew #CruzCult Your time will come https://t.co/GlbrBCq86t
SusanDuclos,. @realDonaldTrump Chaos At PSU Ensues When Radical Leftist Crybullies Crash Students For Trump Meeting https://t.co/vz5yyGrhEO #TrumpTrain
Trill_ardgE,RT @NadelParis: Finger waggin' PinocchioCommunist needs2go #ImWithHer #millennialsforhillary #NewYorkPrimary https://t.co/6lveV70TZ3 https:‚Ä¶
John_Sides_33,One of ah kind.
clayerobnsnoi,RT @NadelParis: Finger waggin' PinocchioCommunist needs2go #ImWithHer #millennialsforhillary #NewYorkPrimary https://t.co/6lveV70TZ3 https:‚Ä¶
Agent_741370,"RT @realDonaldTrump: ""@governor_savage: @realDonaldTrump is the only person who can save us from this corrupt political mess. #MakeAmericaG‚Ä¶"
hs4trump,@cologop  we are not fools! victory dance on twitter AFTER you stole delegates from Trump? @slone @kotcha301   https://t.co/XliBvgY7fT
clsamuels99,"#MakeAmericaGreatAgain 
#Trump2016 
#VoteforTrump 
#WomanforTrump 
#Women4Trump 
#Trump4President 
#Trumptrain 
 https://t.co/329PjFAfKW"
nativekittens,#ChooseCruz #NewYorkPrimary #PennsylvaniaPrimary #ConneticutPrimary #IndianaPrimary #MarylandPrimary https://t.co/g3NQ5fKnqx
ajayleedsleo,"RT @realDonaldTrump: ""@governor_savage: @realDonaldTrump is the only person who can save us from this corrupt political mess. #MakeAmericaG‚Ä¶"
Danno_a_Jyd,"Republicans don't vote for liberals @bowtrip76
 @CalMur2 @megancarpentier
#MakeAmericaGreatAgain
#TrusTed #CruzCrew
https://t.co/YqjYHdNUJH"
BrammerE,"RT @CliffWilkin: MT @jphilman0206: We need a POTUS to Unite us behind American Values, Constitution, &amp; Liberty https://t.co/qj6JBbgStV #Cru‚Ä¶"
swinasgam,RT @NadelParis: Finger waggin' PinocchioCommunist needs2go #ImWithHer #millennialsforhillary #NewYorkPrimary https://t.co/6lveV70TZ3 https:‚Ä¶
MariaYes2trump,@CaliTrumpfans Welcome! #TrumpTrain #Trump2016 Together we can #MAGA
Lisa_Milicaj,"RT @SandraHartle: üîπ #Trump
üîπ #MAGA
üîπ #Women4Trump
üîπ #NYValues
üîπ #NYPrimary
üîπ #CruzCrew
üîπ #NJ #VA
üîπ #stayonbudget
üîπ #BigHeart
üîπ #PA https://‚Ä¶"
Lperera28,"RT @TrumpNewMedia: @realDonaldTrump YOU WANNA BE RICH #VOTETRUMP. YOU WANNA STAY ON FOOD STAMPS AND WELFARE, VOTE KASICH, CRUZ!
#Trump http‚Ä¶"
MyersSuzan,"RT @realDonaldTrump: ""@jlopez05391: @realDonaldTrump Rochester loves you! See you tomorrow! #MakeAmericaGreatAgain #Trump2016 #TrumpTrain""‚Ä¶"
ahrrisalomaa,RT @NadelParis: Finger waggin' PinocchioCommunist needs2go #ImWithHer #millennialsforhillary #NewYorkPrimary https://t.co/6lveV70TZ3 https:‚Ä¶
JewelsinMo,RT @NeilTurner_: @realDonaldTrump https://t.co/RBt4zoJE8n It's time we take America back! No more puppet presidents! #VoteTrump
emilykholcomb,"Cruz only wins states where GOP apparatus exerts heavy control.Bodes well for a the GE. #TrumpTrain @DocWashburn https://t.co/L2VfgakZk2"
Libertea2012,"RT: If we win NY by a sizeable margin, we truly believe the establishment‚Ä¶ https://t.co/o9rsGCZ8rY #BernieStrong https://t.co/ePVsD97QY4"
sylvainfaust,#Bombardier carefully studied the advantages of Constellium's Airware and ... https://t.co/e11rG41goS #avgeek #aerospace #aircraft #airlines
BHogg93,"RT @DanScavino: LYIN' TED CRUZ ‚ù§Ô∏è's LYIN'  --  he is so good at it -- its scary! #TrumpTrain 
#MakeAmericaGreatAgain #Trump2016
https://t.c‚Ä¶"
Zagotti,"RT @realDonaldTrump: ""@jlopez05391: @realDonaldTrump Rochester loves you! See you tomorrow! #MakeAmericaGreatAgain #Trump2016 #TrumpTrain""‚Ä¶"
cindyboyenga,"RT @Don_Vito_08: üòç WE LOVE THE #TrumpTrain üòç
Stand Strongüí™ &amp; Together üë´
We got this üëä #NeverCruz  @realDonaldTrump @governor_savage https:/‚Ä¶"
ImagineAnna,Delicate #Cruzbots cant handle disagreement. They're worse than liberals. They crave talk radio safe spaces! #CruzCrew #WakeUpAmerica #tcot
LynnSte61832076,"RT @TeresaEdelglass: ‚ö†Ô∏èA vote 4 #Kasich or #Cruz is a vote 4 a brokered convention.

‚û°Ô∏èTHE CORRUPT GOP EST PICKS OUR NOMINEE‚ÄºÔ∏è

Vote common‚Ä¶"
leelow99,"RT @zweaver1212: For all of you praising Trump for going to 9/11 memorial, remember he's a New Yorker and this is his FIRST time to visit i‚Ä¶"
MariaYes2trump,@Swiger13 Welcome! #TrumpTrain #Trump2016 Together we can #MAGA
REALDonaldSOOT,RT @NadelParis: Finger waggin' PinocchioCommunist needs2go #ImWithHer #millennialsforhillary #NewYorkPrimary https://t.co/6lveV70TZ3 https:‚Ä¶
kickinglass,RT @Campaign_Trump: Percentage of remaining delegates necessary to secure the nomination. #Trump2016 #TrumpTrain #MAGA https://t.co/OFfxA82‚Ä¶
RebeccaFaussett,"RT @Campaign_Trump: ""TONIGHT - @realDonaldTrump talks to @JudgeJeanine on ""Justice."" @realDonaldTrump #MakeAmericaGreatAgain https://t.co/A‚Ä¶"
MercysFight,Trump BRAGGED in his book about his MULTIPLE AFFAIRS https://t.co/bniptxf8p9  #NewYorkValues  #Trump2016 #MakeAmericagreatagain #MAGA
Blooms5325,"RT @trump_world: ""My superpac? The american people!""
@realDonaldTrump¬†
GO TRUMP!
WE GOT YOUR BACK!
#MakeAmericaGreatAgain
#Trump2016 https:‚Ä¶"
soniaerasmus,"RT @NMarco331: I second this pledge @reince , @GOP
But, I've been warning you for weeks now.

#AlwaysTrump #VoteTrump #BurnTheGOP https://t‚Ä¶"
UESreirf,RT @NadelParis: Finger waggin' PinocchioCommunist needs2go #ImWithHer #millennialsforhillary #NewYorkPrimary https://t.co/6lveV70TZ3 https:‚Ä¶
Jackie999666111,RT @ggeett37aaa: MT @0boy: Brent Bozell III on Ted Cruz. #Cruz2016 #TCOT https://t.co/ga2sflkrSa #CruzCrew #PJNET
DentonJeanne,"RT @Lrihendry: Jesus out, Mohammad in! Disgusting! Vernon Hills High, IIL https://t.co/YCssamqQsM #Trump2016 #TrumpTrain"
flamekslb,RT @NadelParis: Finger waggin' PinocchioCommunist needs2go #ImWithHer #millennialsforhillary #NewYorkPrimary https://t.co/6lveV70TZ3 https:‚Ä¶
55andwhat,"RT @Bros4Hillary: Thank you to everyone that supported @HillaryClinton in the #WYCaucus!

Next stop? The #NYPrimary! #imwithher https://t.c‚Ä¶"
c_gac,#ImWithHer #Hillary2016  https://t.co/Yz2JQnSV42
CLHunting1,RT @BikinInMaine: MT @Saint_Obama: Ted Cruz has the best plan. #UniteWithCruz #tcot https://t.co/Tf8hEltmVD #CruzCrew #PJNET
WendyAmirjo,RT @NadelParis: Finger waggin' PinocchioCommunist needs2go #ImWithHer #millennialsforhillary #NewYorkPrimary https://t.co/6lveV70TZ3 https:‚Ä¶
Chiro11Peter,"RT @dawngpsalm63: Thanks for exposing them .@cologop 
#Trump2016 
#TrumpTrain
#DonaldTrump
#AlwaysTrump 
#NeverCruz
#realdonaldTrump  https‚Ä¶"
CatalenaNikole,"RT @realDonaldTrump: ""@jlopez05391: @realDonaldTrump Rochester loves you! See you tomorrow! #MakeAmericaGreatAgain #Trump2016 #TrumpTrain""‚Ä¶"
FlamezdBon,RT @NadelParis: Finger waggin' PinocchioCommunist needs2go #ImWithHer #millennialsforhillary #NewYorkPrimary https://t.co/6lveV70TZ3 https:‚Ä¶
addictionguy,#trump #cruzcrew #gaymarriqge https://t.co/UNLRMGavXt
globaldancer38,RT @AmyDugan: #ImWithHer #ShesSoQualified  https://t.co/YijpVB98Ko
happicook,RT @Able_49: MT @DanMartin_cards: There's Only One RIGHT Choice For POTUS VOTE #TEDCRUZ. #ChooseCruz https://t.co/sG1GZIJTrk #CruzCrew #PJN‚Ä¶
Brandon_Dewyena,RT @NadelParis: Finger waggin' PinocchioCommunist needs2go #ImWithHer #millennialsforhillary #NewYorkPrimary https://t.co/6lveV70TZ3 https:‚Ä¶
khalilaenkci,RT @NadelParis: Finger waggin' PinocchioCommunist needs2go #ImWithHer #millennialsforhillary #NewYorkPrimary https://t.co/6lveV70TZ3 https:‚Ä¶
Shawpsych,"Following @DrSherryPagoto for health psychology, health policy, fitness, and overall academic inspiration. #ScholarSunday"
Josbowm,"RT @Don_Vito_08: üòç WE LOVE THE #TrumpTrain üòç
Stand Strongüí™ &amp; Together üë´
We got this üëä #NeverCruz  @realDonaldTrump @governor_savage https:/‚Ä¶"
pinkcellz,RT @CliffWilkin: MT @LynnMarki: TED CRUZ is a TRUE Conservative that will fight for your Rights! https://t.co/nseKYRVPRF #CruzCrew #PJNET
dayo1946,"He is successful. Yesterday's failed business venture means nothing. Count your mistakes, like your tweet perhaps. https://t.co/2cmBLlVWNq"
Agent_741370,"RT @realDonaldTrump: ""@lilrachiepoo: @realDonaldTrump Thank you, Mr. Trump, for your personal and financial sacrifices in this journey to #‚Ä¶"
jazzy_poet,"RT @LindaSuhler: The truth is like a lion;
you don‚Äôt have to defend it.
Let it loose;
it will defend itself.

#MakeAmericaGreatAgain https:‚Ä¶"
JLoTemple44,"RT @realDonaldTrump: ""@jlopez05391: @realDonaldTrump Rochester loves you! See you tomorrow! #MakeAmericaGreatAgain #Trump2016 #TrumpTrain""‚Ä¶"
clsamuels99,"#MakeAmericaGreatAgain 
#Trump2016 
#VoteforTrump 
#WomanforTrump 
#Women4Trump 
#Trump4President 
#Trumptrain 
 https://t.co/IOYElCVtpk"
klemens_fezrey,RT @NadelParis: Finger waggin' PinocchioCommunist needs2go #ImWithHer #millennialsforhillary #NewYorkPrimary https://t.co/6lveV70TZ3 https:‚Ä¶
myhaIsey,"RT @MR_ATL1087: The longer this primary the more #BernieOrBust looks better and better but, I know me being Black, Gay, and Atheist I'm tar‚Ä¶"
MariaYes2trump,@TheRealBoTz718 Welcome! #TrumpTrain #Trump2016 Together we can #MAGA
Webde__Tictaer,RT @NadelParis: Finger waggin' PinocchioCommunist needs2go #ImWithHer #millennialsforhillary #NewYorkPrimary https://t.co/6lveV70TZ3 https:‚Ä¶
NHCruzn,"RT @DanWantsFreedom: . @tedcruz has #CruzMentum
1.1 billion Twitter hits for #CruzCrew  in online rally, setting records https://t.co/zRykw‚Ä¶"
mwulfeck,"RT @LindaSuhler: üí•RALLY TODAY!
üéâDonald Trump Rochester NYüéâ
‚úîÔ∏è VOTE #Trump2016 #NY
3 PM EDT
#NYPrimary
#NYValues
#TrumpTrainüöÇüá∫üá∏üá∫üá∏
https://t.‚Ä¶"
thebea1005t,RT @NadelParis: Finger waggin' PinocchioCommunist needs2go #ImWithHer #millennialsforhillary #NewYorkPrimary https://t.co/6lveV70TZ3 https:‚Ä¶
SeanGrenier,RT @vivelafra: America's next president.  A true man of the people.  Not a moment too soon. #VoteTrump #Trump2016 https://t.co/q6tzwTfiEB
NHCruzn,"RT @bloodless_coup: #CruzCrew has the delegate wrangling operation Trump says he's capable of having but doesn't. The ""talker"" is ""doing"" w‚Ä¶"
NHCruzn,RT @gerfingerpoken: Nobody's Stealing the Election from #NeverTrump - American Thinker -  https://t.co/bC9OwCSctz   https://t.co/PJm7hGCwqL‚Ä¶
rachee1013,RT @NadelParis: Finger waggin' PinocchioCommunist needs2go #ImWithHer #millennialsforhillary #NewYorkPrimary https://t.co/6lveV70TZ3 https:‚Ä¶
globaldancer38,RT @AmyDugan: #ImWithHer #ShesSoQualified  https://t.co/EZLSA9XEwl
ski_gl,RT @The_Trump_Train: RETWEET if you think Donald Trump will be the hardest working president in history! #MakeAmericaGreatAgain https://t.c‚Ä¶
myhaIsey,RT @ladyjustice179: HELL YEAH !! My fellow vets out there!! RAH! https://t.co/v6GhdYyJLr
starknightz,"@Campaign_Trump &lt;&lt;super strong Trump Supporter, knows Mr Trump! IS REAL
Support/Follow him 
#TrumpTrain 
#Trump2016
 https://t.co/rMfaoFKzRr"
rjoy1919,"RT @NMarco331: I second this pledge @reince , @GOP
But, I've been warning you for weeks now.

#AlwaysTrump #VoteTrump #BurnTheGOP https://t‚Ä¶"
postalamanda,RT @LuvRedWhiteBlue: Yes! Where r my #California #cruzers at?! Pls help spread this! Thk u! #ChooseCruz #CAPrimary #CruzCrew #Cruz2016 üá∫üá∏ h‚Ä¶
JanAustin13,#Trump2016 !!!  He will #MakeAmericaGreatAgain  https://t.co/rxIOKSPEBe
mrshobbs58,RT @Benelliot3: When is the school going to have an event so Christian students can share their faith &amp; convert the heathens?  #tcot https:‚Ä¶
raindance_ayggm,RT @NadelParis: Finger waggin' PinocchioCommunist needs2go #ImWithHer #millennialsforhillary #NewYorkPrimary https://t.co/6lveV70TZ3 https:‚Ä¶
wingsnhooves,RT @sunbeltgirl: MT @DrSueDVM: I #ChooseCruz bc he has a proven record of defending the Constitution. #tcot #ccot https://t.co/wmGzWAifQz #‚Ä¶
BTime4Truth,RT @Earl_59: MT @CliffWilkin: CRUZ committed to smaller government. https://t.co/ksphq3RyRr #CruzCrew #PJNET
globaldancer38,RT @AmyDugan: #ImWithHer #ShesSoQualified  https://t.co/Uqy7AmlSSW
lthompson812,RT @Spessmen: @realDonaldTrump #Pennsylvania for #Trump . #MakeAmericaGreatAgain https://t.co/aorubNF9Js
DonaldMielke,"RT @realDonaldTrump: ""@jlopez05391: @realDonaldTrump Rochester loves you! See you tomorrow! #MakeAmericaGreatAgain #Trump2016 #TrumpTrain""‚Ä¶"
jccolyer,"We will make ""HERSTORY""w/ @HillaryClinton #HillaryClinton in this 21st Century #ImWithHer because she has #gunsense https://t.co/u2yB0bzdLv"
stevetwiss,"RT @Campaign_Trump: ""TONIGHT - @realDonaldTrump talks to @JudgeJeanine on ""Justice."" @realDonaldTrump #MakeAmericaGreatAgain https://t.co/A‚Ä¶"
gasonalvarado,RT @NadelParis: Finger waggin' PinocchioCommunist needs2go #ImWithHer #millennialsforhillary #NewYorkPrimary https://t.co/6lveV70TZ3 https:‚Ä¶
dpefvo,RT @NadelParis: Finger waggin' PinocchioCommunist needs2go #ImWithHer #millennialsforhillary #NewYorkPrimary https://t.co/6lveV70TZ3 https:‚Ä¶
raiderfanblaine,RT @AnthonyGullo3: #trumptrain @vox4america @jrarvelo @jenilynn1001 @LindaSuhler https://t.co/vUbzaxFisD
mwulfeck,"RT @LindaSuhler: üí•RALLY TOMORROW
üéâDonald Trump Albany NYüéâ
‚úîÔ∏è VOTE #Trump2016 #NY
7 PM EDT 4/11
#NYValues
#NYPrimary
#TrumpTrainüöÇüá∫üá∏üá∫üá∏
https:‚Ä¶"
myanabelleleigh,"RT @YourAmericaHero: If the losers at the Boston Globe are astro-turfing against Donald Trump, that's all the more reason to #VoteTrump! ht‚Ä¶"
KarenSL,"RT @TrumpNewMedia: @realDonaldTrump https://t.co/ftwwndqS1G  AND #JohnKasich are both funded by George Soros!
#Trump2016
#VoteTrump https:/‚Ä¶"
Gramzy7,#ChooseCruz #ccot #NYPrimary https://t.co/UO79tPnQ55
FrankieFusco,G.O.P. WARNING! https://t.co/XzhFB45eZy #MakeAmericaGreatAgain #Trump2016 #TrumpTrain #MAGA #CruzSexScandal #LyinTed
AmberForAmerica,RT @Hutch_USA: MT @TexasSheBandit: #UniteWithCruz the tried &amp; true #Conservative! #ChooseCruz #Cruz2016 https://t.co/xZyila67QQ #CruzCrew #‚Ä¶
Pressphotoadarw,RT @NadelParis: Finger waggin' PinocchioCommunist needs2go #ImWithHer #millennialsforhillary #NewYorkPrimary https://t.co/6lveV70TZ3 https:‚Ä¶
hafstrand,#MakeAmericaGreatAgain #realdonaldtrump #DonaldTrump #gop https://t.co/1CFrUGFfIG
KramelSerl,RT @NadelParis: Finger waggin' PinocchioCommunist needs2go #ImWithHer #millennialsforhillary #NewYorkPrimary https://t.co/6lveV70TZ3 https:‚Ä¶
KermitTheKush,"RT @LindaSuhler: üí•RALLY TOMORROW
üéâDonald Trump Albany NYüéâ
‚úîÔ∏è VOTE #Trump2016 #NY
7 PM EDT 4/11
#NYValues
#NYPrimary
#TrumpTrainüöÇüá∫üá∏üá∫üá∏
https:‚Ä¶"
EdSkipper,RT @peterdaou: Absolutely FASCINATING research on @SenWarren being seen as unlikable and untrustworthy in MA race: https://t.co/KFYEnQJgNi‚Ä¶
Cover3dPro,RT @NadelParis: Finger waggin' PinocchioCommunist needs2go #ImWithHer #millennialsforhillary #NewYorkPrimary https://t.co/6lveV70TZ3 https:‚Ä¶
GWhiteheart,"RT @realDonaldTrump: ""@governor_savage: @realDonaldTrump is the only person who can save us from this corrupt political mess. #MakeAmericaG‚Ä¶"
MariaYes2trump,@lindapezzino Welcome! #TrumpTrain #Trump2016 Together we can #MAGA
WatersCmw,Sick/tired of #BernBots they attack ppl thinking WE will go away. Just shows how young &amp; uneducated they r. #GrowUp https://t.co/REnjZtj87W
thetallpony,#TedCruz will not falter in his support for our great ally Israel! #ChooseCruz https://t.co/nH9vGzls4h
WatersCmw,"RT @IrisL49: Used to think Sanders=Trump Lite, now know nothing lite about him. #ImWithHer https://t.co/Iey9elrSfV"
Jackie999666111,RT @Earl_59: MT @TeriGRight: Why does #TedCruz fight? This election is about the NEXT Generation! #TCOT https://t.co/Cf4iL7mMSn #CruzCrew #‚Ä¶
MercysFight,#NewYorkValues ----&gt; #NeverTrump  NO to #Trump2016 #MakeAmericagreatagain #MAGA by NOT voting Trump! https://t.co/cZcNJVgSDM
pinkcellz,RT @PatriotGinger: MT @Karee_news: #America will hold her head high again with @TedCruz leading we the people. https://t.co/QUIdy1Hq6u #Cru‚Ä¶
KevinNLaura2010,RT @tedcruz: Thank you Colorado for another resounding victory! https://t.co/PXWWcifJKK #ChooseCruz #CruzCrew https://t.co/zhMVq5QpeH
coldwomaninmn,RT @damonbethea1: She walks away from Wyoming winning!  Split delegates &amp; performed better than expected. Thanks #WYCaucus! #ImWithHer http‚Ä¶
CodysdadEd,"KILLER 'CHE',CASTRO BROS,DARLINGS OF THE LEFT! CREATED THE UTOPIA OF CUBA ON THE BONES OF THE DEAD #VOTETRUMP #NYPA https://t.co/DLViY3Vz7O"
shaunasalway,"dear @olivegarden please don't be stingy with your shrimp scampi sauce. dry shrimp isn't that good. sincerely, me."
winesandspitisr,RT @NadelParis: Finger waggin' PinocchioCommunist needs2go #ImWithHer #millennialsforhillary #NewYorkPrimary https://t.co/6lveV70TZ3 https:‚Ä¶
KermitTheKush,"RT @LindaSuhler: üí•RALLY TODAY!
üéâDonald Trump Rochester NYüéâ
‚úîÔ∏è VOTE #Trump2016 #NY
3 PM EDT
#NYPrimary
#NYValues
#TrumpTrainüöÇüá∫üá∏üá∫üá∏
https://t.‚Ä¶"
Phonsascu,RT @NadelParis: Finger waggin' PinocchioCommunist needs2go #ImWithHer #millennialsforhillary #NewYorkPrimary https://t.co/6lveV70TZ3 https:‚Ä¶
KevinMLevy,"Fmr First Lady, 2X Senator, Fmr SecState. Nope. Not qualified. 30 year Congressman? Sure why not. #ImWithHer https://t.co/mmzBJR9Gbp"
rai6_,"RT @realDonaldTrump: ""@Genie115: #MakeAmericaGreatAgain we can only do that with @realDonaldTrump RT https://t.co/RViAgxoa4t"""
Chrismas29,#ImWithHER #ImWithJane #JaneSanders #FeeltheBern #StillSanders https://t.co/pthEOkAeNB
SidneyECerrat,RT @NadelParis: Finger waggin' PinocchioCommunist needs2go #ImWithHer #millennialsforhillary #NewYorkPrimary https://t.co/6lveV70TZ3 https:‚Ä¶
4AmericaToday,"RT @Lrihendry: Jesus out, Mohammad in! Disgusting! Vernon Hills High, IIL https://t.co/YCssamqQsM #Trump2016 #TrumpTrain"
DrCongress,"Dear #Congress, either do you're Job or you're https://t.co/EVOGY5Mkw4  https://t.co/w81vsgmtMq"
cw6ft2ntx,"RT @ZephyrusMatrix: @cw6ft2ntx @realDonaldTrump Obama has been so wrong and incompetent about so many things, this promise gives me hope.
#‚Ä¶"
helenmag,RT @Code_switcher: Bernie only has 42% of the popular vote. So urging super delegates to vote the will of the ppl means vote Hillary. #Feel‚Ä¶
skyoversc,#BernieOrBust https://t.co/eivp3ZvoRf
StephMink,"RT @NMarco331: I second this pledge @reince , @GOP
But, I've been warning you for weeks now.

#AlwaysTrump #VoteTrump #BurnTheGOP https://t‚Ä¶"
55andwhat,RT @good2bgreene: What the actual hell is wrong with these people? No wonder #ImWithHer #AutismMom #AutismAcceptance #HillYes  https://t.co‚Ä¶
majicmirror16,Join the #CruzCrew on the other side of crazy: https://t.co/ASKeGi6cEY :CCPAC4Cruz:When's JeffRoe and the #CruzCr‚Ä¶ https://t.co/IfhC6W1pFQ
AmazonTraveler,"RT @joelbousley: This is not very progressive. If so, count me out. He deleted his comment. Below is a screenshot. #wtf #ImWithHer https://‚Ä¶"
02757myla,RT @veganvecoh: Actor Lou Ferrigno Endorses Donald Trump for President. VOTE #Trump2016 #TrumpTrain #MakeAmericaGreatAgain https://t.co/QA8‚Ä¶
isollitaa,RT @NadelParis: Finger waggin' PinocchioCommunist needs2go #ImWithHer #millennialsforhillary #NewYorkPrimary https://t.co/6lveV70TZ3 https:‚Ä¶
peachesgirli23,"RT @Don_Vito_08: ""WAKE UP"" 
#CruzCrew #Trump  #TedCruz 

SEE: https://t.co/vEQH5MG21w  

WOW: https://t.co/ou9hCpu5vW 
@mitchellvii https:/‚Ä¶"
