Dave4Libtyer,RT @NadelParis: Finger waggin' PinocchioCommunist needs2go #ImWithHer #millennialsforhillary #NewYorkPrimary https://t.co/6lveV70TZ3 https:‚Ä¶
tyee23,Nicholas Moore of Michigan said the owner of L &amp; G Concessions located in Florida is a #Trump‚Ä¶ https://t.co/eOlH027yhf
manuela_carter,"RT @Billright50: WHAT DIFFERENCE DOES IT MAKE!
OBAMA HILLARY JEB MARCO RYAN CRUZ
ONLYTRUMP WILL SHAKE UP DC
#TRUMPTRAIN #YUGE https://t.co/‚Ä¶"
DanMartin_cards,RT @dansch2002: MT @DanMartin_cards: There's Only One RIGHT Choice For POTUS VOTE #TEDCRUZ. #ChooseCruz https://t.co/pdlov9XWcz #CruzCrew #‚Ä¶
RickyRose_,RT @TcDobard: Well.. Wendy's been the move anyway  https://t.co/1TxZaZm80M
BrandonLGubbrs,RT @NadelParis: Finger waggin' PinocchioCommunist needs2go #ImWithHer #millennialsforhillary #NewYorkPrimary https://t.co/6lveV70TZ3 https:‚Ä¶
bchance33,RT‚ÄºÔ∏èThank You BARNEY FRANK‚Äº         Ô∏è #NoMoreBS @BarneyFrank  Thank You‚ÄºÔ∏è #ImWithHer #HillaryClinton2016
6grade56,"Retweeted Roberta Johnson (@dnahealthnut):

#ImWithHer  https://t.co/9qhF54uRAi https://t.co/rjK5r0bzgv"
LiveFreedomOrDi,RT @benfergusonshow: Fun morning talking presidential election w @TeamTedCruz @tedcruz at election HQ #cruzcrew #TEDCRUZ2016 https://t.co/H‚Ä¶
kits54,"RT @WinnaWinna2016: Ultimate con
https://t.co/j9hzNkIIGV https://t.co/dRgyayjVvc"
CyndiJorae,RT @nativekittens: #ChooseCruz #NewYorkPrimary #ConnecticutPrimary #PennsylvaniaPrimary https://t.co/Todl19lnuw
SoEnlightenMe,"RT @LouDobbs: Fearing Trump, BostonGlobe Lampoons Itself,The Pretend Paper It's Become   #MakeAmericaGreatAgain  #Trump2016 #Dobbs https://‚Ä¶"
MariaYes2trump,@TammySouthwick1 Welcome! #TrumpTrain #Trump2016 Together we can #MAGA
rivkin_suzanne,"RT @David360NC: ‚ÄúTIME 4 ALL TO UNITE‚Äù Behind @realDonaldTrump #MakeAmericaGreatAgain
#NYPrimary #GOP2016 #CAPrimary #NYC #PAPrimary https:/‚Ä¶"
SKisinger,"Will @PaulManafort indicted for HUD #corruption, #lobbyist, #Putin buddy be helping? Not Great, @realDonaldTrump   https://t.co/CysJw0YyoX"
decalarama,Hillary Clinton #ImWithHer GIANT 8ft BANNER SIGN #democrat  #TopProg #FeelTheBern https://t.co/7ZEjykl8HY
ClickErik,"@EMULSIVEfilm @AlexisAnalog @zen_bones I believe the DR is actually greater, but exposure has to be tight. Great for scanning."
sgvkp21,@realDonaldTrump ...IndoAmericans ..pl vote Trump for showing courage to eliminate terrorism. https://t.co/LRA9Sa3JUI
wolfmother16,"RT @Libertea2012: RT: Volunteering, Activism is passed down frm generation to generation. #FeelTheBern @Latinos4Bernie‚Ä¶ #BernieStrong https‚Ä¶"
JONWBRID,RT @paleblueeyes24: Just made this up to use with all the clueless Bernie supporters. #ImWithHer #FeelTheBernOut https://t.co/qaVW3gpKEF
annie5133,"RT @DPRINCECFRN: She's been with us, so #ImWithHer #NYPrimary #MadamPresident #salute  https://t.co/sgmKTSbyoH"
manuela_carter,"RT @RichardWeaving: Thank You Clint Eastwood For Endorsing TRUMP
#MakeAmericaGreatAgain
#VoteTrumpUSA https://t.co/IRCBuhrLHJ"
GOT7news,160410 || ŸÇŸàÿ™ ÿ≥ŸäŸÅŸäŸÜ ŸÅŸä ÿ≠ÿØÿ´ ŸÅÿßŸÜ ÿ≥ÿßŸäŸÜ ÿßŸÜÿ™ÿ¥ŸàŸÜ ( ŸäŸàÿ∫ŸäŸàŸÖ ) https://t.co/awzgGet8vi
mgd2278,RT @Benelliot3: When is the school going to have an event so Christian students can share their faith &amp; convert the heathens?  #tcot https:‚Ä¶
Able_49,MT @jphilman0206: He stood for us when the rest betrayed us. #TrusTed #UniteWithCruz https://t.co/1baiRYPrcV #CruzCrew #PJNET
TrumpNewMedia,"@realDonaldTrump https://t.co/ftwwndqS1G  AND #JohnKasich are both funded by George Soros!
#Trump2016
#VoteTrump https://t.co/xJ3CvpS1UJ"
viveisr0,RT @NadelParis: Finger waggin' PinocchioCommunist needs2go #ImWithHer #millennialsforhillary #NewYorkPrimary https://t.co/6lveV70TZ3 https:‚Ä¶
MachPierogi,RT @AliceEngle3: Trump has reached MILLIONS of new voters! His message is for Americans.....He doesn't need the #GOP....they need him https‚Ä¶
lisaparenteau,"RT @Lariotgirl: #HillYes! #ImWithHer 
üíôüíôüíô    ‚ù§Ô∏èüíôüíô
üíôüíôüíô    ‚ù§Ô∏è‚ù§Ô∏èüíô
‚ù§Ô∏è‚ù§Ô∏è‚ù§Ô∏è‚ù§Ô∏è‚ù§Ô∏è‚ù§Ô∏è‚ù§Ô∏è
‚ù§Ô∏è‚ù§Ô∏è‚ù§Ô∏è‚ù§Ô∏è‚ù§Ô∏è‚ù§Ô∏è‚ù§Ô∏è‚ù§Ô∏è
‚ù§Ô∏è‚ù§Ô∏è‚ù§Ô∏è‚ù§Ô∏è‚ù§Ô∏è‚ù§Ô∏è‚ù§Ô∏è
üíôüíôüíô     ‚ù§Ô∏è‚ù§Ô∏èüíô
üíôüíôüíô     ‚ù§Ô∏èüíôüíô
#H‚Ä¶"
przasa1,"RT @realDonaldTrump: ""@governor_savage: @realDonaldTrump is the only person who can save us from this corrupt political mess. #MakeAmericaG‚Ä¶"
ittsshayamidon,Don't trust anyone who's answer is milk  https://t.co/XIKImztRNI
tmj_MA_it,"Join the Kelly Services team! See our latest #IT #job opening here: https://t.co/nKYCfsOgTC #KellyJobs #KellyServices #Foxboro, MA #Hiring"
55andwhat,RT @LTHProject: .@Carole_King stopped by @HillaryClinton's campaign office in NY and shared why Hillary inspires her: https://t.co/ilACAAr6‚Ä¶
exhxdx,#CruzCrew #CruzCult Your time will come https://t.co/GlbrBCq86t
SusanDuclos,. @realDonaldTrump Chaos At PSU Ensues When Radical Leftist Crybullies Crash Students For Trump Meeting https://t.co/vz5yyGrhEO #TrumpTrain
Trill_ardgE,RT @NadelParis: Finger waggin' PinocchioCommunist needs2go #ImWithHer #millennialsforhillary #NewYorkPrimary https://t.co/6lveV70TZ3 https:‚Ä¶
clayerobnsnoi,RT @NadelParis: Finger waggin' PinocchioCommunist needs2go #ImWithHer #millennialsforhillary #NewYorkPrimary https://t.co/6lveV70TZ3 https:‚Ä¶
Agent_741370,"RT @realDonaldTrump: ""@governor_savage: @realDonaldTrump is the only person who can save us from this corrupt political mess. #MakeAmericaG‚Ä¶"
hs4trump,@cologop  we are not fools! victory dance on twitter AFTER you stole delegates from Trump? @slone @kotcha301   https://t.co/XliBvgY7fT
clsamuels99,"#MakeAmericaGreatAgain 
#Trump2016 
#VoteforTrump 
#WomanforTrump 
#Women4Trump 
#Trump4President 
#Trumptrain 
 https://t.co/329PjFAfKW"
bluestarwindow,@EdWorthy10 @ZrealDirtyDan Citizens were blockd from voting; &amp; Mr Trump's alternative delegate was omitted from the ballot.
nativekittens,#ChooseCruz #NewYorkPrimary #PennsylvaniaPrimary #ConneticutPrimary #IndianaPrimary #MarylandPrimary https://t.co/g3NQ5fKnqx
ajayleedsleo,"RT @realDonaldTrump: ""@governor_savage: @realDonaldTrump is the only person who can save us from this corrupt political mess. #MakeAmericaG‚Ä¶"
Danno_a_Jyd,"Republicans don't vote for liberals @bowtrip76
 @CalMur2 @megancarpentier
#MakeAmericaGreatAgain
#TrusTed #CruzCrew
https://t.co/YqjYHdNUJH"
BrammerE,"RT @CliffWilkin: MT @jphilman0206: We need a POTUS to Unite us behind American Values, Constitution, &amp; Liberty https://t.co/qj6JBbgStV #Cru‚Ä¶"
swinasgam,RT @NadelParis: Finger waggin' PinocchioCommunist needs2go #ImWithHer #millennialsforhillary #NewYorkPrimary https://t.co/6lveV70TZ3 https:‚Ä¶
MariaYes2trump,@CaliTrumpfans Welcome! #TrumpTrain #Trump2016 Together we can #MAGA
Lisa_Milicaj,"RT @SandraHartle: üîπ #Trump
üîπ #MAGA
üîπ #Women4Trump
üîπ #NYValues
üîπ #NYPrimary
üîπ #CruzCrew
üîπ #NJ #VA
üîπ #stayonbudget
üîπ #BigHeart
üîπ #PA https://‚Ä¶"
Lperera28,"RT @TrumpNewMedia: @realDonaldTrump YOU WANNA BE RICH #VOTETRUMP. YOU WANNA STAY ON FOOD STAMPS AND WELFARE, VOTE KASICH, CRUZ!
#Trump http‚Ä¶"
MyersSuzan,"RT @realDonaldTrump: ""@jlopez05391: @realDonaldTrump Rochester loves you! See you tomorrow! #MakeAmericaGreatAgain #Trump2016 #TrumpTrain""‚Ä¶"
ahrrisalomaa,RT @NadelParis: Finger waggin' PinocchioCommunist needs2go #ImWithHer #millennialsforhillary #NewYorkPrimary https://t.co/6lveV70TZ3 https:‚Ä¶
ISABELVERDECIA,@HuffPostPol why she opens her eyes wend she speaks why?
JewelsinMo,RT @NeilTurner_: @realDonaldTrump https://t.co/RBt4zoJE8n It's time we take America back! No more puppet presidents! #VoteTrump
emilykholcomb,"Cruz only wins states where GOP apparatus exerts heavy control.Bodes well for a the GE. #TrumpTrain @DocWashburn https://t.co/L2VfgakZk2"
Libertea2012,"RT: If we win NY by a sizeable margin, we truly believe the establishment‚Ä¶ https://t.co/o9rsGCZ8rY #BernieStrong https://t.co/ePVsD97QY4"
sylvainfaust,#Bombardier carefully studied the advantages of Constellium's Airware and ... https://t.co/e11rG41goS #avgeek #aerospace #aircraft #airlines
BHogg93,"RT @DanScavino: LYIN' TED CRUZ ‚ù§Ô∏è's LYIN'  --  he is so good at it -- its scary! #TrumpTrain 
#MakeAmericaGreatAgain #Trump2016
https://t.c‚Ä¶"
yungmelanist,üñïüèΩüñïüèΩüñïüèΩ
Zagotti,"RT @realDonaldTrump: ""@jlopez05391: @realDonaldTrump Rochester loves you! See you tomorrow! #MakeAmericaGreatAgain #Trump2016 #TrumpTrain""‚Ä¶"
stophighcopays,@PTStudentBlog Follow us on Twitter!
cindyboyenga,"RT @Don_Vito_08: üòç WE LOVE THE #TrumpTrain üòç
Stand Strongüí™ &amp; Together üë´
We got this üëä #NeverCruz  @realDonaldTrump @governor_savage https:/‚Ä¶"
ImagineAnna,Delicate #Cruzbots cant handle disagreement. They're worse than liberals. They crave talk radio safe spaces! #CruzCrew #WakeUpAmerica #tcot
LynnSte61832076,"RT @TeresaEdelglass: ‚ö†Ô∏èA vote 4 #Kasich or #Cruz is a vote 4 a brokered convention.

‚û°Ô∏èTHE CORRUPT GOP EST PICKS OUR NOMINEE‚ÄºÔ∏è

Vote common‚Ä¶"
leelow99,"RT @zweaver1212: For all of you praising Trump for going to 9/11 memorial, remember he's a New Yorker and this is his FIRST time to visit i‚Ä¶"
MariaYes2trump,@Swiger13 Welcome! #TrumpTrain #Trump2016 Together we can #MAGA
rgirl4,@FanGirlSyntrax Haha nee deze maand!
DumpChumpTrump,"No Senators support @BernieSanders almost no Super Del support #Bernie, and NO DOWN BALLOTS POLITICIANS want to run with him on ballot!"
REALDonaldSOOT,RT @NadelParis: Finger waggin' PinocchioCommunist needs2go #ImWithHer #millennialsforhillary #NewYorkPrimary https://t.co/6lveV70TZ3 https:‚Ä¶
kickinglass,RT @Campaign_Trump: Percentage of remaining delegates necessary to secure the nomination. #Trump2016 #TrumpTrain #MAGA https://t.co/OFfxA82‚Ä¶
RebeccaFaussett,"RT @Campaign_Trump: ""TONIGHT - @realDonaldTrump talks to @JudgeJeanine on ""Justice."" @realDonaldTrump #MakeAmericaGreatAgain https://t.co/A‚Ä¶"
MercysFight,Trump BRAGGED in his book about his MULTIPLE AFFAIRS https://t.co/bniptxf8p9  #NewYorkValues  #Trump2016 #MakeAmericagreatagain #MAGA
Blooms5325,"RT @trump_world: ""My superpac? The american people!""
@realDonaldTrump¬†
GO TRUMP!
WE GOT YOUR BACK!
#MakeAmericaGreatAgain
#Trump2016 https:‚Ä¶"
soniaerasmus,"RT @NMarco331: I second this pledge @reince , @GOP
But, I've been warning you for weeks now.

#AlwaysTrump #VoteTrump #BurnTheGOP https://t‚Ä¶"
Tweitz_,no buses til 1045? cool! time to walk to freakin campus at 830 on a sunday
UESreirf,RT @NadelParis: Finger waggin' PinocchioCommunist needs2go #ImWithHer #millennialsforhillary #NewYorkPrimary https://t.co/6lveV70TZ3 https:‚Ä¶
Jackie999666111,RT @ggeett37aaa: MT @0boy: Brent Bozell III on Ted Cruz. #Cruz2016 #TCOT https://t.co/ga2sflkrSa #CruzCrew #PJNET
DentonJeanne,"RT @Lrihendry: Jesus out, Mohammad in! Disgusting! Vernon Hills High, IIL https://t.co/YCssamqQsM #Trump2016 #TrumpTrain"
flamekslb,RT @NadelParis: Finger waggin' PinocchioCommunist needs2go #ImWithHer #millennialsforhillary #NewYorkPrimary https://t.co/6lveV70TZ3 https:‚Ä¶
55andwhat,"RT @Bros4Hillary: Thank you to everyone that supported @HillaryClinton in the #WYCaucus!

Next stop? The #NYPrimary! #imwithher https://t.c‚Ä¶"
melodyMcooper,@Nnedi Did you see THE BABADOOK?
c_gac,#ImWithHer #Hillary2016  https://t.co/Yz2JQnSV42
CavsBrownsFan,So is Lebrons jumpshot still regressing?  https://t.co/PrXHm4aH9s
CLHunting1,RT @BikinInMaine: MT @Saint_Obama: Ted Cruz has the best plan. #UniteWithCruz #tcot https://t.co/Tf8hEltmVD #CruzCrew #PJNET
WendyAmirjo,RT @NadelParis: Finger waggin' PinocchioCommunist needs2go #ImWithHer #millennialsforhillary #NewYorkPrimary https://t.co/6lveV70TZ3 https:‚Ä¶
Ajuliannisrael,#NationalSiblingDay ‚ù§Ô∏è https://t.co/lBsO2a3o78
Chiro11Peter,"RT @dawngpsalm63: Thanks for exposing them .@cologop 
#Trump2016 
#TrumpTrain
#DonaldTrump
#AlwaysTrump 
#NeverCruz
#realdonaldTrump  https‚Ä¶"
CatalenaNikole,"RT @realDonaldTrump: ""@jlopez05391: @realDonaldTrump Rochester loves you! See you tomorrow! #MakeAmericaGreatAgain #Trump2016 #TrumpTrain""‚Ä¶"
FlamezdBon,RT @NadelParis: Finger waggin' PinocchioCommunist needs2go #ImWithHer #millennialsforhillary #NewYorkPrimary https://t.co/6lveV70TZ3 https:‚Ä¶
addictionguy,#trump #cruzcrew #gaymarriqge https://t.co/UNLRMGavXt
globaldancer38,RT @AmyDugan: #ImWithHer #ShesSoQualified  https://t.co/YijpVB98Ko
happicook,RT @Able_49: MT @DanMartin_cards: There's Only One RIGHT Choice For POTUS VOTE #TEDCRUZ. #ChooseCruz https://t.co/sG1GZIJTrk #CruzCrew #PJN‚Ä¶
Brandon_Dewyena,RT @NadelParis: Finger waggin' PinocchioCommunist needs2go #ImWithHer #millennialsforhillary #NewYorkPrimary https://t.co/6lveV70TZ3 https:‚Ä¶
khalilaenkci,RT @NadelParis: Finger waggin' PinocchioCommunist needs2go #ImWithHer #millennialsforhillary #NewYorkPrimary https://t.co/6lveV70TZ3 https:‚Ä¶
Shawpsych,"Following @DrSherryPagoto for health psychology, health policy, fitness, and overall academic inspiration. #ScholarSunday"
Josbowm,"RT @Don_Vito_08: üòç WE LOVE THE #TrumpTrain üòç
Stand Strongüí™ &amp; Together üë´
We got this üëä #NeverCruz  @realDonaldTrump @governor_savage https:/‚Ä¶"
pinkcellz,RT @CliffWilkin: MT @LynnMarki: TED CRUZ is a TRUE Conservative that will fight for your Rights! https://t.co/nseKYRVPRF #CruzCrew #PJNET
dayo1946,"He is successful. Yesterday's failed business venture means nothing. Count your mistakes, like your tweet perhaps. https://t.co/2cmBLlVWNq"
Agent_741370,"RT @realDonaldTrump: ""@lilrachiepoo: @realDonaldTrump Thank you, Mr. Trump, for your personal and financial sacrifices in this journey to #‚Ä¶"
jazzy_poet,"RT @LindaSuhler: The truth is like a lion;
you don‚Äôt have to defend it.
Let it loose;
it will defend itself.

#MakeAmericaGreatAgain https:‚Ä¶"
JLoTemple44,"RT @realDonaldTrump: ""@jlopez05391: @realDonaldTrump Rochester loves you! See you tomorrow! #MakeAmericaGreatAgain #Trump2016 #TrumpTrain""‚Ä¶"
clsamuels99,"#MakeAmericaGreatAgain 
#Trump2016 
#VoteforTrump 
#WomanforTrump 
#Women4Trump 
#Trump4President 
#Trumptrain 
 https://t.co/IOYElCVtpk"
klemens_fezrey,RT @NadelParis: Finger waggin' PinocchioCommunist needs2go #ImWithHer #millennialsforhillary #NewYorkPrimary https://t.co/6lveV70TZ3 https:‚Ä¶
myhaIsey,"RT @MR_ATL1087: The longer this primary the more #BernieOrBust looks better and better but, I know me being Black, Gay, and Atheist I'm tar‚Ä¶"
MariaYes2trump,@TheRealBoTz718 Welcome! #TrumpTrain #Trump2016 Together we can #MAGA
Webde__Tictaer,RT @NadelParis: Finger waggin' PinocchioCommunist needs2go #ImWithHer #millennialsforhillary #NewYorkPrimary https://t.co/6lveV70TZ3 https:‚Ä¶
NHCruzn,"RT @DanWantsFreedom: . @tedcruz has #CruzMentum
1.1 billion Twitter hits for #CruzCrew  in online rally, setting records https://t.co/zRykw‚Ä¶"
mwulfeck,"RT @LindaSuhler: üí•RALLY TODAY!
üéâDonald Trump Rochester NYüéâ
‚úîÔ∏è VOTE #Trump2016 #NY
3 PM EDT
#NYPrimary
#NYValues
#TrumpTrainüöÇüá∫üá∏üá∫üá∏
https://t.‚Ä¶"
thebea1005t,RT @NadelParis: Finger waggin' PinocchioCommunist needs2go #ImWithHer #millennialsforhillary #NewYorkPrimary https://t.co/6lveV70TZ3 https:‚Ä¶
SeanGrenier,RT @vivelafra: America's next president.  A true man of the people.  Not a moment too soon. #VoteTrump #Trump2016 https://t.co/q6tzwTfiEB
NHCruzn,"RT @bloodless_coup: #CruzCrew has the delegate wrangling operation Trump says he's capable of having but doesn't. The ""talker"" is ""doing"" w‚Ä¶"
NHCruzn,RT @gerfingerpoken: Nobody's Stealing the Election from #NeverTrump - American Thinker -  https://t.co/bC9OwCSctz   https://t.co/PJm7hGCwqL‚Ä¶
rachee1013,RT @NadelParis: Finger waggin' PinocchioCommunist needs2go #ImWithHer #millennialsforhillary #NewYorkPrimary https://t.co/6lveV70TZ3 https:‚Ä¶
globaldancer38,RT @AmyDugan: #ImWithHer #ShesSoQualified  https://t.co/EZLSA9XEwl
ski_gl,RT @The_Trump_Train: RETWEET if you think Donald Trump will be the hardest working president in history! #MakeAmericaGreatAgain https://t.c‚Ä¶
myhaIsey,RT @ladyjustice179: HELL YEAH !! My fellow vets out there!! RAH! https://t.co/v6GhdYyJLr
starknightz,"@Campaign_Trump &lt;&lt;super strong Trump Supporter, knows Mr Trump! IS REAL
Support/Follow him 
#TrumpTrain 
#Trump2016
 https://t.co/rMfaoFKzRr"
rjoy1919,"RT @NMarco331: I second this pledge @reince , @GOP
But, I've been warning you for weeks now.

#AlwaysTrump #VoteTrump #BurnTheGOP https://t‚Ä¶"
postalamanda,RT @LuvRedWhiteBlue: Yes! Where r my #California #cruzers at?! Pls help spread this! Thk u! #ChooseCruz #CAPrimary #CruzCrew #Cruz2016 üá∫üá∏ h‚Ä¶
cwicrane,8000lb Chiller @ Capriccio https://t.co/Kx7Rv0FTzS
JanAustin13,#Trump2016 !!!  He will #MakeAmericaGreatAgain  https://t.co/rxIOKSPEBe
mrshobbs58,RT @Benelliot3: When is the school going to have an event so Christian students can share their faith &amp; convert the heathens?  #tcot https:‚Ä¶
raindance_ayggm,RT @NadelParis: Finger waggin' PinocchioCommunist needs2go #ImWithHer #millennialsforhillary #NewYorkPrimary https://t.co/6lveV70TZ3 https:‚Ä¶
wingsnhooves,RT @sunbeltgirl: MT @DrSueDVM: I #ChooseCruz bc he has a proven record of defending the Constitution. #tcot #ccot https://t.co/wmGzWAifQz #‚Ä¶
BTime4Truth,RT @Earl_59: MT @CliffWilkin: CRUZ committed to smaller government. https://t.co/ksphq3RyRr #CruzCrew #PJNET
globaldancer38,RT @AmyDugan: #ImWithHer #ShesSoQualified  https://t.co/Uqy7AmlSSW
lthompson812,RT @Spessmen: @realDonaldTrump #Pennsylvania for #Trump . #MakeAmericaGreatAgain https://t.co/aorubNF9Js
DonaldMielke,"RT @realDonaldTrump: ""@jlopez05391: @realDonaldTrump Rochester loves you! See you tomorrow! #MakeAmericaGreatAgain #Trump2016 #TrumpTrain""‚Ä¶"
CavsBrownsFan,How do you make someone shoot better ?  https://t.co/aKLfXfCibo
jccolyer,"We will make ""HERSTORY""w/ @HillaryClinton #HillaryClinton in this 21st Century #ImWithHer because she has #gunsense https://t.co/u2yB0bzdLv"
stevetwiss,"RT @Campaign_Trump: ""TONIGHT - @realDonaldTrump talks to @JudgeJeanine on ""Justice."" @realDonaldTrump #MakeAmericaGreatAgain https://t.co/A‚Ä¶"
gasonalvarado,RT @NadelParis: Finger waggin' PinocchioCommunist needs2go #ImWithHer #millennialsforhillary #NewYorkPrimary https://t.co/6lveV70TZ3 https:‚Ä¶
dpefvo,RT @NadelParis: Finger waggin' PinocchioCommunist needs2go #ImWithHer #millennialsforhillary #NewYorkPrimary https://t.co/6lveV70TZ3 https:‚Ä¶
jeffsonstein,nice https://t.co/jIUp0vcyzt
raiderfanblaine,RT @AnthonyGullo3: #trumptrain @vox4america @jrarvelo @jenilynn1001 @LindaSuhler https://t.co/vUbzaxFisD
mwulfeck,"RT @LindaSuhler: üí•RALLY TOMORROW
üéâDonald Trump Albany NYüéâ
‚úîÔ∏è VOTE #Trump2016 #NY
7 PM EDT 4/11
#NYValues
#NYPrimary
#TrumpTrainüöÇüá∫üá∏üá∫üá∏
https:‚Ä¶"
myanabelleleigh,"RT @YourAmericaHero: If the losers at the Boston Globe are astro-turfing against Donald Trump, that's all the more reason to #VoteTrump! ht‚Ä¶"
KarenSL,"RT @TrumpNewMedia: @realDonaldTrump https://t.co/ftwwndqS1G  AND #JohnKasich are both funded by George Soros!
#Trump2016
#VoteTrump https:/‚Ä¶"
Gramzy7,#ChooseCruz #ccot #NYPrimary https://t.co/UO79tPnQ55
FrankieFusco,G.O.P. WARNING! https://t.co/XzhFB45eZy #MakeAmericaGreatAgain #Trump2016 #TrumpTrain #MAGA #CruzSexScandal #LyinTed
AmberForAmerica,RT @Hutch_USA: MT @TexasSheBandit: #UniteWithCruz the tried &amp; true #Conservative! #ChooseCruz #Cruz2016 https://t.co/xZyila67QQ #CruzCrew #‚Ä¶
Pressphotoadarw,RT @NadelParis: Finger waggin' PinocchioCommunist needs2go #ImWithHer #millennialsforhillary #NewYorkPrimary https://t.co/6lveV70TZ3 https:‚Ä¶
hafstrand,#MakeAmericaGreatAgain #realdonaldtrump #DonaldTrump #gop https://t.co/1CFrUGFfIG
KramelSerl,RT @NadelParis: Finger waggin' PinocchioCommunist needs2go #ImWithHer #millennialsforhillary #NewYorkPrimary https://t.co/6lveV70TZ3 https:‚Ä¶
KermitTheKush,"RT @LindaSuhler: üí•RALLY TOMORROW
üéâDonald Trump Albany NYüéâ
‚úîÔ∏è VOTE #Trump2016 #NY
7 PM EDT 4/11
#NYValues
#NYPrimary
#TrumpTrainüöÇüá∫üá∏üá∫üá∏
https:‚Ä¶"
EdSkipper,RT @peterdaou: Absolutely FASCINATING research on @SenWarren being seen as unlikable and untrustworthy in MA race: https://t.co/KFYEnQJgNi‚Ä¶
Cover3dPro,RT @NadelParis: Finger waggin' PinocchioCommunist needs2go #ImWithHer #millennialsforhillary #NewYorkPrimary https://t.co/6lveV70TZ3 https:‚Ä¶
GWhiteheart,"RT @realDonaldTrump: ""@governor_savage: @realDonaldTrump is the only person who can save us from this corrupt political mess. #MakeAmericaG‚Ä¶"
MariaYes2trump,@lindapezzino Welcome! #TrumpTrain #Trump2016 Together we can #MAGA
WatersCmw,Sick/tired of #BernBots they attack ppl thinking WE will go away. Just shows how young &amp; uneducated they r. #GrowUp https://t.co/REnjZtj87W
thetallpony,#TedCruz will not falter in his support for our great ally Israel! #ChooseCruz https://t.co/nH9vGzls4h
WatersCmw,"RT @IrisL49: Used to think Sanders=Trump Lite, now know nothing lite about him. #ImWithHer https://t.co/Iey9elrSfV"
Jackie999666111,RT @Earl_59: MT @TeriGRight: Why does #TedCruz fight? This election is about the NEXT Generation! #TCOT https://t.co/Cf4iL7mMSn #CruzCrew #‚Ä¶
MercysFight,#NewYorkValues ----&gt; #NeverTrump  NO to #Trump2016 #MakeAmericagreatagain #MAGA by NOT voting Trump! https://t.co/cZcNJVgSDM
pinkcellz,RT @PatriotGinger: MT @Karee_news: #America will hold her head high again with @TedCruz leading we the people. https://t.co/QUIdy1Hq6u #Cru‚Ä¶
KevinNLaura2010,RT @tedcruz: Thank you Colorado for another resounding victory! https://t.co/PXWWcifJKK #ChooseCruz #CruzCrew https://t.co/zhMVq5QpeH
coldwomaninmn,RT @damonbethea1: She walks away from Wyoming winning!  Split delegates &amp; performed better than expected. Thanks #WYCaucus! #ImWithHer http‚Ä¶
CodysdadEd,"KILLER 'CHE',CASTRO BROS,DARLINGS OF THE LEFT! CREATED THE UTOPIA OF CUBA ON THE BONES OF THE DEAD #VOTETRUMP #NYPA https://t.co/DLViY3Vz7O"
HortonsEnjoying,another fantastic godless day...ENJOY every minute
winesandspitisr,RT @NadelParis: Finger waggin' PinocchioCommunist needs2go #ImWithHer #millennialsforhillary #NewYorkPrimary https://t.co/6lveV70TZ3 https:‚Ä¶
KermitTheKush,"RT @LindaSuhler: üí•RALLY TODAY!
üéâDonald Trump Rochester NYüéâ
‚úîÔ∏è VOTE #Trump2016 #NY
3 PM EDT
#NYPrimary
#NYValues
#TrumpTrainüöÇüá∫üá∏üá∫üá∏
https://t.‚Ä¶"
Phonsascu,RT @NadelParis: Finger waggin' PinocchioCommunist needs2go #ImWithHer #millennialsforhillary #NewYorkPrimary https://t.co/6lveV70TZ3 https:‚Ä¶
KevinMLevy,"Fmr First Lady, 2X Senator, Fmr SecState. Nope. Not qualified. 30 year Congressman? Sure why not. #ImWithHer https://t.co/mmzBJR9Gbp"
rai6_,"RT @realDonaldTrump: ""@Genie115: #MakeAmericaGreatAgain we can only do that with @realDonaldTrump RT https://t.co/RViAgxoa4t"""
Chrismas29,#ImWithHER #ImWithJane #JaneSanders #FeeltheBern #StillSanders https://t.co/pthEOkAeNB
SidneyECerrat,RT @NadelParis: Finger waggin' PinocchioCommunist needs2go #ImWithHer #millennialsforhillary #NewYorkPrimary https://t.co/6lveV70TZ3 https:‚Ä¶
4AmericaToday,"RT @Lrihendry: Jesus out, Mohammad in! Disgusting! Vernon Hills High, IIL https://t.co/YCssamqQsM #Trump2016 #TrumpTrain"
DrCongress,"Dear #Congress, either do you're Job or you're https://t.co/EVOGY5Mkw4  https://t.co/w81vsgmtMq"
cw6ft2ntx,"RT @ZephyrusMatrix: @cw6ft2ntx @realDonaldTrump Obama has been so wrong and incompetent about so many things, this promise gives me hope.
#‚Ä¶"
helenmag,RT @Code_switcher: Bernie only has 42% of the popular vote. So urging super delegates to vote the will of the ppl means vote Hillary. #Feel‚Ä¶
skyoversc,#BernieOrBust https://t.co/eivp3ZvoRf
StephMink,"RT @NMarco331: I second this pledge @reince , @GOP
But, I've been warning you for weeks now.

#AlwaysTrump #VoteTrump #BurnTheGOP https://t‚Ä¶"
55andwhat,RT @good2bgreene: What the actual hell is wrong with these people? No wonder #ImWithHer #AutismMom #AutismAcceptance #HillYes  https://t.co‚Ä¶
majicmirror16,Join the #CruzCrew on the other side of crazy: https://t.co/ASKeGi6cEY :CCPAC4Cruz:When's JeffRoe and the #CruzCr‚Ä¶ https://t.co/IfhC6W1pFQ
AmazonTraveler,"RT @joelbousley: This is not very progressive. If so, count me out. He deleted his comment. Below is a screenshot. #wtf #ImWithHer https://‚Ä¶"
02757myla,RT @veganvecoh: Actor Lou Ferrigno Endorses Donald Trump for President. VOTE #Trump2016 #TrumpTrain #MakeAmericaGreatAgain https://t.co/QA8‚Ä¶
isollitaa,RT @NadelParis: Finger waggin' PinocchioCommunist needs2go #ImWithHer #millennialsforhillary #NewYorkPrimary https://t.co/6lveV70TZ3 https:‚Ä¶
peachesgirli23,"RT @Don_Vito_08: ""WAKE UP"" 
#CruzCrew #Trump  #TedCruz 

SEE: https://t.co/vEQH5MG21w  

WOW: https://t.co/ou9hCpu5vW 
@mitchellvii https:/‚Ä¶"
DanMartin_cards,RT @PatriotGinger: MT @DanMartin_cards: There's Only One RIGHT Choice For POTUS VOTE #TEDCRUZ. #ChooseCruz https://t.co/BBLxd9Iuit #CruzCre‚Ä¶
DrCongress,"Dear #Congress, either do you're Job or you're https://t.co/EVOGY5Mkw4  https://t.co/RUIaTrG4Pd"
LADYGAGAFIRST,RT @EricTrump: #CharlieDog wants to #MakeAmericaGreatAgain #TrumpPets #TrumpDog https://t.co/BjcAXlR91H
BHogg93,"RT @WayneDupreeShow: .@KatrinaPierson spills the beans again: ‚ÄúThe Bush people are now running Cruz's campaign"" https://t.co/0xC8y2CfEE #Tr‚Ä¶"
truckerbeast,"RT @TeresaEdelglass: ‚ö†Ô∏èA vote 4 #Kasich or #Cruz is a vote 4 a brokered convention.

‚û°Ô∏èTHE CORRUPT GOP EST PICKS OUR NOMINEE‚ÄºÔ∏è

Vote common‚Ä¶"
DrCongress,"Dear #Congress, either do you're Job or you're https://t.co/EVOGY5Mkw4  https://t.co/QOctcztc4F"
Csinaco,"RT @22Americanfirst: #Trump2016 #Trump #TrumpTrain #MakeAmericaGreatAgain #DonaldTrump #OnlyTrump #PresidentTrump #WomenForTrump
  
   http‚Ä¶"
JoelMMann,@kirstiealley @carrie_coconut what's wrong is that our celebrities have the right to freedom of speech too. #VoteTrump
JDDavidSerrano,RT @NadelParis: Finger waggin' PinocchioCommunist needs2go #ImWithHer #millennialsforhillary #NewYorkPrimary https://t.co/6lveV70TZ3 https:‚Ä¶
jeffsonstein,+100 https://t.co/bIEQnycSLY
Hamigakiwanwan,#ImWithHer #NYPrimary #NewYork  https://t.co/rOksLdGxiE
MariaYes2trump,@CorruptMsm Welcome! #TrumpTrain #Trump2016 Together we can #MAGA
eDaleraam,RT @NadelParis: Finger waggin' PinocchioCommunist needs2go #ImWithHer #millennialsforhillary #NewYorkPrimary https://t.co/6lveV70TZ3 https:‚Ä¶
Bio_Dallas,"RT @realDonaldTrump: ""@jlopez05391: @realDonaldTrump Rochester loves you! See you tomorrow! #MakeAmericaGreatAgain #Trump2016 #TrumpTrain""‚Ä¶"
Jackie999666111,RT @ggeett37aaa: MT @TexanCat #WeThePeople have asked for this brand of leadership for years. It's time: VOTE CRUZ! https://t.co/A1KYHwiMI4‚Ä¶
GOT7news,160410 || ŸÇŸàÿ™ ÿ≥ŸäŸÅŸäŸÜ ŸÅŸä ÿ≠ÿØÿ´ ŸÅÿßŸÜ ÿ≥ÿßŸäŸÜ ÿßŸÜÿ™ÿ¥ŸàŸÜ ( ŸäŸàŸÜÿ∫ÿ¨ÿßŸä ) https://t.co/3rLpKHtwnT
DanMartin_cards,RT @PatriotJewel: MT @DanMartin_cards: There's Only One RIGHT Choice For POTUS VOTE #TEDCRUZ. #ChooseCruz https://t.co/YSCuf4jsB8 #CruzCrew‚Ä¶
PeterJTParker,"RT @TrumpNewMedia: @realDonaldTrump LEAKED: HILLARY/SOROS BEHIND ANTI-TRUMP VIOLENCE! #WATCH: https://t.co/5YnocpV2XU 
#VoteTrump
#tcot htt‚Ä¶"
Gramzy7,RT @CliffWilkin: MT @TeriGRight: Americans DESERVE One-on-One Debate in a 2 Man Race! DEMAND IT! https://t.co/LBhZQ9pTqT #CruzCrew #PJNET
Bart_39,MT @TeriGRight: Why does #TedCruz fight? This election is about the NEXT Generation! #TCOT https://t.co/BAfSnInrHd #CruzCrew #PJNET
DrCongress,"Dear #Congress, either do you're Job or you're https://t.co/EVOGY5Mkw4  https://t.co/m3MV0FAoJS"
JeffMcIrish,Not that #Trumpkins care how much their cult leader lies. https://t.co/IWGaFYazuh
DrCongress,"Dear #Congress, either do you're Job or you're https://t.co/EVOGY5Mkw4  https://t.co/vT0wiACiQM"
KonzieK2,"RT @pondlizard: Ted Cruz said to @oreillyfactor, ""you defend him a lot Bill. #NYprimary #TEDCRUZ2016 #CruzCrew Just sayin https://t.co/CoSO‚Ä¶"
ShermansNotes,RT @ceodvf: FELLOW NY  MEDIA LIBERAL RUPERT MURDOCH WHO OWNS @FoxNews TURNED IT INTO TRUMP CHANNEL #PJNET #NeverFOX  #CHOOSECRUZ https://t.‚Ä¶
DrCongress,"Dear #Congress, either do you're Job or you're https://t.co/EVOGY5Mkw4  https://t.co/vW6s36nBel"
MariaYes2trump,@MCCNP Welcome! #TrumpTrain #Trump2016 Together we can #MAGA
BOLG8TR,RT @jmeden: BREAKING: 2011 Video From Cruz Senate Campaign Proves He Opposed Amnesty https://t.co/sF2OvqPoJP #CruzinwithCruz #ChooseCruz
AmazonTraveler,"RT @GareBearEsq: As a disabled War era veteran, @Thom_Hartmann can kiss my ass. Yeah, talking about you, Hartmann. You're an asshole https:‚Ä¶"
ISABELVERDECIA,@SpeakerRyan you need to be reform you and your clan
Africanfighter,"RT @Bros4Hillary: Thank you to everyone that supported @HillaryClinton in the #WYCaucus!

Next stop? The #NYPrimary! #imwithher https://t.c‚Ä¶"
DrCongress,"Dear #Congress, either do you're Job or you're https://t.co/EVOGY5Mkw4  https://t.co/GF7AtmtA0K"
DrCongress,"Dear #Congress, either do you're Job or you're https://t.co/EVOGY5Mkw4  https://t.co/p0Fbhmaifz"
WilliamRFelder,"RT @TrumpNewMedia: @realDonaldTrump NOTHING WILL CHANGE WITHOUT #TRUMP &amp; THAT IS A FACT #RISEUPAMERICA &amp; #VOTETRUMP
#VoteTrump
#tcot https:‚Ä¶"
Jackie999666111,RT @Earl_59: MT @GarageDoorExpo: #headtohead #CruzCrew progressive populism vs true constitutionalist conservative. https://t.co/8680MseqNB‚Ä¶
New4Hillary2016,RT @RandPitt: Pics from @HillaryClinton 's Rally in #Pittsburgh #ImWithHer #HillaryClinton #Hillary2016 @ladivaxxx https://t.co/UezdzsWSrS
deetzie0825,RT @nepafortrump: #WeThePeople of PENNSYLVANIA support @realDonaldTrump &amp; PA DELEGATE @George_Blauer (PA-17) to #MakeAmericaGreatAgain http‚Ä¶
Latinas4Hillz,"RT @peterdaou: RUH ROH: In '08, #TadDevine Predicted ‚ÄòVery Bad Reaction‚Äô If Superdelegates Contradicted Will of Voters https://t.co/DXavLMc‚Ä¶"
Gramzy7,RT @Bart_39: MT @CatholicVote: We are proud to endorse Ted Cruz for President. https://t.co/EEEgORftJh #CruzCrew #PJNET
DrCongress,"Dear #Congress, either do you're Job or you're https://t.co/EVOGY5Mkw4  https://t.co/Co0WUrfs1U"
lelandspeed,"We've got a chance to make a difference in direction USA is going. Take care of our own or subservient to others. 

#MakeAmericaGreatAgain"
HiHoblue22P,"#Trump Loves the world but Loves America 1st.  Let's call it family 1st.
#VoteTrump #NJPrimary #PAprimary #CAPrimary https://t.co/9QlJJDIGXu"
kxyysjxjx_,RT @ladyjustice179: HELL YEAH !! My fellow vets out there!! RAH! https://t.co/v6GhdYyJLr
DrCongress,"Dear #Congress, either do you're Job or you're https://t.co/EVOGY5Mkw4  https://t.co/3G8Jr4BypZ"
DanMartin_cards,RT @sunbeltgirl: MT @DanMartin_cards: There's Only One RIGHT Choice For POTUS VOTE #TEDCRUZ. #ChooseCruz https://t.co/tcJzC43kMU #CruzCrew‚Ä¶
CliffWilkin,"Be a part of #PJNET's live #CruzCrew meetup/tweetup. Live Chat, Cruz videos, and more! #UniteWithCruz https://t.co/1FEyiybcxI"
bkmb8665,"RT @sandyaschneider: WTF... Ted Cruz came in 3rd in South Carolina... But now he stole the delegates, meaning your vote does not count #Tru‚Ä¶"
MPN_JSherwood,Is college education worth the cost? @MPN_MelodyBurri explores #MPNnow https://t.co/nn3Tsb4kNT
DrCongress,"Dear #Congress, either do you're Job or you're https://t.co/EVOGY5Mkw4  https://t.co/sF1LKtEyDQ"
coke_usa,@laynier @Plantflowes @TheFix  Theres  something dangerously  wrong with BS campaign Believe what you see #ImWithHer
pellett48,@sasha3taylor @msnbc Bernie became Dem 2 use party &amp; now wants Dems 2 change rules 2 suit him #HillYes https://t.co/rW3C8sJHCV
Danno_a_Jyd,"You mean Trump is a quitter @realDonoldTrunp.

#MakeAmericaGreatAgain
#NeverTrump #LIAR
#TrusTed #CruzCrew #USA1st
https://t.co/I3pfXqE3x0"
BeautyByDanlaie,RT @NadelParis: Finger waggin' PinocchioCommunist needs2go #ImWithHer #millennialsforhillary #NewYorkPrimary https://t.co/6lveV70TZ3 https:‚Ä¶
LifeWithJRDN,RT @ChamoyChulo: #MakeAmericaGreatAgain #ImWithHer https://t.co/6vZdAokyE9
AmberForAmerica,MT @FranklinMan25: Ted Cruz calls the enemy by name! and  will utterly destroy ISIS! https://t.co/NvHn3l7AmV #CruzCrew #PJNET
ZVBK,RT @tedcruz: Thank you Colorado for another resounding victory! https://t.co/PXWWcifJKK #ChooseCruz #CruzCrew https://t.co/zhMVq5QpeH
mollygrentzer,we all got messed up somehow along the way
wyobuck,So did Cruz! https://t.co/PTMRD7Wymr
ali_scarmel,RT @TrumpNewMedia: @realDonaldTrump Cannot #TRUST politicians 'Only #DonaldTrump can &amp; will #MakeAmericaGreatAgain for all Americans'! http‚Ä¶
DanMartin_cards,RT @PatriotJewel: MT @bcwilliams92: If This Is Your List Then Ted Cruz Is your Guy. https://t.co/YjGTM8rDHz #CruzCrew #PJNET
momlovesfilm,@RasaRestaurant_ Brownie sundae!
Jackie999666111,"RT @PatriotJewel: MT @ChuckNellis: Serious times require a serious candidate, #TedCruz. #SCPrimary https://t.co/1714IvyWkb #CruzCrew #PJNET"
slipcases,"RT @oregondemocrat: Check it out, New Yorkers! https://t.co/TqjdpnHp54"
lastpatriotsusa,#lastpatriotsusa #CRUZ #cruzsexscandal  #MakeAmericaGreat #cubanmistresscrisis #AmericaFirst #GOPe #NY4TRUMP #TRUMP https://t.co/ezax1A2ZkB
DrCongress,"Dear #Congress, either do you're Job or you're https://t.co/EVOGY5Mkw4  https://t.co/z1ZOkimxYo"
texaslightpaoer,RT @NadelParis: Finger waggin' PinocchioCommunist needs2go #ImWithHer #millennialsforhillary #NewYorkPrimary https://t.co/6lveV70TZ3 https:‚Ä¶
Chiro11Peter,"RT @dawngpsalm63: More proof of .@cologop cheating the tweet &amp; locking out Trump delegates &amp; this üî•üí£
#BurnTheGop 
#TrumpTrain
#Trump  https‚Ä¶"
Gramzy7,RT @AmberForAmerica: MT @CliffWilkin: Led way to preserve the words 'under God' in the Pledge of Allegiance. https://t.co/WDyrO0IbAr #CruzC‚Ä¶
dcsharp11,"RT @TrumpNewMedia: @realDonaldTrump https://t.co/ftwwndqS1G  AND #JohnKasich are both funded by George Soros!
#Trump2016
#VoteTrump https:/‚Ä¶"
MaxCUA,RT @maxlydic: #TrumpTrain 6 hrs and 39 mins to the Rally Rochester NY 3 PM EDT 4-10-16 https://t.co/dlpofoD9IS https://t.co/uSOdptah4u
MariaYes2trump,@laurieschl Welcome! #TrumpTrain #Trump2016 Together we can #MAGA
SuckMyLEFTJuan,"RT @Libertea2012: RT: If we win NY by a sizeable margin, we truly believe the establishment‚Ä¶ https://t.co/o9rsGCZ8rY #BernieStrong https://‚Ä¶"
FedUpPolitics,#FireSchultz #FeelTheBern #ImWithHer  Debbie Wasserman Schultz breaks with Obama on Cuba  https://t.co/ITIrs7ooGg
crazyfamilyomg,RT @slipcases: #Bernbot with sock account tries to lecture Hillary Clinton. Forgets the irony. https://t.co/GkBfPtZ80J
lorrainemadelyn,@alexis_tubbs love love love ‚ù§Ô∏è
Stargzr214,RT @maxlydic: #TrumpTrain 6 hrs and 39 mins to the Rally Rochester NY 3 PM EDT 4-10-16 https://t.co/dlpofoD9IS https://t.co/uSOdptah4u
GOT7news,160410 || ŸÇŸàÿ™ ÿ≥ŸäŸÅŸäŸÜ ŸÅŸä ÿ≠ÿØÿ´ ŸÅÿßŸÜ ÿ≥ÿßŸäŸÜ ÿßŸÜÿ™ÿ¥ŸàŸÜ ( ŸäŸàŸÜÿ∫ÿ¨ÿßŸä ) https://t.co/AQFnwGwHUh
DanMartin_cards,RT @eph_415: Voting Principle #2 : Walk InTEDgrity -- https://t.co/pTyFr16EtB #Wisconsin #PJNET #CCOT #WI
jan_claine,"Wake Up America!
#NYPrimary #CTPrimary #DEprimary #MDPrimary #PAprimary #RIPrimary #CAPrimary #BurnTheGOP #INPrimary https://t.co/KINjf3F9lO"
Mariatweets3,"@trscoop @digisimplified HMMMM!...
#IamHeidi!!!
#SleazyDonald!!!
#ChooseCruz
#CruzToVictory
#NeverTrump
#DumpTrump
#NeverKasich"
Gramzy7,RT @CruzinAhead: @TedCruz: A Man with a Mission to Save America!!! Join Us on Our Mission: https://t.co/MeyX4TacSh. #CruzCrew #PJNET https:‚Ä¶
ZVBK,"RT @ToddHagopian: ATTENTION #CruzCrew:

#Kasich sent ""vote Kasich"" flyers to #Cruz delegates in OH, then stabs us in the back in MI.  

He‚Ä¶"
fondaconley14,RT @TimBartender: HRC supporters brag about results from a rigged election. Then they wonder why I'm #BernieorBust #FeelTheBern https://t.c‚Ä¶
ClickErik,"@AlexisAnalog @EMULSIVEfilm @zen_bones Have a look at the DR5 site. https://t.co/JIbu5ykFH0 I have no connection, just a happy customer."
GoslarSheri,"RT @realDonaldTrump: ""@governor_savage: @realDonaldTrump is the only person who can save us from this corrupt political mess. #MakeAmericaG‚Ä¶"
MaxCUA,"RT @OnlyHotyP: #Trump2016 MAHER: Michelle Fields Has Lived Life of ‚ÄòCharmed, Lucky, Clueless‚Ä¶ https://t.co/eV17wAx4oJ #TrumpTrain https://t‚Ä¶"
DanMartin_cards,RT @moosemangler1: MT @DanMartin_cards: There's Only One RIGHT Choice For POTUS VOTE #TEDCRUZ. #ChooseCruz https://t.co/57nfjRHkCW #CruzCre‚Ä¶
MaxCUA,RT @OnlyHotyP: #Trump2016 Zoltan Istvan: ‚ÄòHalf of Americans Will Probably Have a Robot in‚Ä¶ https://t.co/kNNy0LdpA4 #TrumpTrain https://t.co‚Ä¶
BostonBroker33,Feel the Bern? #TrumpTrain #BernieSanders  https://t.co/skcT2Eybjc
thatguygavinaf,@prayingfodick @wedgefry what do https://t.co/OBT3ntzCNw
KevinNLaura2010,RT @rafealcuzr66: #CruzCrew: RT TexasTribune: .TedCruz sweeps delegates up for grabs in Colorado | PatrickSvitek reports: ‚Ä¶ https://t.co/yn‚Ä¶
leah_grines,RT @TcDobard: Well.. Wendy's been the move anyway  https://t.co/1TxZaZm80M
Patriotjan,"RT @TeresaEdelglass: ‚ö†Ô∏èA vote 4 #Kasich or #Cruz is a vote 4 a brokered convention.

‚û°Ô∏èTHE CORRUPT GOP EST PICKS OUR NOMINEE‚ÄºÔ∏è

Vote common‚Ä¶"
bony_rabbit,"RT @Libertea2012: RT: If we win NY by a sizeable margin, we truly believe the establishment‚Ä¶ https://t.co/o9rsGCZ8rY #BernieStrong https://‚Ä¶"
JD06185,"RT @immigrant4trump: The American people are DONE with career politicians
""GO OUT &amp; #VoteTrump #Trump2016 #NY #NYPrimary @realDonaldTrump h‚Ä¶"
BTime4Truth,"RT @DarleneHBrook: .@newzealblog Donald Trump's HUGE admiration for Globalists https://t.co/k1htaB6NH1 https://t.co/Oxg8v2ljCj
#NYPrimary #‚Ä¶"
Jackie999666111,"RT @BikinInMaine: MT @ChuckNellis: Yes y'all, I did get @tedcruz to autograph my Maniacs For Cruz shirt! https://t.co/BrjHJ4Ulw3 #CruzCrew‚Ä¶"
ArianaNewcombe,RT @LibertyUSA1776: 2 Trump kids won't be voting for Dad in #NYPrimary üëâüèæ Registered Dems! https://t.co/uTNUcnjQlQ #PAPrimary #CAPrimary #C‚Ä¶
MercysFight,10 Things Trump Said But Says He Didn‚Äôt https://t.co/Vjpeq0A2Sf #NewYorkValues  #NeverTrump  #Trump2016 #MakeAmericagreatagain #MAGA
MaxCUA,RT @OnlyHotyP: #Trump2016 Four Men Arrested After Terrifying Anti-Semitic Attack On Jewish‚Ä¶ https://t.co/3lT7WjkCOa #TrumpTrain https://t.c‚Ä¶
DanMartin_cards,RT @sow_with_vision: MT @DanMartin_cards: There's Only One RIGHT Choice For POTUS VOTE #TEDCRUZ. #ChooseCruz https://t.co/YnG5qMzCnH #CruzC‚Ä¶
BanditGolf,"RT @CCPAC4Cruz: When's @JeffRoe and the #CruzCrew gonna bring the Italian-Irish #MamaCruz to Throggs Neck, Bay Ridge, College... https://t.‚Ä¶"
zabraouti,@HowardKurtz @HeidiPrzybyla @gayletrotter HOWIE SHOP AT ALDI IN ARIZONA  WHILE WRKING CHEAP BALLAONEY 1  LB/1.00  AND LOAF OF WHEAT 1.00 $
BelleForTrump,"RT @realDonaldTrump: ""@governor_savage: @realDonaldTrump is the only person who can save us from this corrupt political mess. #MakeAmericaG‚Ä¶"
jamielmjones,@badmoreee  https://t.co/6AllUOvuwB
DanMartin_cards,RT @DefundTheGOP101: MT @DanMartin_cards: There's Only One RIGHT Choice For POTUS VOTE #TEDCRUZ. #ChooseCruz https://t.co/eefYgy1KH9 #CruzC‚Ä¶
MarinaPatsina,RT @NadelParis: Finger waggin' PinocchioCommunist needs2go #ImWithHer #millennialsforhillary #NewYorkPrimary https://t.co/6lveV70TZ3 https:‚Ä¶
TCuccio,RT @CC4Ted: Led fight of 31 states &amp; won 4 our 2A #NeverTrump bought pols 4 favors #ChooseCruz #PJNET #WIPrimary #NYPrimary https://t.co/9G‚Ä¶
MaxCUA,RT @OnlyHotyP: #Trump2016 Report: Radical Islamist Enclave Growing In South-East Europe https://t.co/xhshXSheEg #TrumpTrain https://t.co/Mb‚Ä¶
KevinNLaura2010,RT @LuvRedWhiteBlue: #CruzCrew n #California here's info if u want 2help n Cali! Email Jason at Mbrown@tedcruz.org &amp; let him knw! Pls RT! h‚Ä¶
Nickmart1986,"RT @realDonaldTrump: ""@jlopez05391: @realDonaldTrump Rochester loves you! See you tomorrow! #MakeAmericaGreatAgain #Trump2016 #TrumpTrain""‚Ä¶"
ISABELVERDECIA,@zbyronwolf @CNNPolitics @ChristineRomans @Boris_Sanchez @CNN your news in Waco
relaxedinthenow,"RT @TomKeough: Instant Karma Strikes Hillary Clinton's Teacher Tweet
#ToneDownForWhat #BernieOrBust #FeelTheBern #HillNo not ever! https://‚Ä¶"
2016twg,#MakeAmericaGreatAgain #TeamWhite #GOP #TrumpCommunity https://t.co/uaqWRWRW7n
jefffogle342,RT @Benelliot3: When is the school going to have an event so Christian students can share their faith &amp; convert the heathens?  #tcot https:‚Ä¶
Sonyas_Thoughts,"RT @poodlelove55: If they deny @realDonaldTrump, I believe I have no choice but to leave party that proves itself corrupt! #VoteTrumpüåü http‚Ä¶"
annie5133,RT @Code_switcher: Bernie only has 42% of the popular vote. So urging super delegates to vote the will of the ppl means vote Hillary. #Feel‚Ä¶
ju9_1,RT @The_Trump_Train: #MakeAmericaGreatAgain https://t.co/OMDEjaOoq6
TheRosie,"RT @Socialist_Times: Stop shaming women who support Bernie into voting for Clinton https://t.co/FNym35huFt
#Women4Bernie #ImWithHer #P2 htt‚Ä¶"
olimassociates,"RT @Libertea2012: RT: If we win NY by a sizeable margin, we truly believe the establishment‚Ä¶ https://t.co/o9rsGCZ8rY #BernieStrong https://‚Ä¶"
kathcoll2006,"RT @TrumpNewMedia: @realDonaldTrump LEAKED: HILLARY/SOROS BEHIND ANTI-TRUMP VIOLENCE! #WATCH: https://t.co/5YnocpV2XU 
#VoteTrump
#tcot htt‚Ä¶"
coke_usa,"RT @StanLeeGee: America Loves Obama and I do too, Obama said #HillarySoQualified. #ShesWithUs and #ImWithHer #UniteBlue #VoteBlue  https://‚Ä¶"
TomBennett1228,RT @Libertea2012: RT: Let's make a Bernie win in New York the next historic victory of this‚Ä¶ https://t.co/rL6HPxLGr3 #BernieStrong https://‚Ä¶
brendanoe60,"RT @trump_world: ""Politicians let us down! Now Its payback time!"" @realDonaldTrump #Trump #Trump2016 #MakeAmericaGreatAgain https://t.co/el‚Ä¶"
JJ_DeForest,#ImWithHer #FeelTheBern Good Sunday morning to all of us working for our candidates @HillaryClinton @BernieSanders
AwakeDeborah,"RT @tgradous: #Cruz Gains Majority of Delegates at Colorado Convention: 'In 10 Elections, We've Beaten @realDonaldTrump
#CruzCrew  https://‚Ä¶"
2016HillaryGo,So do you want TRUE PLAYERS playing this game or some irresponsible unelectable poor people's old man? #ImWithHer  https://t.co/lRO2EPa4QG
stevetwiss,"RT @realDonaldTrump: ""@governor_savage: @realDonaldTrump is the only person who can save us from this corrupt political mess. #MakeAmericaG‚Ä¶"
DanMartin_cards,RT @BornOnTheBayou9: MT @DanMartin_cards: There's Only One RIGHT Choice For POTUS VOTE #TEDCRUZ. #ChooseCruz https://t.co/EcxrApp5lE #CruzC‚Ä¶
AltimariVincent,What about Nevada?? What's the story with Arizona?? https://t.co/qIcf2YGSLZ
brendanoe60,RT @trump_world: @realDonaldTrump @becker_berta @vivhall3 @Reince https://t.co/9Wyot5IMRJ
GabrielBerlin,@Chaosfux schaue ich mir sofort an!
DumpChumpTrump,"@BernieSanders will LOSE all the BIG EAST states like NY, NJ, PA, Maryland, then run out West win Oregon then say I GOT BIG MO, PICK ME!"
DanMartin_cards,RT @ErinLichnovsky: MT @DanMartin_cards: There's Only One RIGHT Choice For POTUS VOTE #TEDCRUZ. #ChooseCruz https://t.co/MhWNvlNz9K #CruzCr‚Ä¶
elgaleaselwa,RT @NadelParis: Finger waggin' PinocchioCommunist needs2go #ImWithHer #millennialsforhillary #NewYorkPrimary https://t.co/6lveV70TZ3 https:‚Ä¶
emerylittle3,Donald Trump HUGE 8ft #TrumpTrain 2016 Banner Sign #republican  #2a #republican https://t.co/nhobllYP5F
Z71dunes,"RT @DanScavino: #TrumpTrainüöÇüí®üá∫üá∏üá∫üá∏üá∫üá∏üá∫üá∏üóΩ
WELCOME AMERICA'S MAYOR, Rudy Giuliani! #Trump2016 #MAGA 
#NewYorkValues https://t.co/4BvNiCAboU"
ju9_1,RT @The_Trump_Train: RETWEET if you think Donald Trump will be the hardest working president in history! #MakeAmericaGreatAgain https://t.c‚Ä¶
ImDonnyMcDonald,Donald Trump #TrumpTrain 2016 Large Black Custom Decal IntlShip #republican  #rnc #2a #gop #tcot https://t.co/YqwV4AsCsA
hillx123,#WomenForTrump Hear us Roar...WE will help @realDonaldTrump #MakeAmericaGreatAgain  https://t.co/2HyKRbfdPb
DMNCBIRD,7? Quivering in her boots! #ImWithHer @SueinRockville  https://t.co/B0mQBWZ4Dj
AltimariVincent,"RT @Libertea2012: RT: Eight straight wins. If we win New York, the establishment turns on the HRC campaign. Let's‚Ä¶ #BernieStrong https://t.‚Ä¶"
DNosegotten,#FeelTheBern #BernieInPhilly #BernieInTheBronx #ImWithHer #NYPrimary #HillarySoQualified #HillaryResearch #bernout https://t.co/feRLnekQu4
AugieMartello,What a line of Shit! Here is a better one Hillary wins everybody must learn the Quran or die ! Market sinks https://t.co/nxQYJPtTh5
ZVBK,"RT @cruzgrassroots: .@TedCruz defended your right to DEFEND YOURSELF at #SCOTUS!
#CruzCrew #PJNET #TCOT #NRA #2A #NYPrimary #PAprimary http‚Ä¶"
SumSumCausey,RT @TimBartender: HRC supporters brag about results from a rigged election. Then they wonder why I'm #BernieorBust #FeelTheBern https://t.c‚Ä¶
UTHornsRawk,"RT @TrumpNewMedia: @realDonaldTrump THE #TRUTH THE AMERICAN MEDIA HIDES FROM PEOPLE! #WATCH: https://t.co/sw9H3UnVtf
#VoteTrump
#Trump http‚Ä¶"
tsar_vapro,RT @NadelParis: Finger waggin' PinocchioCommunist needs2go #ImWithHer #millennialsforhillary #NewYorkPrimary https://t.co/6lveV70TZ3 https:‚Ä¶
oooonoelleoooo,RT @tcmccarthy_: @cologop hacking can b a federal crime. You have 2 report it. On the other hand filing a false police report is also a cri‚Ä¶
45thPOTUS_Trump,RT @realCalvinHobbs: Senator Mark Allen Oklahoma R Endorses Donald Trump for President #NY https://t.co/9CZxPdfB8V #Trump #NeverCruz #PA ht‚Ä¶
DanMartin_cards,RT @SuperCzech01: MT @DanMartin_cards: There's Only One RIGHT Choice For POTUS VOTE #TEDCRUZ. #ChooseCruz https://t.co/oA0Yp9K3sX #CruzCrew‚Ä¶
sigche,RT @XPravdaX: Economic Enslavement #BernieStrong #WeNotMe #WeAreBernie #FeelTheBern #BernieOrBust #StillBernie https://t.co/LxLKznyPFe
ProudEleanor,"Brought tears to my eyes. Hillary has a ""heart to serve"" that's why #ImWithHer #Hillary2016  https://t.co/MFoTsD2Cah"
vernicekaminska,@realDonaldTrump  #TrumpTrain  #Women4Trump https://t.co/oKkseg6bQf
GOT7news,160410 || ŸÇŸàÿ™ ÿ≥ŸäŸÅŸäŸÜ ŸÅŸä ÿ≠ÿØÿ´ ŸÅÿßŸÜ ÿ≥ÿßŸäŸÜ ÿßŸÜÿ™ÿ¥ŸàŸÜ ( ŸÖÿßÿ±ŸÉ ) https://t.co/fR4ttIg4iQ
wolfmother16,RT @Libertea2012: RT: New York you've shown us so much love! Keeping being you and get out the‚Ä¶ https://t.co/rhWuKSWXJc #BernieStrong https‚Ä¶
JayStylus,"RT @Ma_Mick_: Trump is just realizing that running US isn't something you loan your name 2 4 a fee, file bankruptcy on &amp; walk away https://‚Ä¶"
alyssastew77,"RT @TeresaC85469500: 750,000 illegals costing New York Taxpayers $5.1 Billion per Year!

#VoteTrump 4 USA üá∫üá∏

https://t.co/Pal0Pgxbpg https‚Ä¶"
Montana0323,RT @OnlyHotyP: #Trump2016 Report: Radical Islamist Enclave Growing In South-East Europe https://t.co/xhshXSheEg #TrumpTrain https://t.co/Mb‚Ä¶
MalsLAW,"RT @dawngpsalm63: Thanks for exposing them .@cologop 
#Trump2016 
#TrumpTrain
#DonaldTrump
#AlwaysTrump 
#NeverCruz
#realdonaldTrump  https‚Ä¶"
Mariatweets3,"@RMConservative @digisimplified GREAT!
#IamHeidi!!!
#SleazyDonald!!!
#ChooseCruz
#CruzToVictory
#NeverTrump
#DumpTrump
#NeverKasich"
AnonymousJobUS,Please be sure to vote #Trump for #POTUS Let's #MakeAmericaGreatAgain ! https://t.co/f8odC4Ilhb
CourtCourtxoLax,its my boyfriends birthday
digmusnacii,RT @NadelParis: Finger waggin' PinocchioCommunist needs2go #ImWithHer #millennialsforhillary #NewYorkPrimary https://t.co/6lveV70TZ3 https:‚Ä¶
punjabimodern1,"RT @Bros4Hillary: Thank you to everyone that supported @HillaryClinton in the #WYCaucus!

Next stop? The #NYPrimary! #imwithher https://t.c‚Ä¶"
IndeCardio,RT @Trumping_around: RT if u believe in TRUMP!! Trump has the leadership qualities we need. #MakeAmericaGreatAgain #Trump2016 https://t.co/‚Ä¶
avalncillos,RT @NadelParis: Finger waggin' PinocchioCommunist needs2go #ImWithHer #millennialsforhillary #NewYorkPrimary https://t.co/6lveV70TZ3 https:‚Ä¶
sarah___joy,@Krystalargueta I feel like this has happened several times üòÇüòÇ
913e7e568231449,"RT @realDonaldTrump: ""@governor_savage: @realDonaldTrump is the only person who can save us from this corrupt political mess. #MakeAmericaG‚Ä¶"
RivardDrew,üíï https://t.co/zVwQ0MKe0O
Kim66327079,#MakeAmericaGreatAgain
cheryl42058,RT @nanajill211: MT @TexanCat #WeThePeople have asked for this brand of leadership for years. It's time: VOTE CRUZ! https://t.co/euKrZTeQJk‚Ä¶
1MADEINUSA,WHY DO GLOBALIST HAVE THERE HANDS IN OUR VOTING PROCESS?THEY GOT NO BUSINESS IN R BUSINESS.WE RUN R OWN COUNTRY NOT THEM @realDonaldTrump
MariaYes2trump,@DebMeinhardt Welcome! Thank you for your service to our country! #WomenFortrump #TrumpTrain #Trump2016 Together we can #MAGA
tmj_ri_retail,"Join the Lowe's Stores team! See our latest #Retail #job opening here: https://t.co/SK5a00hWwZ #Cranston, RI #Hiring"
AlokKum09692808,"RT @realDonaldTrump: ""@Genie115: #MakeAmericaGreatAgain we can only do that with @realDonaldTrump RT https://t.co/RViAgxoa4t"""
Youngbul_alex1,RT @jcdonnelly1: @realDonaldTrump made a shirt after a living legend #TrumpTrain @Youngbul_alex1 https://t.co/2f2xpQfpkx
spikesonly,@AdamWeirSports @MarkusWalden @TimGabbett to me this is the framework of modeling for RTP as it looks at baseline and rolling averages.
jessied44,"RT @Bros4Hillary: Thank you to everyone that supported @HillaryClinton in the #WYCaucus!

Next stop? The #NYPrimary! #imwithher https://t.c‚Ä¶"
retweetallowed,RT @BlackQueenLara: 7 ways #DonaldTrump is just like the #Founding Fathers https://t.co/cflG1q3TkJ #NYPrimary #TrumpTrain #Elections2016 ht‚Ä¶
subadai1950,FOR A PRESIDENT WHO WILL FIGHT FOR YOU VOTE TRUMP https://t.co/BPAeQKxzZ5
meganxx11xx,Country music&gt;&gt;&gt; üòçüî•üåû
Chad_59,MT @TeriGRight: Why does #TedCruz fight? This election is about the NEXT Generation! #TCOT https://t.co/Qmiz8foktT #CruzCrew #PJNET
Tedblake1968Ted,RT @SteveSGoddard: We Republicans were not allowed to vote in Colorado. The @GOP originally planned to give the delegates to Rubio. https:/‚Ä¶
bit_dragon,Yo mini eggs are so good tho why haven't I had them before
QuieroUSA,RT @SuperCzech01: MT @DanMartin_cards: There's Only One RIGHT Choice For POTUS VOTE #TEDCRUZ. #ChooseCruz https://t.co/oA0Yp9K3sX #CruzCrew‚Ä¶
coke_usa,RT @DayJojo771980: #EndCyBernBullying #ImWithHer #DonateToHillary #HillarySoQualified #HillaryStrong #WyomingCaucus  #ReleaseTheReturns htt‚Ä¶
Danielle9g,RT @ImagineAnna: Delicate #Cruzbots cant handle disagreement. They're worse than liberals. They crave talk radio safe spaces! #CruzCrew #Wa‚Ä¶
spandakolis22,RT @skyoversc: #BernieOrBust https://t.co/kxeH1Fkr0n
WildHorseUSA,RT @RealRudyGiulian: Today I endorse my good friend @realDonaldTrump as the #GOP nominee and future president of the USA. #MakeAmericaGreat‚Ä¶
ibrthawakenign,RT @NadelParis: Finger waggin' PinocchioCommunist needs2go #ImWithHer #millennialsforhillary #NewYorkPrimary https://t.co/6lveV70TZ3 https:‚Ä¶
bony_rabbit,RT @Libertea2012: RT: New York you've shown us so much love! Keeping being you and get out the‚Ä¶ https://t.co/rhWuKSWXJc #BernieStrong https‚Ä¶
88qqqvach,RT @NadelParis: Finger waggin' PinocchioCommunist needs2go #ImWithHer #millennialsforhillary #NewYorkPrimary https://t.co/6lveV70TZ3 https:‚Ä¶
thetimewasthen,"RT @LindaSuhler: üí•RALLY TOMORROW
üéâDonald Trump Albany NYüéâ
‚úîÔ∏è VOTE #Trump2016 #NY
7 PM EDT 4/11
#NYValues
#NYPrimary
#TrumpTrainüöÇüá∫üá∏üá∫üá∏
https:‚Ä¶"
WubsNet,Trump is in Gates today. -____- keep good thoughts for the area because. You know: Trump #ROC
sydney2m,"#WakeUpAmerica #CongressDoYourJob #TermLimits #NoRefugees #Revolution 
Burn out the Political tumble weeds https://t.co/N6e97Z4PPE"
JD06185,RT @PastorOmayra: @realDonaldTrump @gene70 #LatinosForTrump we love you too #PresidentDonaldTrump #MakeAmericaGreatAgain #NYPRIMARY https:/‚Ä¶
ballardsigns,RT @LuvRedWhiteBlue: Yes! Where r my #California #cruzers at?! Pls help spread this! Thk u! #ChooseCruz #CAPrimary #CruzCrew #Cruz2016 üá∫üá∏ h‚Ä¶
becngoods,RT @NadelParis: Finger waggin' PinocchioCommunist needs2go #ImWithHer #millennialsforhillary #NewYorkPrimary https://t.co/6lveV70TZ3 https:‚Ä¶
coke_usa,RT @artist4ever: More love from NY for Hillary! #ImWithHer #ShesWithUs #NYPrimary #NoMoreBS https://t.co/TO3sa77DGz
BrickStarted,Tell #Congress  we are sending #Trump to shake it up!  https://t.co/PkEh8Frm9M  https://t.co/U60trFEDmb
LJR1106,"RT @Stonewall_77: Methinks He Doth Protest Too Much

Please Retweet

#WeThePeople #GOP
#WakeUpAmerica
#TrumpTrain #Trump2016
#CruzCrew http‚Ä¶"
JohnnyMuchard7,"RT @realDonaldTrump: ""@jlopez05391: @realDonaldTrump Rochester loves you! See you tomorrow! #MakeAmericaGreatAgain #Trump2016 #TrumpTrain""‚Ä¶"
BelleForTrump,"RT @realDonaldTrump: ""@jlopez05391: @realDonaldTrump Rochester loves you! See you tomorrow! #MakeAmericaGreatAgain #Trump2016 #TrumpTrain""‚Ä¶"
Kathryne1960,"RT @MinuteMom: Fact Check: Trump On Universal Healthcare...

#CruzCrew

https://t.co/KvWAbhksxE"
slipcases,RT @khakisalmon: HA!  Thanks for pointing that out @clairecmc #ImWithHer  https://t.co/y2zs4EIZbs
i_sing_my_heart,RT @Trump20never101: @StopTrumpPAC @PolitiBunny @Tracinski #trump20never101 #NeverTrump #CruzCrew https://t.co/B3FyI1tRIi
UTHornsRawk,RT @bing_lbing: #OnlyTrump @realDonaldTrump #MakeAmericaGreatAgain #TrumpTrain üá∫üá∏üá∫üá∏üá∫üá∏üöÇüí®üí®üí®üá∫üá∏üá∫üá∏üá∫üá∏ https://t.co/n1gnzRiKhL
redandblackbarz,RT @NadelParis: Finger waggin' PinocchioCommunist needs2go #ImWithHer #millennialsforhillary #NewYorkPrimary https://t.co/6lveV70TZ3 https:‚Ä¶
MercysFight,#NewYorkValues ----&gt; #NeverTrump  NO to #Trump2016 #MakeAmericagreatagain #MAGA by NOT voting Trump! https://t.co/VKTLlrKiIk
MyTwoCentsOk,Fellow #NewYorkers #NY #NewYork #FeelTheBern #StillSanders #BernieOrBust #WriteInBernie #Bernie2016 #tytlive https://t.co/dBKxX1sM6k
Gramzy7,RT @sunbeltgirl: MT @TerresaHobbs: New York values? Show us the NYC libs don't run the whole state! #ChooseCruz https://t.co/nQDWi4vdI1 #Cr‚Ä¶
giselacarsine,RT @NadelParis: Finger waggin' PinocchioCommunist needs2go #ImWithHer #millennialsforhillary #NewYorkPrimary https://t.co/6lveV70TZ3 https:‚Ä¶
KonzieK2,RT @LuvRedWhiteBlue: This!üëáüèº#California we have work 2do! Let's work hard 2get @tedcruz elected! #TedCruz2016 #CruzCrew #CruzToVictoryüá∫üá∏ ht‚Ä¶
kathcoll2006,"RT @ScottSaxman1: The kids in my day, the parents would beat their butts and say get back to your studies!! #TrumpTrain https://t.co/fNA5Ar‚Ä¶"
JohnFrankPa,Judge J: The Establishment Trying to Take Nomination From Trump Is ‚ÄòUn-American‚Äô https://t.co/gb4K6XGCpI #PAprimary #NYPrimary #trumptrain
skyoversc,#BernieOrBust https://t.co/cBSCW31iCR
22emails,Lol. #WhichHillary #WitchHillary #HillaryForPrison #22emails https://t.co/jc5nX38DmM
trumpcountry,"RT @LindaSuhler: üí•RALLY TODAY!
üéâDonald Trump Rochester NYüéâ
‚úîÔ∏è VOTE #Trump2016 #NY
3 PM EDT
#NYPrimary
#NYValues
#TrumpTrainüöÇüá∫üá∏üá∫üá∏
https://t.‚Ä¶"
julie_cappiello,"RT @noopdoggy: ALL voters that have already voted 4 Trump,go CHANGE YOUR VOTING STATUS 2 INDEPENDANT this week,OFFICIAL RNC DUMP!RT https:/‚Ä¶"
trumpcountry,"RT @LindaSuhler: üí•RALLY TOMORROW
üéâDonald Trump Albany NYüéâ
‚úîÔ∏è VOTE #Trump2016 #NY
7 PM EDT 4/11
#NYValues
#NYPrimary
#TrumpTrainüöÇüá∫üá∏üá∫üá∏
https:‚Ä¶"
trumpcountry,"RT @InnerDonald: ADD ME TO YOUR EFFORT, CARMINE
#Trump2016 #NYPrimary @FoxNews
#ALWAYSTRUMP #MAGA #DTNews
#TRUMPTRAIN #TRUMP @REINCE https:‚Ä¶"
ebbtidebot,"@ebbtideapp Tide in Westerly, Rhode Island 04/10/2016
High 12:06pm  2.9
 Low  6:56pm -0.1
High 12:30am  3.5
 Low  7:45am -0.4"
trumpcountry,"RT @amrightnow: #Realdonaldtrump Follow The Road #MakeAmericaGreatAgain #TrumpTrain
#VoteTrump2016 #Maga #veterans ""Unite America"" https://‚Ä¶"
Shelia_Kay,"RT @sandyaschneider: WTF... Ted Cruz came in 3rd in South Carolina... But now he stole the delegates, meaning your vote does not count #Tru‚Ä¶"
trumpcountry,RT @amrightnow: Trump About You #TheRealDonaldTrump #TrumpTrain  Watch https://t.co/j58e8aacrE #2A https://t.co/FK7vWmkDyq
Dmbsr312,"$548,000 given to study micro aggressions. This is a fraction of how your tax money is wasted. #MakeAmericaGreatAgain #NYPrimary #PAprimary"
the_fire_berns,RT @BostonBroker33: Feel the Bern? #TrumpTrain #BernieSanders  https://t.co/skcT2Eybjc
RkyMtnMiek,RT @NadelParis: Finger waggin' PinocchioCommunist needs2go #ImWithHer #millennialsforhillary #NewYorkPrimary https://t.co/6lveV70TZ3 https:‚Ä¶
Mitestarossa,"RT @realDonaldTrump: ""@jlopez05391: @realDonaldTrump Rochester loves you! See you tomorrow! #MakeAmericaGreatAgain #Trump2016 #TrumpTrain""‚Ä¶"
Joe_Aamdio,RT @NadelParis: Finger waggin' PinocchioCommunist needs2go #ImWithHer #millennialsforhillary #NewYorkPrimary https://t.co/6lveV70TZ3 https:‚Ä¶
eph4_15,"#CruzCrew Song ""He Can fight on the front line &amp; never back down. Hes some1 we need &amp; we need him right now"" https://t.co/xXefzSeHtB #PJNET"
JigB,"#BanTheBastards üò° #BombTheBastards üí£
#MakeAmericaSafeAgain #Trump 
#OnlyTrump #AmericaFirst #VoteTrump üöÇüí®üá∫üá∏üá∫üá∏üá∫üá∏ https://t.co/6VqPzYoAMv"
egrette,RT @skyoversc: #BernieOrBust https://t.co/kxeH1Fkr0n
LifeLibHappy,MT @jphilman0206: What we need in Washington is a Servant of the People. #ChooseCruz https://t.co/2S8z5ou8Mz #CruzCrew #PJNET
RebeccaFaussett,"RT @InnerDonald: ADD ME TO YOUR EFFORT, CARMINE
#Trump2016 #NYPrimary @FoxNews
#ALWAYSTRUMP #MAGA #DTNews
#TRUMPTRAIN #TRUMP @REINCE https:‚Ä¶"
Chrisstypmac,"RT @clsamuels99: #MakeAmericaGreatAgain 
#Trump2016 
#VoteforTrump 
#WomanforTrump 
#Women4Trump 
#Trump4President 
#Trumptrain 
 https://t‚Ä¶"
mwbrown51358,SCREW THIS POS AND ANY FOOL WHO SUPPORTS HIS LYING ASS. https://t.co/AKhK6Gthk1
julie_cappiello,"RT @starknightz: ""TONIGHT - @realDonaldTrump 
talks to @JudgeJeanine on ""Justice."" 
#Trump2016
#TrumpTrain https://t.co/JvwTceT2Oa"
SeanGrenier,RT @maxlydic: #TrumpTrain 6 hrs and 39 mins to the Rally Rochester NY 3 PM EDT 4-10-16 https://t.co/dlpofoD9IS https://t.co/uSOdptah4u
RichardAngwin,"Don't drink the Clinton media Kool-Aid‚Ñ¢. Bernie needs 56.5% of remaining pledged delegates.
#FeelTheBern #ImWithHer https://t.co/tgrs0igCCW"
JimmyFNmac,@CNYTeacher with y'all in spirit!
Destinbeach22,RT @OnlyHotyP: #Trump2016 Report: Radical Islamist Enclave Growing In South-East Europe https://t.co/xhshXSheEg #TrumpTrain https://t.co/Mb‚Ä¶
KittyFinn,"@ratherastory The maps are all Matt. :) He collects mini's though. :)
#CriticalRole"
KenMonTvd,RT @NadelParis: Finger waggin' PinocchioCommunist needs2go #ImWithHer #millennialsforhillary #NewYorkPrimary https://t.co/6lveV70TZ3 https:‚Ä¶
spandakolis22,RT @rosariodawson: Here tis: https://t.co/wn6A7BAn2I #ItsARevolution @DemocracyNow #AmyGoodman #BernieSanders #BronxRally #NotMeUs https://‚Ä¶
fondaconley14,"RT @Libertea2012: RT: Volunteering, Activism is passed down frm generation to generation. #FeelTheBern @Latinos4Bernie‚Ä¶ #BernieStrong https‚Ä¶"
MariaYes2trump,@Uncommonlogic__ Welcome! #TrumpTrain #Trump2016 Together we can #MAGA
RebeccaFaussett,"RT @NMarco331: I second this pledge @reince , @GOP
But, I've been warning you for weeks now.

#AlwaysTrump #VoteTrump #BurnTheGOP https://t‚Ä¶"
sincerelygianna,everything was just a dream right
Gramzy7,RT @AmberForAmerica: MT @andersonDrLJA: #IChooseCruz For Many Great Reasons. Here Are Only a Few! https://t.co/Di35q8WLaP #CruzCrew #PJNET
sigche,"RT @ThebetterJD: How #JPMorgan BoughtA #USPresident&amp;made Panama&amp;Turned it in2a #TaxHaven https://t.co/IFFmtmgfQ7
#ResistCapitalism #FeelThe‚Ä¶"
WubsNet,@ghfan1982 I have to think of a nice snarkalicious post :)
cruzgrassroots,RT @BE_Iowa: Very good day for the #CruzCrew as Iowa continues to show strong support for @tedcruz #CruzToVictory https://t.co/w2UHJmsjWM
skyoversc,#BernieOrBust https://t.co/vTHNE3xXEr
_CFJ_,"RT @dansch2002: MT @_CFJ_:  31 months BEFORE announcing running for4 President, Trump STOOD WITH DREAMers. https://t.co/aFHRrHr7YA #CruzCre‚Ä¶"
thetimewasthen,"RT @LindaSuhler: üí•RALLY TODAY!
üéâDonald Trump Rochester NYüéâ
‚úîÔ∏è VOTE #Trump2016 #NY
3 PM EDT
#NYPrimary
#NYValues
#TrumpTrainüöÇüá∫üá∏üá∫üá∏
https://t.‚Ä¶"
pamtrain,"RT @TrumpNewMedia: @realDonaldTrump LEAKED: HILLARY/SOROS BEHIND ANTI-TRUMP VIOLENCE! #WATCH: https://t.co/5YnocpV2XU 
#VoteTrump
#tcot htt‚Ä¶"
mytheo1,"RT @InnerDonald: ADD ME TO YOUR EFFORT, CARMINE
#Trump2016 #NYPrimary @FoxNews
#ALWAYSTRUMP #MAGA #DTNews
#TRUMPTRAIN #TRUMP @REINCE https:‚Ä¶"
Snuffy_Joe,RT @new_debis: GOP better watch it!  Voters are rising up &amp; demanding that our votes count! #MakeAmericaGreatAgain ##VoteTrump2016 https://‚Ä¶
SupportMelania,Get on the Wall and support #Trump and  https://t.co/kELwaSacB6  https://t.co/qVZ6T3tAYJ
_caitlincarte_r,RT @NadelParis: Finger waggin' PinocchioCommunist needs2go #ImWithHer #millennialsforhillary #NewYorkPrimary https://t.co/6lveV70TZ3 https:‚Ä¶
sgvkp21,World needs Donald J Trump. https://t.co/ClNy8Kw93t
SupportMelania,Get on the Wall and support #Trump and  https://t.co/kELwaSacB6  https://t.co/o85mhx5jBw
Nickmart1986,"RT @realDonaldTrump: ""@governor_savage: @realDonaldTrump is the only person who can save us from this corrupt political mess. #MakeAmericaG‚Ä¶"
Mariatweets3,"THAT'S GREAT!
#IamHeidi!!!
#SleazyDonald!!!
#ChooseCruz
#CruzToVictory
#NeverTrump
#DumpTrump
#NeverKasich https://t.co/uopPRFcsB7"
TomScottIII,RT @bing_lbing: #OnlyTrump @realDonaldTrump #MakeAmericaGreatAgain #TrumpTrain üá∫üá∏üá∫üá∏üá∫üá∏üöÇüí®üí®üí®üá∫üá∏üá∫üá∏üá∫üá∏ https://t.co/n1gnzRiKhL
NathalieQueen3,RT @JoxuaLuxor: #DonaldDuck #TedCruz #MegynKelly @oreillyfactor #MakeAmericaGreatAgain #Trump2016 #TrumpTrain @CodeAud @tpel78 https://t.co‚Ä¶
SupportMelania,Get on the Wall and support #Trump and  https://t.co/kELwaSacB6  https://t.co/F04j2HZvml
sunbeltgirl,MT @ToddHagopian: GOP deserves better than a protest candidate!!! https://t.co/3BoyBoZmpP #CruzCrew #PJNET
POLITICAL_Jeff,"üá∫üá∏#NewYork
üá∫üá∏#California
üá∫üá∏#MakeAmericaGreatAgain
üá∫üá∏#BuildTheWALL
üá∫üá∏FIRE the #ESTABLISHMENT
Don't Believe Me Just üì∫! https://t.co/fvMBtf0usy"
SupportMelania,Get on the Wall and support #Trump and  https://t.co/kELwaSacB6  https://t.co/OdUMl21EZa
ntansino001,Forearms are dead but dope ass nightüí£üí• @ Rock Spot Climbing Peace Dale https://t.co/SiTK02bMyt
_imalexd,"Go to main supplier and buy a kilo for 13,000"
ISABELVERDECIA,@SpeakerRyan you are another lier you see ! What you all about papi you ain't fulling no one not me
SupportMelania,Get on the Wall and support #Trump and  https://t.co/kELwaSacB6  https://t.co/zPS9Av7yyJ
MoodyBrew,"RT @amrightnow: ""The Real Trump"" Make Video #1 (Trump About You) https://t.co/j58e8aacrE #MakeAmericaGreatAgain #1A https://t.co/uRtbYE9bYR"
MariaYes2trump,@dannydugan Welcome! #TrumpTrain #Trump2016 Together we can #MAGA
FranklinMan25,RT @AmberForAmerica: MT @FranklinMan25: Ted Cruz calls the enemy by name! and  will utterly destroy ISIS! https://t.co/NvHn3l7AmV #CruzCrew‚Ä¶
SupportMelania,Get on the Wall and support #Trump and  https://t.co/kELwaSacB6  https://t.co/glxKepfilR
themattballoway,RT @NadelParis: Finger waggin' PinocchioCommunist needs2go #ImWithHer #millennialsforhillary #NewYorkPrimary https://t.co/6lveV70TZ3 https:‚Ä¶
ChrisWerneBardn,RT @NadelParis: Finger waggin' PinocchioCommunist needs2go #ImWithHer #millennialsforhillary #NewYorkPrimary https://t.co/6lveV70TZ3 https:‚Ä¶
AlbertDeAscenti,"RT @Slosky89: #BernieInHarlem https://t.co/faH9uLVHbu
#BernieOrBust #BernieSanders #BernieInNY This is why I'm voting for @BernieSanders"
SupportMelania,Get on the Wall and support #Trump and  https://t.co/kELwaSacB6  https://t.co/tXGRds4XzA
Danielle9g,"They are already exposed, question is: what is being done? https://t.co/xYH4mkWHLM"
ZVBK,"RT @ToddHagopian: BREAKING: @tedcruz sweeps 100% of the delegates in Colorado tonight!

Huge coup for the #CruzCrew &amp; huge black eye for #T‚Ä¶"
Nurse_Salvador,"RT @joelbousley: This is not very progressive. If so, count me out. He deleted his comment. Below is a screenshot. #wtf #ImWithHer https://‚Ä¶"
effiesperap,RT @NadelParis: Finger waggin' PinocchioCommunist needs2go #ImWithHer #millennialsforhillary #NewYorkPrimary https://t.co/6lveV70TZ3 https:‚Ä¶
RebeccaFaussett,RT @Benelliot3: When is the school going to have an event so Christian students can share their faith &amp; convert the heathens?  #tcot https:‚Ä¶
bettylee1,"RT @dollyp724: @HillaryClinton is well on her way
to the #DemocraticNomination! #ShesGotTheMathAndThePath!
#ImWithHer! #ShesWithUs! https:/‚Ä¶"
AJM9588,"Hey #NYPrimary, let's be sure to vote for the real republican. #NeverTrump #MakeAmericaGreatAgain &amp; #ChooseCruz  https://t.co/rcKTIt37h1"
Jewelsc6luna,RT @BornOnTheBayou9: MT @DanMartin_cards: There's Only One RIGHT Choice For POTUS VOTE #TEDCRUZ. #ChooseCruz https://t.co/EcxrApp5lE #CruzC‚Ä¶
zabraouti,@Independent THAT IS  HORRIBLE   AND YET THE EUROPE  BAILED OUT THE GREEKS  FROM THEIR BANKRUPTCY MAYTHE LORD SEND DEPRESSION TO GREECE
peachesgirli23,RT @janimine: https://t.co/asLD9mZXMz Drive through Paris  SHARE IT #Refugees Coming to Rodeo Drive &amp; 5th Avenue  #WakeUpAmerica #MakeAmeri‚Ä¶
SupportMelania,Get on the Wall and support #Trump and  https://t.co/kELwaSacB6  https://t.co/r92isT3Q9w
Chrisstypmac,"RT @clsamuels99: #MakeAmericaGreatAgain 
#Trump2016 
#VoteforTrump 
#WomanforTrump 
#Women4Trump 
#Trump4President 
#Trumptrain 
 https://t‚Ä¶"
CavsBrownsFan,"2014-2015 lebron stats25.3 PPG 48% FG 35% 3PT 6.0RPG 7.4APG 3.9 TO  
2015-2016 lebron stats25.1 PPG 51.7% 30% 7.5RPG 6.8APG 3.3 TO
PER GAME"
carlylane29,Nicole is conveniently on another continent and out of service when she is most needed
spotmegone,"RT @Stonewall_77: Methinks He Doth Protest Too Much

Please Retweet

#WeThePeople #GOP
#WakeUpAmerica
#TrumpTrain #Trump2016
#CruzCrew http‚Ä¶"
AshleeKetaC,RT @NadelParis: Finger waggin' PinocchioCommunist needs2go #ImWithHer #millennialsforhillary #NewYorkPrimary https://t.co/6lveV70TZ3 https:‚Ä¶
jimmcvey1,RT @OrganicJeremy: 50+1 delegate sweep for TrumpüëäüèªüíØ #MakeAmericaGreatAgain  https://t.co/ydMfXf43BC
BigBobbaLouie,#BuildTheWall #Trump2016 #MakeAmericaGreatAgain  https://t.co/9jFjvE8Bfg
511nyAlbany,Incident on #I90NYSThruway WB at 1.85 after Exit 24 (I-90) - Albany (I-87 - I-90) https://t.co/NQkaJ6jfRV
511NY,Incident on #I90NYSThruway WB at 1.85 after Exit 24 (I-90) - Albany (I-87 - I-90) https://t.co/TFyJO7iIeH
DefenseCareesr,RT @NadelParis: Finger waggin' PinocchioCommunist needs2go #ImWithHer #millennialsforhillary #NewYorkPrimary https://t.co/6lveV70TZ3 https:‚Ä¶
jakevanness,Working on a new project involving @2GeekStreet   Tay tuned to find out more. Can never have enough side projects right?
Chloesbakeyryn,RT @NadelParis: Finger waggin' PinocchioCommunist needs2go #ImWithHer #millennialsforhillary #NewYorkPrimary https://t.co/6lveV70TZ3 https:‚Ä¶
SupportMelania,Get on the Wall and support #Trump and  https://t.co/kELwaSacB6  https://t.co/Xu5YGuW6uG
skyoversc,#BernieOrBust https://t.co/fTQkKjSkBv
TomScottIII,"RT @Stonewall_77: Methinks He Doth Protest Too Much

Please Retweet

#WeThePeople #GOP
#WakeUpAmerica
#TrumpTrain #Trump2016
#CruzCrew http‚Ä¶"
Law1Gloria,"#Lake 
Story Of 
#Equals #Humans 
#Ducks across highway in front @MassStatePolice #Medford #MA I protect #ducks Amen https://t.co/uc9bkTIpg9"
MariaYes2trump,@AnnaPeloniMills Welcome! #TrumpTrain #Trump2016 Together we can #MAGA
sgmrock1,RT @Trump2016Donald: If you are on board the trump train please like and retweet to let us know! #trump2016 #trumptrain https://t.co/PMqNmJ‚Ä¶
DunningRandall,RT @sunbeltgirl: MT @DrSueDVM: I #ChooseCruz bc he has a proven record of defending the Constitution. #tcot #ccot https://t.co/wmGzWAifQz #‚Ä¶
SupportMelania,Get on the Wall and support #Trump and  https://t.co/kELwaSacB6  https://t.co/Xebj41I6Lg
Rayesunraye,RT @Bart_39: MT @CatholicVote: We are proud to endorse Ted Cruz for President. https://t.co/EEEgORftJh #CruzCrew #PJNET
SupportMelania,Get on the Wall and support #Trump and  https://t.co/kELwaSacB6  https://t.co/behBwxdqM5
thefreebimoem,RT @NadelParis: Finger waggin' PinocchioCommunist needs2go #ImWithHer #millennialsforhillary #NewYorkPrimary https://t.co/6lveV70TZ3 https:‚Ä¶
Mariatweets3,"@digisimplified @OSPREY675 @NahBabyNah THAT'S GREAT!
#IamHeidi!
#SleazyDonald!
#ChooseCruz
#CruzToVictory!!

#NeverTrump
#NeverKasich"
cheryl42058,RT @crosswindlive: MT @0boy: Brent Bozell III on Ted Cruz. #Cruz2016 #TCOT https://t.co/4L8tgELzRo #CruzCrew #PJNET
SupportMelania,Get on the Wall and support #Trump and  https://t.co/kELwaSacB6  https://t.co/OUEJLbRFyd
JigB,"RT @realDonaldTrump: ""@jlopez05391: @realDonaldTrump Rochester loves you! See you tomorrow! #MakeAmericaGreatAgain #Trump2016 #TrumpTrain""‚Ä¶"
BelleForTrump,"RT @ARTrumpStudents: Arkansas high schools &amp; colleges, we need your help! Join the #TrumpTrain by starting a chapter at your school! DM for‚Ä¶"
MenneAnn,"RT @Dlw20161950: Ted Cruz Interview Denver Channel 7 Reporter
#LyinTrump
#SleazyDonald #NeverTrump  #CruzCrew
https://t.co/epgDCgWqLv https‚Ä¶"
SupportMelania,Get on the Wall and support #Trump and  https://t.co/kELwaSacB6  https://t.co/wDiYx1aRrP
nicolefarmerr,After everyone left my apartment I gathered all the unfinished beers and drank them. I think that defines me as a person
maxlydic,#TrumpTrain 6 hrs and 35 mins to the Rally Rochester NY 3 PM EDT 4-10-16 https://t.co/dlpofoD9IS https://t.co/hgZuRWoyB3
Criminati_FnsB,RT @NadelParis: Finger waggin' PinocchioCommunist needs2go #ImWithHer #millennialsforhillary #NewYorkPrimary https://t.co/6lveV70TZ3 https:‚Ä¶
SupportMelania,Get on the Wall and support #Trump and  https://t.co/kELwaSacB6  https://t.co/fWlFi12r1g
QuieroUSA,RT @ErinLichnovsky: MT @DanMartin_cards: There's Only One RIGHT Choice For POTUS VOTE #TEDCRUZ. #ChooseCruz https://t.co/MhWNvlNz9K #CruzCr‚Ä¶
MariaYes2trump,@dnd1007 Welcome! #TrumpTrain #Trump2016 Together we can #MAGA
CavsBrownsFan,Dumbass it's a yes or no question LOL get outta here  https://t.co/wOY2LKMZtf
volfan176,"RT @Campaign_Trump: ""TONIGHT - @realDonaldTrump talks to @JudgeJeanine on ""Justice."" @realDonaldTrump #MakeAmericaGreatAgain https://t.co/A‚Ä¶"
SupportMelania,Get on the Wall and support #Trump and  https://t.co/kELwaSacB6  https://t.co/pD0i928jVc
pinkcellz,RT @CliffWilkin: MT @TeriGRight: Americans DESERVE One-on-One Debate in a 2 Man Race! DEMAND IT! https://t.co/LBhZQ9pTqT #CruzCrew #PJNET
rejon18,"RT @RichardAngwin: Don't drink the Clinton media Kool-Aid‚Ñ¢. Bernie needs 56.5% of remaining pledged delegates.
#FeelTheBern #ImWithHer http‚Ä¶"
SupportMelania,Get on the Wall and support #Trump and  https://t.co/kELwaSacB6  https://t.co/Ez7Ts7CYVh
robynbrinkely,RT @NadelParis: Finger waggin' PinocchioCommunist needs2go #ImWithHer #millennialsforhillary #NewYorkPrimary https://t.co/6lveV70TZ3 https:‚Ä¶
garythebrave,It is an honor to support you. https://t.co/gKj1sAGiLk
QuieroUSA,RT @BornOnTheBayou9: MT @DanMartin_cards: There's Only One RIGHT Choice For POTUS VOTE #TEDCRUZ. #ChooseCruz https://t.co/EcxrApp5lE #CruzC‚Ä¶
sgvkp21,"RT @TrumpNewMedia: @realDonaldTrump John Kasich Goes All In For Amnesty For Illegals https://t.co/oYfoj99Ajo 
#AlwaysTrump
#VoteTrump https‚Ä¶"
dmarette_,üñï https://t.co/EsWgfJUeq0
debadoo444,"RT @realDonaldTrump: ""@jlopez05391: @realDonaldTrump Rochester loves you! See you tomorrow! #MakeAmericaGreatAgain #Trump2016 #TrumpTrain""‚Ä¶"
MariaYes2trump,@JohnDaGrk Welcome! #TrumpTrain #Trump2016 Together we can #MAGA
skyoversc,#BernieOrBust https://t.co/w72jNgwGxv
NathalieQueen3,"RT @WDFx2EU: Gratz, #CruzCrew, you got your establishment #Rhino https://t.co/HnFsA9TdFY"
QuieroUSA,RT @DefundTheGOP101: MT @DanMartin_cards: There's Only One RIGHT Choice For POTUS VOTE #TEDCRUZ. #ChooseCruz https://t.co/eefYgy1KH9 #CruzC‚Ä¶
WhytePantherRN,#WhytePanther #BernieOrBUST Like Us on #Facebook https://t.co/rhgSIFPeAD THANKS! https://t.co/9OYCtrQHVk
mIXDOapp,RT @NadelParis: Finger waggin' PinocchioCommunist needs2go #ImWithHer #millennialsforhillary #NewYorkPrimary https://t.co/6lveV70TZ3 https:‚Ä¶
Doug_39,MT @CliffWilkin: PROTECTING THE SECOND AMENDMENT RIGHTS OF AMERICANS. #UniteWithCruz https://t.co/Re3RF1qolO #CruzCrew #PJNET
MGMTino,"RT @JudgeMoroz: Behold the real #CruzCrew ...

And @tedcruz will do &amp; say whatever it takes to please his donors. https://t.co/GB0lVuckmT"
khaft007,"RT @DarleneHBrook: .@newzealblog Donald Trump's HUGE admiration for Globalists https://t.co/k1htaB6NH1 https://t.co/Oxg8v2ljCj
#NYPrimary #‚Ä¶"
SCTimesMedia,"RT @RichardAngwin: Don't drink the Clinton media Kool-Aid‚Ñ¢. Bernie needs 56.5% of remaining pledged delegates.
#FeelTheBern #ImWithHer http‚Ä¶"
CruzinAhead,"""Trump has proven already that he is completely malleable"" #ChooseCruz #DumpTrump #TrusTed #CruzCrew #PJNET
https://t.co/FQU8vigwHI"
ninja_kach,Search Colorado Republicans for Liberty on FB. These people are nut jobs! #Trump2016 #MakeAmericaGreatAgain https://t.co/imp3w0il0G
QuieroUSA,RT @sow_with_vision: MT @DanMartin_cards: There's Only One RIGHT Choice For POTUS VOTE #TEDCRUZ. #ChooseCruz https://t.co/YnG5qMzCnH #CruzC‚Ä¶
JArsenal66,@cologop Just keep dividing the party.  See if Cruz wins when Trump supporters are disenfranchised. #TrumpTrain https://t.co/rMki93EQey
WatersCmw,RT @TomDangora: @HillaryClinton is more than qualified #ImWithHer https://t.co/zWktgzFUHG
starknightz,"""If the Trump wall was built these folks would still be alive today.""
#TrumpTrain
#Trump2016 https://t.co/WQR1fONcS1"
MariaYes2trump,@BostonForTrump Welcome! #TrumpTrain #Trump2016 Together we can #MAGA
feduppops,RT @BornOnTheBayou9: MT @DanMartin_cards: There's Only One RIGHT Choice For POTUS VOTE #TEDCRUZ. #ChooseCruz https://t.co/EcxrApp5lE #CruzC‚Ä¶
shilohaura,RT @rossr122: Scott Brown Interviews #DonaldTrump (Video/Audio)... #Trump #Trump2016 #STOPGOPe #NewYork #California #TrumpTrain https://t.c‚Ä¶
fondaconley14,RT @BrendaR10096757: Thank you! RT say THANKS! #BernieOrBust ust https://t.co/DOt7x2aWel
justinamarie38,I just wanna do some yoga on the beach
EstablshmentWin,Every vote against #Trump from now on just lets The https://t.co/t5ZTASEokc  https://t.co/HG1buY4ne4
HereMeRoaring,#Woman4Trump up the volume!!  Sheer will and  https://t.co/PioHN4jUF4   https://t.co/vs6bVaCh75
MacRedSoles,RT @AdiDajani: #NeverCruz #LyingTed #CruzSexScandal @realDonaldTrump #AlwaysTrump #VoteTrump #PresidentTrump #TrumpTrain https://t.co/QRVXs‚Ä¶
Astro_journey,"RT @Libertea2012: RT: Volunteering, Activism is passed down frm generation to generation. #FeelTheBern @Latinos4Bernie‚Ä¶ #BernieStrong https‚Ä¶"
susanfoertsch,"RT @mtaibbi: If you don't trust me, read the legal summaries of the BOA, Chase, Citi, Wells and Goldman settlements.  https://t.co/DnZguBaY‚Ä¶"
dust52moor,"RT @dansch2002: MT @_CFJ_:  31 months BEFORE announcing running for4 President, Trump STOOD WITH DREAMers. https://t.co/aFHRrHr7YA #CruzCre‚Ä¶"
SorayaJolufy,RT @NadelParis: Finger waggin' PinocchioCommunist needs2go #ImWithHer #millennialsforhillary #NewYorkPrimary https://t.co/6lveV70TZ3 https:‚Ä¶
jwickiavds,RT @NadelParis: Finger waggin' PinocchioCommunist needs2go #ImWithHer #millennialsforhillary #NewYorkPrimary https://t.co/6lveV70TZ3 https:‚Ä¶
jeffsonstein,"Article VI Clause 3: ""but no religious test shall ever be required as a qualification to any office or public trust"" https://t.co/QkYWmOrZo3"
CBRivreas,RT @NadelParis: Finger waggin' PinocchioCommunist needs2go #ImWithHer #millennialsforhillary #NewYorkPrimary https://t.co/6lveV70TZ3 https:‚Ä¶
retweetallowed,"RT @realDonaldTrump: ""@Genie115: #MakeAmericaGreatAgain we can only do that with @realDonaldTrump RT https://t.co/RViAgxoa4t"""
oanneh,"RT @TheGOPReport: The whole GOP would have looked golden if they said ""Trump can help clean the mess in Washington"" from the beginning http‚Ä¶"
schwartz_alanr,"#SEC allows @NYSE to copy @IEX technology
https://t.co/iJ7HE6aR6Q https://t.co/8bq9GVodLd"
skyoversc,#BernieOrBust https://t.co/N6VpZvGmMn
KylieSnyder35,I'm back and I'm already depressed
Fallin_Arsrow,RT @NadelParis: Finger waggin' PinocchioCommunist needs2go #ImWithHer #millennialsforhillary #NewYorkPrimary https://t.co/6lveV70TZ3 https:‚Ä¶
Mahmoud_Zeidan,GAMEEEDAYYYYYYYYY #7sTourny
mwbrown51358,Look dad a DUMBASS who can not tell the difference between a businessman and a politician. SAD AS THEY BREED ALSO!! https://t.co/J0All5DNW5
DMNCBIRD,She's quivering in her Cowboy boots! üòè @CapehartJ @washingtonpost #ImWithHer  https://t.co/KmxqbsO9mP
Phrsckle,RT @NadelParis: Finger waggin' PinocchioCommunist needs2go #ImWithHer #millennialsforhillary #NewYorkPrimary https://t.co/6lveV70TZ3 https:‚Ä¶
MariaYes2trump,@H2Ogtts Welcome! #TrumpTrain #Trump2016 Together we can #MAGA
TweetsOnThat,Pathetic! #DumptheEstablishment &amp; #MAGA #trump2016 #TrumpTrain  https://t.co/AQUojsguFi
ekvinaustar,RT @NadelParis: Finger waggin' PinocchioCommunist needs2go #ImWithHer #millennialsforhillary #NewYorkPrimary https://t.co/6lveV70TZ3 https:‚Ä¶
zabraouti,@Independent SEND TO ISAREAL THEY WILLTAKE and house and feed them nicely
nicolefarmerr,Aka I have low standards
queenmadilnyd,RT @NadelParis: Finger waggin' PinocchioCommunist needs2go #ImWithHer #millennialsforhillary #NewYorkPrimary https://t.co/6lveV70TZ3 https:‚Ä¶
PaulettePennyp2,"RT @TeresaEdelglass: ‚ö†Ô∏èA vote 4 #Kasich or #Cruz is a vote 4 a brokered convention.

‚û°Ô∏èTHE CORRUPT GOP EST PICKS OUR NOMINEE‚ÄºÔ∏è

Vote common‚Ä¶"
BryannineLny,RT @NadelParis: Finger waggin' PinocchioCommunist needs2go #ImWithHer #millennialsforhillary #NewYorkPrimary https://t.co/6lveV70TZ3 https:‚Ä¶
ConsrvativePush,The person that admits to being part of the corruption is going to save us from it? More liberal double talk! https://t.co/QjUJSBHFCg
CodysdadEd,"#THISWEEKNEW KILLER REGS AND TAXES ON CORPORATIONS BY FIAT FROM THE IMPERIAL POTUS, WHAT A SOB! #NY #PA #VOTETRUMP https://t.co/GRsbIQgFoy"
yelsada,RT @Kotcha301: They're  in on it together. The smoke and screen show may work on the rank and file GOP but not US. #VoteTrump https://t.co/‚Ä¶
noopdoggy,"ALL voters that have already voted 4 Trump,CHANGE YOUR VOTING STATUS 2 INDEPENDANT this week,OFFICIAL #RNC_DUMP RT! https://t.co/Qabvfpfzb4"
dust52moor,RT @La_Jaconde_1506: MT @PatriotJewel: Thank God we finally have a constitutional conservative running! #UniteWithTed https://t.co/HEON09aQ‚Ä¶
Olliecj2009,RT @TomDangora: @HillaryClinton is more than qualified #ImWithHer https://t.co/zWktgzFUHG
DonaldMielke,"RT @LindaSuhler: The truth is like a lion;
you don‚Äôt have to defend it.
Let it loose;
it will defend itself.

#MakeAmericaGreatAgain https:‚Ä¶"
GdoubleT,Lucky for you it was just another person who died... Glad it didn't ruin your day https://t.co/532mZREIlx
shinedrumoc,RT @NadelParis: Finger waggin' PinocchioCommunist needs2go #ImWithHer #millennialsforhillary #NewYorkPrimary https://t.co/6lveV70TZ3 https:‚Ä¶
cordelia321,RT @LuvRedWhiteBlue: #CruzCrew n #California here's info if u want 2help n Cali! Email Jason at Mbrown@tedcruz.org &amp; let him knw! Pls RT! h‚Ä¶
Sharriaa_,RT @NadelParis: Finger waggin' PinocchioCommunist needs2go #ImWithHer #millennialsforhillary #NewYorkPrimary https://t.co/6lveV70TZ3 https:‚Ä¶
NoKill20kmLife,"Emails Show CNN Reporter Coordinated with Hillary Camp to Attack 
https://t.co/wE1nScLLJ4 #BernieSanders #BernieorBust"
LaBeaaeBrr,RT @NadelParis: Finger waggin' PinocchioCommunist needs2go #ImWithHer #millennialsforhillary #NewYorkPrimary https://t.co/6lveV70TZ3 https:‚Ä¶
yungmelanist,rft... https://t.co/O7q68GnqcP
Coondawg68,Cruz beats Trump on immigration. #NYPrimary #DontSettle #ChooseCruz https://t.co/orT8Km5h6D
orataiculhane,"RT @TrumpD2016: ""@lilrachiepoo @realDonaldTrump Thank you, Mr. Trump, for your personal and financial sacrifices in this journey to #MAKEAM‚Ä¶"
MyersSuzan,"RT @realDonaldTrump: ""@governor_savage: @realDonaldTrump is the only person who can save us from this corrupt political mess. #MakeAmericaG‚Ä¶"
EvoluznaAis,RT @NadelParis: Finger waggin' PinocchioCommunist needs2go #ImWithHer #millennialsforhillary #NewYorkPrimary https://t.co/6lveV70TZ3 https:‚Ä¶
Ahurastan,"RT @InnerDonald: ADD ME TO YOUR EFFORT, CARMINE
#Trump2016 #NYPrimary @FoxNews
#ALWAYSTRUMP #MAGA #DTNews
#TRUMPTRAIN #TRUMP @REINCE https:‚Ä¶"
UTHornsRawk,RT @Campaign_Trump: Percentage of remaining delegates necessary to secure the nomination. #Trump2016 #TrumpTrain #MAGA https://t.co/OFfxA82‚Ä¶
MacRedSoles,RT @ImagineAnna: If you live in #NewYork and support Ted Cruz SHAME ON YOU!! #NewYorkValues #CruzCrew #CruzSexScandal #WakeUpAmerica https:‚Ä¶
FPOnTheDL,"What the fuck, I'm so done with winter. GO AWAY! Also, it's -18C with the windchill right now.... https://t.co/EUhUtjg2Kt"
mavdpi,RT @NadelParis: Finger waggin' PinocchioCommunist needs2go #ImWithHer #millennialsforhillary #NewYorkPrimary https://t.co/6lveV70TZ3 https:‚Ä¶
_belle_curve_,"Dems violate one-person-one-vote.
#BernieStrong LANDSLIDE https://t.co/P0dK8LwKjF"
JoinBAYADA,"Can you recommend anyone for this #job? MSW, Medical Social Worker, Bonus, Home Health, Washington County - https://t.co/VkJMc7pyHq #Hiring"
LorettaSteddum,RT @SaraGreenwell: @EricTrump There just might be a civil war if they don't put your dad in as the nominee. And I am not kidding. #RiseUp #‚Ä¶
Police4DJTrump,"RT @_HankRearden: #cruzcrew rebrands, opens money laundering arm. Put all the lipstick you want on that pig, it's still a pig. https://t.co‚Ä¶"
relaxedinthenow,RT @DNosegotten: #FeelTheBern #BernieInPhilly #BernieInTheBronx #ImWithHer #NYPrimary #HillarySoQualified #HillaryResearch #bernout https:/‚Ä¶
Liee4Trump,"RT @ScottSaxman1: The kids in my day, the parents would beat their butts and say get back to your studies!! #TrumpTrain https://t.co/fNA5Ar‚Ä¶"
cheryl42058,RT @PatriotGinger: MT @jstines3Paints: Cruz's tax plan will CREATE JOBS! #CruzCrew #PJNET #TCOT https://t.co/YyrwlTHxzv
Patrioticgirl86,@dkandtch Is Trumps picture a Halloween costume?The only uniform he saw was a military school 4 his bad behavior üòÖ #ChooseCruz @DrMartyFox
csottafielsd,RT @NadelParis: Finger waggin' PinocchioCommunist needs2go #ImWithHer #millennialsforhillary #NewYorkPrimary https://t.co/6lveV70TZ3 https:‚Ä¶
skyoversc,#BernieOrBust https://t.co/gmlSVc4ZxX
Kaylorado,https://t.co/OBXaUFzrV9
TriciaNC1,.@NYCFPAC (New Yorkers for Constitutional Freedoms) Endorse Ted Cruz for President https://t.co/7fLXinLYXe #tcot #gop #NYPrimary #ChooseCruz
DNosegotten,#FeelTheBern #BernieInPhilly #BernieInTheBronx #ImWithHer #NYPrimary #HillarySoQualified #HillaryResearch #bernout https://t.co/kluuOqUXgq
trolling4tuna,@Ma1973sk @GOP @STSTWO @DufSundheim @tomdelbeccaro GOP is worse than DNC! at least the DNC delivers on their psycho promises #TrumpTrain
Mitestarossa,"RT @realDonaldTrump: ""@governor_savage: @realDonaldTrump is the only person who can save us from this corrupt political mess. #MakeAmericaG‚Ä¶"
noopdoggy,"ALL voters that have already voted 4 Trump,CHANGE YOUR VOTING STATUS 2 INDEPENDANT this week,OFFICIAL #RNC_DUMP RT! https://t.co/5qhV6MPOtt"
TweetsOnThat,RT @maxlydic: #TrumpTrain 6 hrs and 35 mins to the Rally Rochester NY 3 PM EDT 4-10-16 https://t.co/dlpofoD9IS https://t.co/hgZuRWoyB3
vonzion,RT @sunbeltgirl: MT @ToddHagopian: GOP deserves better than a protest candidate!!! https://t.co/3BoyBoZmpP #CruzCrew #PJNET
KHansen1724,"RT @Bros4Hillary: Thank you to everyone that supported @HillaryClinton in the #WYCaucus!

Next stop? The #NYPrimary! #imwithher https://t.c‚Ä¶"
alexandrapacge,RT @NadelParis: Finger waggin' PinocchioCommunist needs2go #ImWithHer #millennialsforhillary #NewYorkPrimary https://t.co/6lveV70TZ3 https:‚Ä¶
deborahrieck,RT @realTrump4POTUS: @ggbootsrock I will definitely be in Cleveland and it was a great idea to setup a group. #TrumpTrain to Cleveland #Sto‚Ä¶
Whenmaxlovedliz,"RT @RichardAngwin: Don't drink the Clinton media Kool-Aid‚Ñ¢. Bernie needs 56.5% of remaining pledged delegates.
#FeelTheBern #ImWithHer http‚Ä¶"
PeterJTParker,"RT @Campaign_Trump: ""TONIGHT - @realDonaldTrump talks to @JudgeJeanine on ""Justice."" @realDonaldTrump #MakeAmericaGreatAgain https://t.co/A‚Ä¶"
Rocky1542,"RT @WeNeedHillary: Feel The Bern: Sanders Tax Plan Would Kill 6 Million Jobs https://t.co/qVOMQoEfIS
#ShesWithUs #ImWithHer #TNTweeters htt‚Ä¶"
victoria_write,"RT @RichardAngwin: Don't drink the Clinton media Kool-Aid‚Ñ¢. Bernie needs 56.5% of remaining pledged delegates.
#FeelTheBern #ImWithHer http‚Ä¶"
lexaraii_,Linda Linda Linda
MariaYes2trump,@jjduffyusa Welcome! Thank you for your service to our country!  #TrumpTrain #Trump2016 Together we can #MAGA
agallucci52,RT @YaasssHillary: @uriel3578 IS OUR 300TH FOLLOWER!!!!! #HillYes #ImWithHer #ShesWithUs #Hillary2016
skyoversc,#BernieOrBust https://t.co/PsKHiNP2li
OldeMarine67,"RT @realDonaldTrump: ""@governor_savage: @realDonaldTrump is the only person who can save us from this corrupt political mess. #MakeAmericaG‚Ä¶"
DumpChumpTrump,Especially the 4 Super Delegates who pledged to #Hillary FOR THE WIN!  WOOT WOOT...Bernie LOSING GROUND!  https://t.co/nR1TnWydUS
rds2012,@realDonaldTruvp @kirstiealley Cheers to you! #TrumpTrain
peicEKG,RT @NadelParis: Finger waggin' PinocchioCommunist needs2go #ImWithHer #millennialsforhillary #NewYorkPrimary https://t.co/6lveV70TZ3 https:‚Ä¶
USJeffersonianA,@jcazen57s54: Be on the right side of history. Join the #BernieOrBUST movement against Plutocracy! https://t.co/XBNk7X2vTQ
grillcat3,"RT @TheGOPReport: The whole GOP would have looked golden if they said ""Trump can help clean the mess in Washington"" from the beginning http‚Ä¶"
allman1100,#GOP is literally killing its base - #NY #IN #unions #fight415 #BernieSanders #Bernie2016 #FeelTheBern #BernieOrBust https://t.co/bK6YxHYWtU
AudreyGoz,"Not even going there. . . it's not even over. PhoneBank, Door Knock. . . Feel the Bern
#BernieStrong  https://t.co/mOt2Jt3b0m"
allman1100,#GOP is literally killing its base - #NY #IN #unions #fight415 #BernieSanders #Bernie2016 #FeelTheBern #BernieOrBust https://t.co/3ppbtff91s
kits54,"RT @Red4Liberty: Trump campaign in chaos. Cruz campaign thoughtful, methodical, &amp; WINNING! #ChooseCruz üá∫üá∏üòÉüá∫üá∏https://t.co/GRmYMRcYuD"
GOT7news,160410 || ŸÇŸàÿ™ ÿ≥ŸäŸÅŸäŸÜ ŸÅŸä ÿ≠ÿØÿ´ ŸÅÿßŸÜ ÿ≥ÿßŸäŸÜ ÿßŸÜÿ™ÿ¥ŸàŸÜ ( ÿ¨ÿßŸÉÿ≥ŸÜ ) https://t.co/u6dpxJMIX3
realangsiegel,RT @Hillary2016Pres: Who negotiated the toughest sanctions Iran has ever faced? @HillaryClinton #Hillary2016 #ImWithHer #GOPdebate https://‚Ä¶
ayannajp_,RT @TcDobard: Well.. Wendy's been the move anyway  https://t.co/1TxZaZm80M
ZVBK,Treachery is afoot by @JohnKasich against @TedCruz. A vote for Kasich is a vote for Trump is a vote for Clinton. https://t.co/DiJzhUjOmR
agallucci52,RT @YaasssHillary: Who will be our 300th follower!?!? #ImWithHer
Nobodywideawake,RT @SandyMarrett: @FoxNews https://t.co/YIIZ5TC7Bo
itsReginaldo,Ohhhhh yesss üôåüèºüôåüèºüôåüèºüôåüèº https://t.co/PXBAQJvGL4
LinMcDonna,RT @BrendaR10096757: Thank you! RT say THANKS! #BernieOrBust ust https://t.co/DOt7x2aWel
SLReaves,"RT @GareBearEsq: As a disabled War era veteran, @Thom_Hartmann can kiss my ass. Yeah, talking about you, Hartmann. You're an asshole https:‚Ä¶"
MariaYes2trump,@theresasmithhh Welcome! #TrumpTrain #Trump2016 Together we can #MAGA
ethomas24350,RT @Campaign_Trump: Percentage of remaining delegates necessary to secure the nomination. #Trump2016 #TrumpTrain #MAGA https://t.co/OFfxA82‚Ä¶
coltarstnn1911,RT @NadelParis: Finger waggin' PinocchioCommunist needs2go #ImWithHer #millennialsforhillary #NewYorkPrimary https://t.co/6lveV70TZ3 https:‚Ä¶
coke_usa,@HillaryNews @Notnow71 @BlueNationRev When it looks like a problem-smells like a problem-it is. Something not right in BS camp #ImWithHer
AnnStokes55,Thank you God! https://t.co/Jn8ryUS3Bs
9975Ts,RT @coach_tricia: @EdMahmoud @HarryReid16 @deBlasioNYC @joyreaper @realDonaldTrump His devotion to #MakeAmericaGreatAgain is what did it fo‚Ä¶
JustusGroupie,"RT @BeABarnabus: @KFaulders When @realDonaldTrump goes 3rd party, I'll support him. #FEDUP #LYINTED #TRUMP2016 #MAKEAMERICAGREATAGAIN! #FRA‚Ä¶"
DronePrcze,RT @NadelParis: Finger waggin' PinocchioCommunist needs2go #ImWithHer #millennialsforhillary #NewYorkPrimary https://t.co/6lveV70TZ3 https:‚Ä¶
CZekis,RT @HispanicsTrump: Glad to hear that Rudy Giuliani is officially on the #TrumpTrain! Let's win New York and make America Great Again! http‚Ä¶
misselleeyllk,RT @NadelParis: Finger waggin' PinocchioCommunist needs2go #ImWithHer #millennialsforhillary #NewYorkPrimary https://t.co/6lveV70TZ3 https:‚Ä¶
Danno_a_Jyd,"Ted Cruz sweeps Colorado amid Trump camp's disarray https://t.co/YrrPAEoMWI
#MakeAmericaGreatAgain
#ExperienceMatters #TrusTed
#NeverTrump"
IncredibleEmmet,"–ü–æ—Å–ª–µ —Å–ª–æ–≤ –õ–æ–∑—ã –æ The Rolling Stones, –∞ —Ç–µ–ø–µ—Ä—å –µ—â–µ –∏ –ì–∞–∑–º–∞–Ω–æ–≤–∞ –æ ""The Beatles"", –æ—Å—Ç–∞–ª–æ—å —Ç–æ–ª—å–∫–æ –ö–æ–±–∑–æ–Ω—É –∑–∞—è–≤–∏—Ç—å, —á—Ç–æ –ü–∞–≤–æ—Ä–æ—Ç—Ç–∏ —Ç–∞–∫ —Å–µ–±–µ –ø–µ–≤–µ—Ü"
debmason1,Phony Anton Weiner calls Trump a phony on #MSNBC...really? PATHETIC! #Trump2016 #AlwaysTrump  #TrumpTrain
2cowboys4u,RT @kvmidd85: #TeamHeidi #LionTed 4 #PresidentCruz #CruzCrew #PJNET  https://t.co/DCTFkpUZhT
9975Ts,RT @coach_tricia: Western Pa volunteers LOVE Mr. Trump. Our commitment to your campaign to #MakeAmericaGreatAgain https://t.co/8OZTIW7Kgs @‚Ä¶
Tic2adtoc,RT @NadelParis: Finger waggin' PinocchioCommunist needs2go #ImWithHer #millennialsforhillary #NewYorkPrimary https://t.co/6lveV70TZ3 https:‚Ä¶
JewelsinMo,RT @MariaYes2trump: @DebMeinhardt Welcome! Thank you for your service to our country! #WomenFortrump #TrumpTrain #Trump2016 Together we can‚Ä¶
LadyLibrty,RT @sunbeltgirl: MT @DrSueDVM: I #ChooseCruz bc he has a proven record of defending the Constitution. #tcot #ccot https://t.co/wmGzWAifQz #‚Ä¶
PatriotGinger,MT @LynnMarki: Care about your #2A Rights? Vote 4 CRUZ! https://t.co/oY1Dx7KYnk #CruzCrew #PJNET
kjoerwin,"RT @StanLeeGee: America Loves Obama and I do too, Obama said #HillarySoQualified. #ShesWithUs and #ImWithHer #UniteBlue #VoteBlue  https://‚Ä¶"
ractichostignc,RT @NadelParis: Finger waggin' PinocchioCommunist needs2go #ImWithHer #millennialsforhillary #NewYorkPrimary https://t.co/6lveV70TZ3 https:‚Ä¶
yourltldogtoo,"RT @lenadunham: She's smart. She's qualified. And yeah, we love her pantsuits. Go to https://t.co/22lNYOyRaE to tell us #ImWithHer https://‚Ä¶"
NanfromSC,"RT @ScottBLG: Thanx Trump, for funding this guy who told conservatives they should just move out of NY State
#CruzCrew #Cruz #tcot https://‚Ä¶"
TrumpFL,#VoteTrump  https://t.co/VuRQ0qNQCV
330ci,RT @maxlydic: #TrumpTrain 6 hrs and 35 mins to the Rally Rochester NY 3 PM EDT 4-10-16 https://t.co/dlpofoD9IS https://t.co/hgZuRWoyB3
skyoversc,#BernieOrBust https://t.co/XmRnCI0S1o
feduppops,RT @BE_Iowa: Very good day for the #CruzCrew as Iowa continues to show strong support for @tedcruz #CruzToVictory https://t.co/w2UHJmsjWM
CavsBrownsFan,Idk how lebron can make kyrie and love better shooters lol they miss open shots non stop ..11/34 combined last night https://t.co/aKLfXfCibo
natatemiusc,RT @NadelParis: Finger waggin' PinocchioCommunist needs2go #ImWithHer #millennialsforhillary #NewYorkPrimary https://t.co/6lveV70TZ3 https:‚Ä¶
DowntownAgain,RT @cindiperez48: We Need A President Who Will Pledge His Loyalty To America! TED CRUZ 2016 #CruzCrew #UniteWithCruz https://t.co/U4y3tQ1IIO
jeffsonstein,"read that Constitution you claim to care about, you friggin' moron. or better yet, just STFU https://t.co/QkYWmOrZo3"
MariaYes2trump,@jangd56 Welcome! #TrumpTrain #Trump2016 Together we can #MAGA
YippieKya,RT @kirstiealley: Add me to your list boys! ... I endorse @realDonaldTrump love @RealRudyGiulian and damn!! Bikes rev up my soul! Xoxo http‚Ä¶
HackersCT,@BristolKnights Looking forward to it!
zabraouti,"@Independent Israel will    help     jews are the best compassionate ppl ,lv abastard on the st 3 minutes jewish guy will pick him up immedi"
Chrisstypmac,"RT @clsamuels99: #MakeAmericaGreatAgain 
#Trump2016 
#VoteforTrump 
#WomanforTrump 
#Women4Trump 
#Trump4President 
#Trumptrain 
 https://t‚Ä¶"
txjean2014,"RT @UnnaturalBlond: If @tedcruz runs the Country as well as his campaign, we're in good hands. #ChooseCruz #CruzCrew #NeverTrump https://t.‚Ä¶"
PatriotGinger2,MT @GarageDoorExpo: #headtohead #CruzCrew progressive populism vs true constitutionalist conservative. https://t.co/YMHFxrqy54 #PJNET
Zaphenath_8,@realDonaldTrump Stop Hillary #StopHillary üö´ socialism in America #MakeAmericaGreatAgain #VoteTrump #Trump2016 https://t.co/NcLF9Al3eM
NanfromSC,RT @CliffWilkin: MT @FranklinMan25: We've waited a long time for a true Patriot to come along. The wait is over! https://t.co/erOvXvBh1n #C‚Ä¶
Northstar22222,"RT @realDonaldTrump: ""@jlopez05391: @realDonaldTrump Rochester loves you! See you tomorrow! #MakeAmericaGreatAgain #Trump2016 #TrumpTrain""‚Ä¶"
adami912,@HillaryClinton @BernieSanders #FeelTheBern #ImWithHer #BlackLivesMatter #BlackTwitter #WhichHillary #StillSanders https://t.co/cjz8wi6u8I
Earl_59,"MT @ChuckNellis: Serious times require a serious candidate, #TedCruz. #SCPrimary https://t.co/ok1IDhA9K0 #CruzCrew #PJNET"
IndiLiamalM,RT @NadelParis: Finger waggin' PinocchioCommunist needs2go #ImWithHer #millennialsforhillary #NewYorkPrimary https://t.co/6lveV70TZ3 https:‚Ä¶
AdamJurik,@realDonaldTrump @agentvf @Q102Philly This is a sad upside down Country wow wake up people! #MakeAmericaGreatAgain
Chrisstypmac,"RT @clsamuels99: ""Every year Cruz has voted against the most important defense bill""  

#MakeAmericaGreatAgain 
#Womenfortrump https://t.co‚Ä¶"
kmayesaz1,"RT @sunbeltgirl: MT @_CFJ_:  31 months BEFORE announcing running for4 President, Trump STOOD WITH DREAMers. https://t.co/NAaTmgdmBg #CruzCr‚Ä¶"
CherylV33,RT @PatriotGinger: MT @Karee_news: #America will hold her head high again with @TedCruz leading we the people. https://t.co/QUIdy1Hq6u #Cru‚Ä¶
brittepierce,When I go in my grandmas room this early and she tells me to fuck off üòå
ruth_elissa,RT @joehos18: @realDonaldTrump Supporters please follow @carlie_orsini she's new and an Ardent #TrumpTrain supporter. Support all #Trump Su‚Ä¶
