DrCongress,"Dear #Congress, either do you're Job or you're https://t.co/EVOGY5Mkw4  https://t.co/laXwmgDhET"
eph4_15,"This isnt ""Rock, Paper, Scissors"" America! Constitution Beats Corrupt &amp; Crazy EVERY time! Vote 4a WINNER! -- https://t.co/T3ywiebSJt #PJNET"
MoffittJill,RT @genefoxjr: As a Vermonter &amp; a #Dem I'm hoping that our former great gov #HowardDean will challenge #Sanders 4 the Senate next time roun‚Ä¶
LarryCampos1950,RT @TheTrumpTrain: WoooHooo! #GoTrumpGo #VoteTrump2016 #MakeAmericaGreatAgain #IADistrictConvention https://t.co/ZuWWEdaFsR
bonnieparker443,"RT @realDonaldTrump: ""@jlopez05391: @realDonaldTrump Rochester loves you! See you tomorrow! #MakeAmericaGreatAgain #Trump2016 #TrumpTrain""‚Ä¶"
sunbeltgirl,"MT @CliffWilkin: In order to restore America's safety and security, we must rebuild our military. https://t.co/f7eHevNZov #CruzCrew #PJNET"
peterg52,@USSupremeCourt @FBI  https://t.co/LGLLhv03KA
MickBlair54,"RT @realDonaldTrump: ""@Genie115: #MakeAmericaGreatAgain we can only do that with @realDonaldTrump RT https://t.co/RViAgxoa4t"""
Smileitsraven,I'm the one without a doubt
Blackdi51264299,RT @acb4values: .@tedcruz works for every vote he gets! No candidate works harder for every single vote! #CruzCrew #UniteWithCruz https://t‚Ä¶
CarolAnneKnapp,"RT @The99forBernie: Idk Hillary, for some reason Bernie feels perfectly fine when people bring up his record #BernieOrBust #FeelTheBern htt‚Ä¶"
Ostlr31e,RT @NadelParis: Finger waggin' PinocchioCommunist needs2go #ImWithHer #millennialsforhillary #NewYorkPrimary https://t.co/6lveV70TZ3 https:‚Ä¶
FloggerMiester,"#MakeAmericaGreatAgain ?
Or more of the same with Cruz Kasich and losers Dole,Romney, McCain
#morningjoe #NYPrimary  https://t.co/3wkl9UDDPN"
Blackdi51264299,RT @nativekittens: #ChooseCruz #NewYorkPrimary #CaliforniaPrimary #PennsylvaniaPrimary #ConnecticutPrimary https://t.co/nHmwRp8Q01
D_Ericson,"RT @WeNeedHillary: New York Democratic Polls 2016: Clinton‚Äôs Lead Grows https://t.co/SN8fQXHUhf
#ShesWithUs #ImWithHer #TNTweeters #p2 http‚Ä¶"
MickBlair54,RT @TrumpMemesDaily: #Trump2016 #MakeAmericaGreatAgain https://t.co/VHiSPhPcYw
catawu,"RT @VABVOX: Amazeballs tweet of the day...
https://t.co/zXKLCyjeRb"
ggeett37aaa,MT @Saint_Obama: Ted Cruz has the best plan. #UniteWithCruz #tcot https://t.co/H8I7EnGT54 #CruzCrew #PJNET
7um9_,"RT @PushaTease: We'll take NY next.

NH üéØ
CO üéØ
MN üéØ
OK üéØ
VT üéØ
KS üéØ
NE üéØ
ME üéØ
MI üéØ
ID üéØ
UT üéØ
AK üéØ
HI üéØ
WA üéØ
WI üéØ
WY üéØ

#FeelTheBern  https:/‚Ä¶"
kathies01,RT @laureldavilacpa: Hillary Clinton Celebrates Beating Expectations And Tying Sanders In Wyoming Delegates via @politicususa https://t.co/‚Ä¶
rikameraci,RT @NadelParis: Finger waggin' PinocchioCommunist needs2go #ImWithHer #millennialsforhillary #NewYorkPrimary https://t.co/6lveV70TZ3 https:‚Ä¶
AmericanLizzy,"RT @dawngpsalm63: ‚ùå‚ùåüá∫üá∏üá∫üá∏
#TrumpArmy #Trump supporters VIP RT 
Follow .@gqforbes for info on .@realDonaldTrump 
#Trump2016 #TrumpTrain  http‚Ä¶"
crabdaddy,"RT @TomKeough: Hillary Clinton Laughs When Asked About Fracking Money
#ToneDownForWhat #BernieOrBust #FeelTheBern #HillNo not ever! https:/‚Ä¶"
MickBlair54,"RT @TrumpMemesDaily: They all got stumped by the Trump!
#Trump2016 #TrumpTrain #MakeAmericaGreatAgain #MAGA 
#AlwaysTrump https://t.co/yoae‚Ä¶"
lqfaet,RT @NadelParis: Finger waggin' PinocchioCommunist needs2go #ImWithHer #millennialsforhillary #NewYorkPrimary https://t.co/6lveV70TZ3 https:‚Ä¶
JPJonesbonhomme,RT @Beer__Wolf: Disappointed it took so long. So little energy left at #TrumpTrain Twitter. YOU GUYS USED TO *BE* SOMETHING. https://t.co/0‚Ä¶
shagsterjo,"RT @ElseMarilyn: #NYValues #CAPrimary 
#NYPrimary  #PAprimary  #AlwaysTrump #PresidentTrump
#TrumpTrain #Trump2016 
#NeverCruz https://t.co‚Ä¶"
JEL317,"Good point! and I ""love""MSM focusing on bernie's great WY""win"", which is a draw at best.I want a NY Landslide! https://t.co/uXBvUSRBjR"
Blackdi51264299,"RT @FreedomGrafiti: If you think it's too hard running for president, what makes you think you can actually handle the job? #ChooseCruz htt‚Ä¶"
alyssastew77,RT @O_IrishT: ‚òòüá∫üá∏üî•üëâBan elect. voting machines fixed to cap Mr.Trump ‚¨áÔ∏è 50%. Demand use of paper ballots. .#TrumpTrain .@Mferris67  https://‚Ä¶
99Wigket,RT @NadelParis: Finger waggin' PinocchioCommunist needs2go #ImWithHer #millennialsforhillary #NewYorkPrimary https://t.co/6lveV70TZ3 https:‚Ä¶
MorrisonJerome_,@renae_jwils Can I ask you a relational question.. God you're beautiful..
MickBlair54,"RT @TrumpMemesDaily: Now this is relationship goals
#Trump2016 #TrumpTrain #MakeAmericaGreatAgain #Trump #promposals #prom2k16 https://t.co‚Ä¶"
BeautyofDamon,"RT @fussylooksowhat: Laura Bush SLAMS The GOP, Says She‚Äôd Rather Vote For Hillary Than A Republican @HillaryClinton #ImWithHer #POTUS2016
h‚Ä¶"
ChocChip52,RT @janimine: https://t.co/asLD9mZXMz Drive through Paris  SHARE IT #Refugees Coming to Rodeo Drive &amp; 5th Avenue  #WakeUpAmerica #MakeAmeri‚Ä¶
fatbudny5,RT @NadelParis: Finger waggin' PinocchioCommunist needs2go #ImWithHer #millennialsforhillary #NewYorkPrimary https://t.co/6lveV70TZ3 https:‚Ä¶
CliffWilkin,"MT @PatriotJewel: This election's too important to roll the dice, #ChooseCruz! #UniteWithTed https://t.co/0IJ8DHNLYu #CruzCrew #PJNET"
tacross,RT @tedcruz: Thank you Colorado for another resounding victory! https://t.co/PXWWcifJKK #ChooseCruz #CruzCrew https://t.co/zhMVq5QpeH
jbutto,"RT @realDonaldTrump: ""@governor_savage: @realDonaldTrump is the only person who can save us from this corrupt political mess. #MakeAmericaG‚Ä¶"
jason6153,"RT @HughRadcliff: Another crushing win in #WYPrimary how can Bernie continue?
#p2 #feelthebern  #imwithher https://t.co/uBhQCYG7Wk"
opeybebops,@EyauukArt You ever been around Kisseana ?
NoKill20kmLife,David Axelrod caught emailing Hillary Clinton at personal address he knew nothing about https://t.co/Ux7f8aduoO #BernieSanders #Bernieorbust
lmw_4231,surprised my phone even works still- not only is there something wrong w the screen but its now cracked üòÖ
Manni_syd,RT @immigrant4trump: RETWEET if you think Melania would make a great First Lady! #MakeAmericaGreatAgain #Trump2016 @realDonaldTrump https:/‚Ä¶
Network_Citizen,"MT @kvmidd85: A new day is dawning, America and new hope fills our hearts! https://t.co/yLYDX3HhyL #CruzCrew #PJNET"
GdoubleT,Hp https://t.co/IOxEDCIJH9
BeautyofDamon,"RT @ursusmiratus: @fussylooksowhat @HillaryClinton - that makes, let's see... one, two, three... lots of us. Can't say I blame her either üòÑ‚Ä¶"
feduppops,RT @ggeett37aaa: MT @Saint_Obama: Ted Cruz has the best plan. #UniteWithCruz #tcot https://t.co/H8I7EnGT54 #CruzCrew #PJNET
Blackdi51264299,RT @PatriotGinger2: MT @FranklinMan25: We've waited a long time for a true Patriot to come along. The wait is over! https://t.co/xk2K4f1HM5‚Ä¶
RandiMartos,"Here is the groom, @adammartos , so handsome . #Martoswedding @‚Ä¶ https://t.co/ddUZB7yefz"
27Seascapes,"RT @The99forBernie: Idk Hillary, for some reason Bernie feels perfectly fine when people bring up his record #BernieOrBust #FeelTheBern htt‚Ä¶"
robbarent,The #Trumpinator https://t.co/VQnBJ5zTYt
jplntugu,RT @NadelParis: Finger waggin' PinocchioCommunist needs2go #ImWithHer #millennialsforhillary #NewYorkPrimary https://t.co/6lveV70TZ3 https:‚Ä¶
donutslikdunkin,Got my first dick flashed at me last night #ERlife
jeffsonstein,see also my JSON_Explorer tool at https://t.co/XAH9diMeTC https://t.co/Dg2iZgPdE2
808hopeful,"RT @WeNeedHillary: #MT @votebluealways ‚Äú#ImWithHer Evening
https://t.co/ksoM7JuizF
Excited to find my tweet on https://t.co/HqDSxNTrxJ http‚Ä¶"
MargaretMcgui16,RT @O_IrishT: ‚òòüá∫üá∏üî•üëâBan elect. voting machines fixed to cap Mr.Trump ‚¨áÔ∏è 50%. Demand use of paper ballots. .#TrumpTrain .@Mferris67  https://‚Ä¶
bonnieparker443,"RT @realDonaldTrump: ""@governor_savage: @realDonaldTrump is the only person who can save us from this corrupt political mess. #MakeAmericaG‚Ä¶"
poodlelove55,RT @Brenkoski: You got that RIGHT @realDonaldTrump I am ONE of millions who will WALK from @GOP #Trump2016 #MakeAmericaGreatAgain  https://‚Ä¶
Johnsontx5Diane,RT @BWTEIM: MT @cheryl42058: Cruz can fix what has been torn apart! Constitutional Conservative Man! https://t.co/7KDWFajEUX #CruzCrew #PJN‚Ä¶
PodomusCapital,"@photosandbacon agree 100% that it should be a crime to hunt such animals, but don't use it as a political message, they r not the only ones"
BJHare,This is what happens when a primary or caucus is CLOSED with only Dems voting! #WYCaucus #ImWithHer https://t.co/xxweb47mdM
Who_R_Yo9u5,RT @NadelParis: Finger waggin' PinocchioCommunist needs2go #ImWithHer #millennialsforhillary #NewYorkPrimary https://t.co/6lveV70TZ3 https:‚Ä¶
miababy589,RT @amrightnow: Its harvest time vote Trump 2016 #realdonaldtrump #VoteTrump2016 #MakeAmericaGreatAgain #tcot #1A #2A #military https://t.c‚Ä¶
ArthurA_P,"RT @Hillary4Florida: Battle born.
Battle tested.
Battle won.

SHE's ready.

üòçüá∫üá∏#ImWithHer #HillYes #Florida #NYPrimary #Hillary2016 https:/‚Ä¶"
OGmage,"RT @Koxinga8: Nearly three-quarters of Republicans think #Trump will be the nominee https://t.co/cZhMSMeCYH via @MailOnline
#TrumpTrain #Tr‚Ä¶"
trb2997,"RT @TomKeough: @OmanReagan @Linda1746 
#ToneDownForWhat #BernieOrBust #FeelTheBern #HillNo not ever! https://t.co/Wf2AqXx3Ue"
luwanda19,"RT @TruthFromTerry: @annholman194 @kirstiealley @kennygmanno @AngelDowne

us  #Trump2016 #MakeAmericaGreatAgain https://t.co/bavoEBWMX3"
Griefage,"RT @The99forBernie: Idk Hillary, for some reason Bernie feels perfectly fine when people bring up his record #BernieOrBust #FeelTheBern htt‚Ä¶"
_yeemablevictim,"When i die fuck it, i wanna go to hell"
Martinecc3,RT @NadelParis: Finger waggin' PinocchioCommunist needs2go #ImWithHer #millennialsforhillary #NewYorkPrimary https://t.co/6lveV70TZ3 https:‚Ä¶
es1999,Trump Won‚Äôt Name Any of the ‚ÄòHundreds of Friends‚Äô He Says Died on 9/11 https://t.co/icLveiXI9Y #NYvalues #NYprimary #Liar @TedCruz #CruzCrew
DeneenLauren,I'm convinced Jared Leto can't be human...Too perfect üëº https://t.co/VtLsWQmlg3
pride_delco,RT @immigrant4trump: RETWEET if you think Melania would make a great First Lady! #MakeAmericaGreatAgain #Trump2016 @realDonaldTrump https:/‚Ä¶
_enasam,@Essence_Armani Yooo üòπüòπ you anit shit I would be so mad at you üôÑüò©
RickCoscia,"RT @LouDobbs: Fearing Trump, BostonGlobe Lampoons Itself,The Pretend Paper It's Become   #MakeAmericaGreatAgain  #Trump2016 #Dobbs https://‚Ä¶"
kdv10s,"RT @WeNeedHillary: New York Democratic Polls 2016: Clinton‚Äôs Lead Grows https://t.co/SN8fQXHUhf
#ShesWithUs #ImWithHer #TNTweeters #p2 http‚Ä¶"
LindaGarriss,"RT @Koxinga8: Nearly three-quarters of Republicans think #Trump will be the nominee https://t.co/cZhMSMeCYH via @MailOnline
#TrumpTrain #Tr‚Ä¶"
Pamjd219,"RT @ChristieC733: Donald Trump speaks for me.  

üî¥ #NoMorePC 

‚ö™Ô∏è #WomenForTrump 

üîµ #WisconsinForTrump 

üá∫üá∏ #MakeAmericaGreatAgain https:/‚Ä¶"
Gramzy7,#TrumpTrainWreck #ccot #NYPrimary #ChooseCruz https://t.co/GzYPSPyLKF
nofaith313,"#makeafilmhappy 

Star Wars The Empire Gives Back"
4AmericaToday,"RT @amrightnow: ""The Real Trump"" Make Video #1 (Trump About You) https://t.co/j58e8aacrE #MakeAmericaGreatAgain #tcot #trump https://t.co/2‚Ä¶"
UCitizens,"We need to find RV parks, hotels, motels, and homes outside Cleveland to stage ourselves! Any ideas from Ohioans? #TrumpTrain #trump2016"
ckxqngpwwl,RT @NadelParis: Finger waggin' PinocchioCommunist needs2go #ImWithHer #millennialsforhillary #NewYorkPrimary https://t.co/6lveV70TZ3 https:‚Ä¶
RobHalperin,"RT @Socialist_Times: Stop shaming women who support Bernie into voting for Clinton https://t.co/FNym35huFt
#Women4Bernie #ImWithHer #P2 htt‚Ä¶"
D_Ericson,RT @Africanfighter: OUCH!!! #ImWithHer #NYPrimary #PAprimary  https://t.co/8fKTOc43Vg
TALBlackIec,RT @NadelParis: Finger waggin' PinocchioCommunist needs2go #ImWithHer #millennialsforhillary #NewYorkPrimary https://t.co/6lveV70TZ3 https:‚Ä¶
daoofknow,RT @BrendaR10096757: Thank you! RT say THANKS! #BernieOrBust ust https://t.co/DOt7x2aWel
Barbara531,RT @immigrant4trump: RETWEET if you think Melania would make a great First Lady! #MakeAmericaGreatAgain #Trump2016 @realDonaldTrump https:/‚Ä¶
OrderrInDaCourt,üòûüí§
trb2997,"RT @TomKeough: Bernie Sanders on Why Young People Love Him
#ToneDownForWhat #BernieOrBust #FeelTheBern #HillNo not ever! https://t.co/hTI0N‚Ä¶"
Johnsontx5Diane,RT @rafealcuzr66: #CruzCrew: RT TexasTribune: .TedCruz sweeps delegates up for grabs in Colorado | PatrickSvitek reports: ‚Ä¶ https://t.co/yn‚Ä¶
fitzrandolph4,RT @Micha_Joy: YOU can be part of the movement to take back our country by #VoteTRUMP2016 to #MakeAmericaGreatAgain! #AmericaFirst https://‚Ä¶
SuzyWatkinYsK,RT @NadelParis: Finger waggin' PinocchioCommunist needs2go #ImWithHer #millennialsforhillary #NewYorkPrimary https://t.co/6lveV70TZ3 https:‚Ä¶
508zamo,"RT @realDonaldTrump: ""@jlopez05391: @realDonaldTrump Rochester loves you! See you tomorrow! #MakeAmericaGreatAgain #Trump2016 #TrumpTrain""‚Ä¶"
CTRailCommutmrs,RT @NadelParis: Finger waggin' PinocchioCommunist needs2go #ImWithHer #millennialsforhillary #NewYorkPrimary https://t.co/6lveV70TZ3 https:‚Ä¶
Gramzy7,RT @AmberForAmerica: MT @sunbeltgirl: A principled constitutional conservative fighter in Senate endorsed @tedcruz. https://t.co/5h1lEJ7qUf‚Ä¶
stevej132,"RT @ImagineAnna: Cruz facing disqualification for fraud in EIGHT STATES!!

#WakeUpAmerica #tcot #CruzSexScandal #TrumpTrain

https://t.co/h‚Ä¶"
MickBlair54,RT @janimine: https://t.co/asLD9mZXMz Drive through Paris  SHARE IT #Refugees Coming to Rodeo Drive &amp; 5th Avenue  #WakeUpAmerica #MakeAmeri‚Ä¶
tweetdude101,"The U.S. Constitution Bans Hillary‚Äôs Foreign Government Payola
https://t.co/aKL7XO427Q

#NYPrimary #FeelTheBern #CNN #PAPrimary #ImWithHer"
511nyCatskills,Construction on #NY17 Both directions from Exit 105B - NY 42 to Exit 107 - CR 173 https://t.co/jLVtPB97uM
511NY,Construction on #NY17 Both directions from Exit 105B - NY 42 to Exit 107 - CR 173 https://t.co/ja0prouzfN
Jessica_mannin,"@HillaryClinton gave @POTUS advice on Syria, Libya, Iraq @BernieSanders gave him 900 billion, obamacare &amp; 16b 4 d VA https://t.co/cyTgHDvHHM"
hsardimikc,RT @NadelParis: Finger waggin' PinocchioCommunist needs2go #ImWithHer #millennialsforhillary #NewYorkPrimary https://t.co/6lveV70TZ3 https:‚Ä¶
TheRealBizzyman,"When U win 8 of 9, but with each win, U are further separated from Final Victory that's ""Bern-mentum"" not Momentum #ImWithHer #Bernie2016"
TG_Fireflxew,RT @NadelParis: Finger waggin' PinocchioCommunist needs2go #ImWithHer #millennialsforhillary #NewYorkPrimary https://t.co/6lveV70TZ3 https:‚Ä¶
Dreamtraveler,"RT @Socialist_Times: Stop shaming women who support Bernie into voting for Clinton https://t.co/FNym35huFt
#Women4Bernie #ImWithHer #P2 htt‚Ä¶"
wildscenery,"RT @The99forBernie: Idk Hillary, for some reason Bernie feels perfectly fine when people bring up his record #BernieOrBust #FeelTheBern htt‚Ä¶"
AlexKautzuciMs,RT @NadelParis: Finger waggin' PinocchioCommunist needs2go #ImWithHer #millennialsforhillary #NewYorkPrimary https://t.co/6lveV70TZ3 https:‚Ä¶
DanHwyais,@malcolmshabazz6 @SenSanders no we don't. #MakeAmericaGreatAgain
HrcGeneration,"RT @WeNeedHillary: New York Democratic Polls 2016: Clinton‚Äôs Lead Grows https://t.co/SN8fQXHUhf
#ShesWithUs #ImWithHer #TNTweeters #p2 http‚Ä¶"
D_Ericson,RT @BilldeBlasio: She's always been a show stopper. Thanks to @HillaryClinton for taking #InnerCircle to the next level. #ImWithHer https:/‚Ä¶
nanblunt,"RT @fussylooksowhat: Laura Bush SLAMS The GOP, Says She‚Äôd Rather Vote For Hillary Than A Republican @HillaryClinton #ImWithHer #POTUS2016
h‚Ä¶"
saravern,"RT @realDonaldTrump: ""@jlopez05391: @realDonaldTrump Rochester loves you! See you tomorrow! #MakeAmericaGreatAgain #Trump2016 #TrumpTrain""‚Ä¶"
DWilloughy,"RT @djbratpack: RT (TY)  #FeelTheFraud #VettingBernie #ReleaseTheReturns #NoMoreBS
 ==&gt; #HillarySoQualified #ImWithHer #EstoyConElla https:‚Ä¶"
BeertographEE,Drinking a B/A/Y/S V3.0 - BHS Release 1 (Ghost 378) by @AdroitTheory @ Town of Chautauqua ‚Äî https://t.co/r4CKXSv9O8
SquidNet_VT,RT @NadelParis: Finger waggin' PinocchioCommunist needs2go #ImWithHer #millennialsforhillary #NewYorkPrimary https://t.co/6lveV70TZ3 https:‚Ä¶
Able_49,MT @sunbeltgirl: GREAT endorsement for @tedcruz from @marklevinshow. #UniteWithCruz https://t.co/ifMexbj50U #CruzCrew #PJNET
CuevasNeunder,RT @PuyaFiel: They thought our movement would slow down.. Not gonna happen folks #MAGA #NewYorkValues #TrumpTrain #Trump2016 https://t.co/n‚Ä¶
r11119,"#Trumps our Roosevelt, Truman, Kennedy, Reagan! He will #MakeAmericaGreatAgain ! https://t.co/QzKL5FQmMb"
joehos18,@realDonaldTrump Supporters please follow @carlie_orsini she's new and an Ardent #TrumpTrain supporter. Support all #Trump Supporters #MAGA
fitzrandolph4,RT @Micha_Joy: JOBS #TRUMP will be the greatest job-producing president in American history. https://t.co/qEDb5Y1gNT #TRADE #MakeAMERICAgre‚Ä¶
snoozinglion1,"RT @HardcoreRep: So this happened. @cologop #cogop2016 ""They did it"" Now claiming they were hacked! Please, tell us more. #TrumpTrain https‚Ä¶"
myclassicvibe,@JaimieAlexander hii jamie beautie amazin show
EdSkipper,"RT @GKMTNtwits: #Network4Hillary Share W/friends over breakfast! ‚ÄúHow much could you save if not paying student loans?
 https://t.co/0d1vty‚Ä¶"
pms5699,RT @Doug_39: MT @jan_pierce: #CruzSuperCrew #ChooseCruz https://t.co/vCaSDgsMk5 #CruzCrew #PJNET
vinc9ent,@realDonaldTrump 2016 #MakeAmericaGreatAgain https://t.co/ooWOfSdWBD
ThatGuyFromTenn,"RT @realDonaldTrump: ""@jlopez05391: @realDonaldTrump Rochester loves you! See you tomorrow! #MakeAmericaGreatAgain #Trump2016 #TrumpTrain""‚Ä¶"
LifeLibHappy,MT @WackerCindy: #Cruz stood for the #10Commandments . I stand with #TedCruz2016. #CruzToVictory https://t.co/8CZtUKpYtc #CruzCrew #PJNET
bonblga,RT @NadelParis: Finger waggin' PinocchioCommunist needs2go #ImWithHer #millennialsforhillary #NewYorkPrimary https://t.co/6lveV70TZ3 https:‚Ä¶
KinnardJan,"RT @WayneDupreeShow: Caller 2 - The media is trying to brainwashing each of us

#AlwaysTrump #TrumpTrain #MakeAmericaGreatAgain

https://t.‚Ä¶"
Johnsontx5Diane,"RT @DanMartin_cards: There's Only One RIGHT Choice For POTUS üëâüèΩ VOTE @TEDCRUZ

#WIPrimary 
#ChooseCruz 
#CruzCrew https://t.co/K7gRM8jVE0"
CriswellsOk,"RT @realDonaldTrump: ""@jlopez05391: @realDonaldTrump Rochester loves you! See you tomorrow! #MakeAmericaGreatAgain #Trump2016 #TrumpTrain""‚Ä¶"
White_Iniatisl,RT @NadelParis: Finger waggin' PinocchioCommunist needs2go #ImWithHer #millennialsforhillary #NewYorkPrimary https://t.co/6lveV70TZ3 https:‚Ä¶
jan_claine,"Wake Up America!
#NYPrimary #CTPrimary #DEprimary #MDPrimary #PAprimary #RIPrimary #CAPrimary #BurnTheGOP #INPrimary https://t.co/3DmFpCbNfS"
dlkay_l,RT @kyramarat1: GOP is a rigged game. It's not abt the voters. It's about how to STEAL the delegates! Come on Trump! Get this!  https://t.c‚Ä¶
Re2olutioneers,"RT @realDonaldTrump: ""@governor_savage: @realDonaldTrump is the only person who can save us from this corrupt political mess. #MakeAmericaG‚Ä¶"
KimKriz1,"RT @realDonaldTrump: ""@governor_savage: @realDonaldTrump is the only person who can save us from this corrupt political mess. #MakeAmericaG‚Ä¶"
HrcGeneration,"RT @TheRealRondaLee: Update,after surrogate ballots tallied #ImWithHer #WYCaucus https://t.co/2ZAsqJIaRN"
CarmineZozzora,"RT @SandraHartle: üîπ #Trump
üîπ #MAGA
üîπ #Women4Trump
üîπ #NYValues
üîπ #NYPrimary
üîπ #CruzCrew
üîπ #NJ #VA
üîπ #stayonbudget
üîπ #BigHeart
üîπ #PA https://‚Ä¶"
natureofthings7,"RT @Hillary4Florida: Battle born.
Battle tested.
Battle won.

SHE's ready.

üòçüá∫üá∏#ImWithHer #HillYes #Florida #NYPrimary #Hillary2016 https:/‚Ä¶"
ksfay5,RT @Bikers4Trump: Get on the #TrumpTrain &amp; Join #Bikers4Trump Today @ https://t.co/AGuHKH0S7K &amp; #RETWEET https://t.co/CbAQqjmcYR
D_Ericson,"RT @WeNeedHillary: TOXIC: The Culture of Bernie's Campaign https://t.co/1P0qwWy4ON
#ShesWithUs #ImWithHer #TNTweeters #FleeTheBern https://‚Ä¶"
mctomkat873,RT @acb4values: .@tedcruz works for every vote he gets! No candidate works harder for every single vote! #CruzCrew #UniteWithCruz https://t‚Ä¶
raining_silence,"I s2g I read a fic about this once 

It ended verrrrry well"
darlineellichtt,RT @NadelParis: Finger waggin' PinocchioCommunist needs2go #ImWithHer #millennialsforhillary #NewYorkPrimary https://t.co/6lveV70TZ3 https:‚Ä¶
EdSkipper,"RT @WeNeedHillary: New York Democratic Polls 2016: Clinton‚Äôs Lead Grows https://t.co/SN8fQXHUhf
#ShesWithUs #ImWithHer #TNTweeters #p2 http‚Ä¶"
buriedintrash,https://t.co/YCVkZbvZHs
tinahuntsme,RT @ImagineAnna: Multiple law suits pending VS Ted Cruz #WakeUpAmerica #tcot #CruzCrew #CruzSexScandal #CRUZCOURTCASE #CruzVoterFraud https‚Ä¶
Essex1963,"RT @realDonaldTrump: ""@governor_savage: @realDonaldTrump is the only person who can save us from this corrupt political mess. #MakeAmericaG‚Ä¶"
Rupos13,RT @NadelParis: Finger waggin' PinocchioCommunist needs2go #ImWithHer #millennialsforhillary #NewYorkPrimary https://t.co/6lveV70TZ3 https:‚Ä¶
mjgranger1,.@iGoneViral #Hooah! #USA
AltimariVincent,This needs media attention. @TYTNetwork @davidsirota @AP @SenWarren @morningmika @chrislhayes @maddow @Morning_Joe https://t.co/nXPswXbTHt
D_Ericson,RT @aquarharris688: Yep! Go figure! They are ridiculous! #ImWithHer  https://t.co/XkRdNYFIyT
cykelly1718,RT @FloridaforHRC: Liberal &amp; Think @HillaryClinton Is Corrupt-You Are Rewarding 25 Yrs of GOP Smears #ImWithHer https://t.co/roANEsGp3K htt‚Ä¶
OrlandoMilian8,RT @amrightnow: Jobs 4 #Veterans Trump Your Safety  #realdonaldtrump #VoteTrump2016 #TrumpTrain https://t.co/j58e8aacrE #military https://t‚Ä¶
CrusaderIntel,"RT @realDonaldTrump: ""@governor_savage: @realDonaldTrump is the only person who can save us from this corrupt political mess. #MakeAmericaG‚Ä¶"
ConnieSneed2,@realDonaldTrump I just registered for dialing for Trump from IN to help @realDonaldTrump #MakeAmericaGreatAgain https://t.co/mq9EEHKgPe
PettyRalph,Just posted a photo @ Martha's Vineyard https://t.co/zSChLEo4S3
vintagegoddess,"RT @fussylooksowhat: Laura Bush SLAMS The GOP, Says She‚Äôd Rather Vote For Hillary Than A Republican @HillaryClinton #ImWithHer #POTUS2016
h‚Ä¶"
natureofthings7,RT @BJHare: This is what happens when a primary or caucus is CLOSED with only Dems voting! #WYCaucus #ImWithHer https://t.co/xxweb47mdM
jorenzor,RT @BobbyTBD: I actually have a very successful career but thanks for showin how rude @BernieSanders supporters can be #ImWithHer https://t‚Ä¶
OutsiderzBlog,"RT @Socialist_Times: Stop shaming women who support Bernie into voting for Clinton https://t.co/FNym35huFt
#Women4Bernie #ImWithHer #P2 htt‚Ä¶"
miababy589,RT @keksec__org: @realDonaldTrump Trump isn't even president yet and is already creating jobs! #MakeAmericaGreatAgain
kenlweb36,"RT @ChristieC733: Donald Trump speaks for me.  

üî¥ #NoMorePC 

‚ö™Ô∏è #WomenForTrump 

üîµ #WisconsinForTrump 

üá∫üá∏ #MakeAmericaGreatAgain https:/‚Ä¶"
cheryl_abe,Bwaaaa first laugh of the day!!!! https://t.co/nETLXcDv10
jacknemocomedy,@PoliticsNewz ok ok ill giv u the bomb https://t.co/p59zuey8b2
julie_cappiello,RT @SandyMarrett: @FoxNews https://t.co/YIIZ5TC7Bo
flyingchick747,"RT @realDonaldTrump: ""@governor_savage: @realDonaldTrump is the only person who can save us from this corrupt political mess. #MakeAmericaG‚Ä¶"
jannalcovington,RT @PatriotGinger: https://t.co/K6F1G6utXq
areysimmons,RT @immigrant4trump: RETWEET if you think Melania would make a great First Lady! #MakeAmericaGreatAgain #Trump2016 @realDonaldTrump https:/‚Ä¶
bloodless_coup,"Bitches &amp; moans about:

‚àö Fox
‚àö Other ""unfair"" media
‚àö Those meany-mean GOP
‚àö The rules, i.e. the Constitution

‚àö Obama
‚àö Trump
X #CruzCrew"
coreystrickla10,"RT @Koxinga8: Who are the women backing Donald Trump? https://t.co/w5JURA9seC via @nypost
#TrumpTrain #Trump2016"
1Cubbie,RT @joehos18: @realDonaldTrump Supporters please follow @carlie_orsini she's new and an Ardent #TrumpTrain supporter. Support all #Trump Su‚Ä¶
lovepink2254,@SilverZ3 club 24
myclassicvibe,@LeahWestMusic leah sweetie beautifulxxx
Amberis4LSU,"RT @NMarco331: Last person to use such an amazing slogan was also the last person to #MakeAmericaGreatAgain

#VoteTrump https://t.co/EQ1O7M‚Ä¶"
cpasquarella,Early morning test day with @McCumbeeMcAleer üöóüí® https://t.co/SyH12d7V3V
RandiMartos,"The ""first look"" of seab1016 in her beautiful wedding dress.‚Ä¶ https://t.co/cTAoDoLNbP"
sandyaschneider,"RT @jan_claine: Wake Up America!
#NYPrimary #CTPrimary #DEprimary #MDPrimary #PAprimary #RIPrimary #CAPrimary #BurnTheGOP #INPrimary https:‚Ä¶"
wendyvoss,"RT @ElseMarilyn: #NYValues #CAPrimary 
#NYPrimary  #PAprimary  #AlwaysTrump #PresidentTrump
#TrumpTrain #Trump2016 
#NeverCruz https://t.co‚Ä¶"
BillyBert13,"RT @joelbousley: This is not very progressive. If so, count me out. He deleted his comment. Below is a screenshot. #wtf #ImWithHer https://‚Ä¶"
bonnieparker443,RT @The_Trump_Train: RETWEET if you think Donald Trump will be the hardest working president in history! #MakeAmericaGreatAgain https://t.c‚Ä¶
DavidLPoeJr1,@shelbygailbrown make that your last time please. Some habits are better when not adopted.
hunkaberninlove,RT @mikesldy6969: #IStandWithJane! https://t.co/D3rv4Ikr9J
VasileFalcone,RT @Canada4TrumpNow: The @GOP is tying everything they can to take this away from the will of the people! Don't let them win! #VoteTrump ht‚Ä¶
sydney2m,A moment in time on Sunday..... https://t.co/fga2ufQr7j
AngelgirlD,"May God bless you today and always happy Sunday to all my tweeter friends! This is for you, Pierito martini üòéüëáüôÜ‚ù§üíú‚ù§üíú‚ù§ https://t.co/2JAo23A5F5"
SpartanMaker,@realDonaldTrump Lyin' Ted must do the right thing: Drop out and end this charade. #TrumpTrain #MAGA
MargBeckwith,I can identify with much of this by just running for office in West Virginia! @HillaryClinton #ImWithHer   https://t.co/afKZexmvYP
pms5699,"RT @gerfingerpoken2: Free Republic: Why #Trump Is Afraid Of ""Crazy"" @megynkelly - https://t.co/OFRrou9s68  - https://t.co/iSlV8p0ifU - #Cru‚Ä¶"
Manni_syd,"RT @SaraGreenwell: @realDonaldTrump America loves you, Melania and the entire family. #NewYorkValues #VoteTrump"
virgo2757,"RT @Ma_Mick_: Trump is just realizing that running US isn't something you loan your name 2 4 a fee, file bankruptcy on &amp; walk away https://‚Ä¶"
EmpowerPeacoweN,RT @NadelParis: Finger waggin' PinocchioCommunist needs2go #ImWithHer #millennialsforhillary #NewYorkPrimary https://t.co/6lveV70TZ3 https:‚Ä¶
AmberForAmerica,RT @2cowboys4u: MT @CliffWilkin: CRUZ committed to smaller government. https://t.co/9ZaXHjax8a #CruzCrew #PJNET
RNcat50,RT @lou_ann_liguori: Action speak louder than words Ted especially since your words can't be trusted! #VoteTrump my friends! https://t.co/1‚Ä¶
m9sgmcgg,RT @NadelParis: Finger waggin' PinocchioCommunist needs2go #ImWithHer #millennialsforhillary #NewYorkPrimary https://t.co/6lveV70TZ3 https:‚Ä¶
bjohnson1436,RT @NYC4TRUMP2016: A vote for Hillary/Bernie is a vote for the corrupt DC establistment #NYPrimary #Trump2016 #MakeAmericaGreatAgain
Stevekallay1,RT @realBrianGordon: I'm with you friend! I'll vote @realDonaldTrump even if I have to write him in on my ballot. #MakeAmericaGreatAgain ht‚Ä¶
FollowBackAnyon,RT @NadelParis: Finger waggin' PinocchioCommunist needs2go #ImWithHer #millennialsforhillary #NewYorkPrimary https://t.co/6lveV70TZ3 https:‚Ä¶
oikono1885,"RT @sandyaschneider: WTF... Ted Cruz came in 3rd in South Carolina... But now he stole the delegates, meaning your vote does not count #Tru‚Ä¶"
Prettyr0y9a9,RT @NadelParis: Finger waggin' PinocchioCommunist needs2go #ImWithHer #millennialsforhillary #NewYorkPrimary https://t.co/6lveV70TZ3 https:‚Ä¶
oikono1885,"RT @ImagineAnna: Cruz facing disqualification for fraud in EIGHT STATES!!

#WakeUpAmerica #tcot #CruzSexScandal #TrumpTrain

https://t.co/h‚Ä¶"
AnJolieLeg,Share #LatinosForTrump with race pimps @CarolCNN @ron_fournier @CNN @MSNBC @NBCNews @donnabrazile  https://t.co/h8Wml6agyJ
CriswellsOk,"RT @realDonaldTrump: ""@governor_savage: @realDonaldTrump is the only person who can save us from this corrupt political mess. #MakeAmericaG‚Ä¶"
glitzygirlsmag,I hope the people who support Trump in IN remember Craig Dunn statements when he is up for re-election. #AlwaysTrump https://t.co/rnwcr6gnAj
OligarchySucks,"https://t.co/rL00B9CqQR?
#NYPrimary #NewYorkPrimary #NYC #NYU #NewYork #Brooklyn #Bronx #Yonkers #DocumentTheVote #NotMeUs #BernieOrBust"
pdachil,"RT @realDonaldTrump: ""@governor_savage: @realDonaldTrump is the only person who can save us from this corrupt political mess. #MakeAmericaG‚Ä¶"
kylehuckins,"Want to derail #Trumptrain, bring #racialJustice, grow in #GodsWord? My new book: https://t.co/CNdqQezSzb #preacher https://t.co/eTufm0G7ws"
nofaith313,"#makeafilmhappy 

God's Not Real"
LeeLevilee,Nice job #WYCaucus!  7-7 tie!  It's even more uphill from here for him!  #ImWithHer https://t.co/2zSL9xX9R8
pms5699,"RT @Network_Citizen: MT @TeriGRight: Grassroots, Please Rise Up &amp; #ChooseCruz! He can FIX this mess! #TCOT #LNYHBT https://t.co/9GfF5lWlgS‚Ä¶"
NanditaDidi,"RT @fawfulfan: No, Bernie Sanders was not right about the Panama free trade agreement. Hillary Clinton was. #ImWithHer https://t.co/WSDmS23‚Ä¶"
GrantCnroda,RT @NadelParis: Finger waggin' PinocchioCommunist needs2go #ImWithHer #millennialsforhillary #NewYorkPrimary https://t.co/6lveV70TZ3 https:‚Ä¶
DALHOU,#DumpTrump #NeverTrump #NarcissisticTrump #LiarTrump #RinoTrump  #SleazyDonald #ToxicTump #AlwaysCruz https://t.co/CjKbZzqimS
OrderrInDaCourt,@OrderrInDaCourt Girls. I meant girls. My friends. My 3 friends only. No one else.
poodlelove55,"If they deny @realDonaldTrump, I believe I have no choice but to leave party that proves itself corrupt! #VoteTrumpüåü https://t.co/ygAh2wpimw"
raining_silence,it's 730 in the am on a Sunday morning and I've screamed 7 times already
AustralianDude,RT @NoKill20kmLife: David Axelrod caught emailing Hillary Clinton at personal address he knew nothing about https://t.co/Ux7f8aduoO #Bernie‚Ä¶
aDnBallaruPhoot,RT @NadelParis: Finger waggin' PinocchioCommunist needs2go #ImWithHer #millennialsforhillary #NewYorkPrimary https://t.co/6lveV70TZ3 https:‚Ä¶
RayWalsl,RT @NadelParis: Finger waggin' PinocchioCommunist needs2go #ImWithHer #millennialsforhillary #NewYorkPrimary https://t.co/6lveV70TZ3 https:‚Ä¶
Bart_39,MT @bcwilliams92: If This Is Your List Then Ted Cruz Is your Guy. https://t.co/hTWsCANj0m #CruzCrew #PJNET
drumquint,RT @trump_world: Trump Campaign Considering Challenging Colorado Delegates @realDonaldTrump #MakeAmericaGreatAgain #Trump2016 https://t.co/‚Ä¶
010dayloan0s,RT @NadelParis: Finger waggin' PinocchioCommunist needs2go #ImWithHer #millennialsforhillary #NewYorkPrimary https://t.co/6lveV70TZ3 https:‚Ä¶
1MADEINUSA,THE THING WITH MOFIA THEY DESTROY U AND UR FAMILY BUT THE CIA THEY KILL U YOUR FAMILY AND ALL YOUR FRIENDS SO NO1 WILL EVERKNOW THE SECRETE
marymauldin,RT @janimine: https://t.co/asLD9mZXMz Drive through Paris  SHARE IT #Refugees Coming to Rodeo Drive &amp; 5th Avenue  #WakeUpAmerica #MakeAmeri‚Ä¶
bloodless_coup,RT @DALHOU: #DumpTrump #NeverTrump #NarcissisticTrump #LiarTrump #RinoTrump  #SleazyDonald #ToxicTump #AlwaysCruz https://t.co/CjKbZzqimS
OWWMinuet,RT @NadelParis: Finger waggin' PinocchioCommunist needs2go #ImWithHer #millennialsforhillary #NewYorkPrimary https://t.co/6lveV70TZ3 https:‚Ä¶
DebAlwaystrump,"RT @ImagineAnna: Cruz facing disqualification for fraud in EIGHT STATES!!

#WakeUpAmerica #tcot #CruzSexScandal #TrumpTrain

https://t.co/h‚Ä¶"
MickBlair54,"RT @jjnormandin: @victorbreaux @ThePatriot143 #cruzcrew ppl just don't get it! GOPe just use cruz to stop Trump,  they WILL put someone els‚Ä¶"
rogerfeenstra,"RT @realDonaldTrump: ""@governor_savage: @realDonaldTrump is the only person who can save us from this corrupt political mess. #MakeAmericaG‚Ä¶"
AshleyEdam,"end of April @realDonaldTrump - 968 delegates...cruz - 560
end of may Trump 1140...cruz 587
With 300 dels on June 7 https://t.co/VR8maIgEuI"
AdvantecolSh,RT @NadelParis: Finger waggin' PinocchioCommunist needs2go #ImWithHer #millennialsforhillary #NewYorkPrimary https://t.co/6lveV70TZ3 https:‚Ä¶
Addicted2Politi,@Campaign_Trump @realDonaldTrump @agentvf @Q102Philly We are not nobody GOP! Stop it!! TRUMP is our Guy. Plain and simple. We #VoteTrump
LifeDontWasteIt,"Kristol Wipes Floor W/ #Trump Mouthpiece Over Donald‚Äôs Slandering of Ted #Cruz
https://t.co/AOi3a5d37c #CruzCrew #NEVERtrump #NYPrimary #NY"
Robertmeehan13,"RT @nn99org: If you disagree with .@BernieSanders you might need a hug. And we got one for ya. Just ask.
#FeelTheBern #ImWithHer  https://t‚Ä¶"
Erosunique,RT @Bidenshairplugs: #CruzCrew https://t.co/LVLJRcC0Aa
LifeDontWasteIt,"Kristol Wipes Floor W/ #Trump Mouthpiece Over Donald‚Äôs Slandering of Ted #Cruz
https://t.co/AKd4aNfiuD #CruzCrew #NEVERtrump #NYPrimary #NY"
raining_silence,I'M HAVING A CRISIS
thelegend4e,Don't ever wanna sleep in my car again üòÖ
PatriotGinger2,"MT @PatriotJewel: This election's too important to roll the dice, #ChooseCruz! #UniteWithTed https://t.co/nCu6jP4ceJ #CruzCrew #PJNET"
LauraTruAt,RT @NadelParis: Finger waggin' PinocchioCommunist needs2go #ImWithHer #millennialsforhillary #NewYorkPrimary https://t.co/6lveV70TZ3 https:‚Ä¶
djgrolyo,"RT @WeNeedHillary: New York Democratic Polls 2016: Clinton‚Äôs Lead Grows https://t.co/SN8fQXHUhf
#ShesWithUs #ImWithHer #TNTweeters #p2 http‚Ä¶"
miababy589,RT @keksec__org: @realDonaldTrump Sometimes it pays to be a little wild! #MakeAmericaGreatAgain https://t.co/Uf3yHf2lwx
Sanjay25_,"RT @Koxinga8: Who are the women backing Donald Trump? https://t.co/w5JURA9seC via @nypost
#TrumpTrain #Trump2016"
DanDoYougithR,RT @NadelParis: Finger waggin' PinocchioCommunist needs2go #ImWithHer #millennialsforhillary #NewYorkPrimary https://t.co/6lveV70TZ3 https:‚Ä¶
CliffWilkin,MT @TeriGRight: Seniors - #TedCruz will NOT CHANGE your #SocialSecurity Benefits! https://t.co/FK70Ot0fUL #CruzCrew #PJNET
walkingstiskssc,RT @NadelParis: Finger waggin' PinocchioCommunist needs2go #ImWithHer #millennialsforhillary #NewYorkPrimary https://t.co/6lveV70TZ3 https:‚Ä¶
mjgranger1,.@diamactive2001 Awesome idea! #Hooah! :-)
StevePerkins14,"RT @MinuteMom: Fact Check: Trump On Universal Healthcare...

#CruzCrew

https://t.co/KvWAbhksxE"
1Queen718,"RT @BeABarnabus: @KFaulders When @realDonaldTrump goes 3rd party, I'll support him. #FEDUP #LYINTED #TRUMP2016 #MAKEAMERICAGREATAGAIN! #FRA‚Ä¶"
Yvan18196799360,@ATAsinin_izinde Thank you
92bulldogBob,RT @AnnCauley: #BurnTheGOP  #Trump2016 #MAGA #TrumpTrain #StopTheSteal https://t.co/4mQXY1luYL
abolade4all,"UNILAG Epileptic Protest
UNILAG shuts  down over water shortage
epileptic electricity protest.
https://t.co/ZfE9tOG600 #ImWithHer"
splashlightsooh,RT @NadelParis: Finger waggin' PinocchioCommunist needs2go #ImWithHer #millennialsforhillary #NewYorkPrimary https://t.co/6lveV70TZ3 https:‚Ä¶
drumquint,RT @Lrihendry: MUST SEE! FULL #DonaldTrump POWERFUL Interview With @JudgeJeanine https://t.co/QKeO4UgvFR #VoteTrump2016 #TCOT #MakeAmericaG‚Ä¶
nexxoexxon,"RT @ElseMarilyn: #NYValues #CAPrimary 
#NYPrimary  #PAprimary  #AlwaysTrump #PresidentTrump
#TrumpTrain #Trump2016 
#NeverCruz https://t.co‚Ä¶"
jannalcovington,RT @bloodless_coup: Re: the wrangling of delegates: the truth is #CruzCrew has the team Trump says he's capable of having but doesn't. Trum‚Ä¶
doctorbitusa,@AnnCoulter @SenTedCruz has sealed records like zero does! Red flag anyone? He skips work gets $ 0 goes golfing Ted goes where? #TrumpTrain
AmberForAmerica,MT @CliffWilkin: CRUZ committed to smaller government. https://t.co/xqWFwE44Z7 #CruzCrew #PJNET
dawngpsalm63,"üôèüèªüá∫üá∏üôèüèªüá∫üá∏üôèüèªüá∫üá∏
#MakeAmericaGreatAgain 
#WeThePeople time to kick Ass
#BurnTheGop 
#TrumpTrain 
#Trump2017 #MAGA üá∫üá∏‚ù§Ô∏èüá∫üá∏ https://t.co/T2oaYVGYDS"
rheabroo55ks,RT @NadelParis: Finger waggin' PinocchioCommunist needs2go #ImWithHer #millennialsforhillary #NewYorkPrimary https://t.co/6lveV70TZ3 https:‚Ä¶
darla662003,RT @brucereddenjr: .@tedcruz taking the stage at Mekeel Christian Academy #NY #CruzToVictory #CruzCrew #Cruz2016 #ChooseCruz https://t.co/F‚Ä¶
Tiarae_eT,RT @NadelParis: Finger waggin' PinocchioCommunist needs2go #ImWithHer #millennialsforhillary #NewYorkPrimary https://t.co/6lveV70TZ3 https:‚Ä¶
myclassicvibe,@scwamandacortez happy sunday lovelyxxx
rAtofchange21,RT @NadelParis: Finger waggin' PinocchioCommunist needs2go #ImWithHer #millennialsforhillary #NewYorkPrimary https://t.co/6lveV70TZ3 https:‚Ä¶
cpcllc,"RT @moodywowor: ""@cpcllc: MT @ChuckNellis: Serious times require a serious candidate, #TedCruz. #SCPrimary https://t.co/JnnVAisKpI #CruzCre‚Ä¶"
DanMartin_cards,RT @cantontweet: MT @DanMartin_cards: There's Only One RIGHT Choice For POTUS VOTE #TEDCRUZ. #ChooseCruz https://t.co/AsZC637XNF #CruzCrew‚Ä¶
EyeGloArts,RT @TimBartender: HRC supporters brag about results from a rigged election. Then they wonder why I'm #BernieorBust #FeelTheBern https://t.c‚Ä¶
MickBlair54,"RT @bfraser747: @realDonaldTrump #Vote4Trump #Trump2016 #TrumpTrain  We need a President who really will fight for ""We the People"" https://‚Ä¶"
MenesesRudy,RT @The_Trump_Train: RETWEET if you think Donald Trump will be the hardest working president in history! #MakeAmericaGreatAgain https://t.c‚Ä¶
tboyddmd,One of my favorite quotes... https://t.co/84SLNzVqdV
triegss,2 years ago today I got into Camp Squanto's L.I.T. program and it's amazing to see how God's been working in my life since then
MichelleDdennis,RT @Bart_39: MT @bcwilliams92: If This Is Your List Then Ted Cruz Is your Guy. https://t.co/hTWsCANj0m #CruzCrew #PJNET
fitzrandolph4,"RT @realDonaldTrump: ""@jlopez05391: @realDonaldTrump Rochester loves you! See you tomorrow! #MakeAmericaGreatAgain #Trump2016 #TrumpTrain""‚Ä¶"
darla662003,RT @crosswindlive: MT @cheryl42058: Cruz can fix what has been torn apart! Constitutional Conservative Man! https://t.co/ZpO9jkTvOf #CruzCr‚Ä¶
TrafficGuyGrya,RT @NadelParis: Finger waggin' PinocchioCommunist needs2go #ImWithHer #millennialsforhillary #NewYorkPrimary https://t.co/6lveV70TZ3 https:‚Ä¶
VasileFalcone,"RT @realDonaldTrump: ""@governor_savage: @realDonaldTrump is the only person who can save us from this corrupt political mess. #MakeAmericaG‚Ä¶"
1sonny12,"RT @poodlelove55: If they deny @realDonaldTrump, I believe I have no choice but to leave party that proves itself corrupt! #VoteTrumpüåü http‚Ä¶"
92bulldogBob,"RT @DarkNetXX: Latinos For Donald Trump 2016 ""Go Out &amp; #VoteTrump"" #LatinosForTrump #Hispanics4Trump #Trump2016 #NYPrimary
https://t.co/N9n‚Ä¶"
catsonamps,First post of Orange Amp Week! Thank you @duffs007 @orangeamplifiers | #OrangeAmpWeek #CatsOnAmps https://t.co/exL6S9bZBM
MickBlair54,"RT @bfraser747: Goodnight Everyone .....
Enjoy your Sunday !

#AlwaysVoteTrump
#MakeAmericaGreatAgain https://t.co/F3PEhh6T54"
alamtex,"RT @ImwithHer2016: Hillary is the single best changemaker in this election. And we need a changemaker, not a change talker. #ImWithHer http‚Ä¶"
AnonymousJobUS,Please be sure to vote #Trump for #POTUS Let's #MakeAmericaGreatAgain ! https://t.co/QmEjlVULzD
victoriaaatky,‚Äú@UberFacts: Saddam Hussein loved Doritos and could eat a family sized bag in 10 minutes.‚Äù Oh twitter
AnonymousJobUS,Please be sure to vote #Trump for #POTUS Let's #MakeAmericaGreatAgain ! https://t.co/qwvQSTSefw
AnonymousJobUS,Please be sure to vote #Trump for #POTUS Let's #MakeAmericaGreatAgain ! https://t.co/cVPpctb1FQ
AnonymousJobUS,Please be sure to vote #Trump for #POTUS Let's #MakeAmericaGreatAgain ! https://t.co/01qjvrdLe5
Jonez79,RT @tedcruz: Thank you Colorado for another resounding victory! https://t.co/PXWWcifJKK #ChooseCruz #CruzCrew https://t.co/zhMVq5QpeH
AnonymousJobUS,Please be sure to vote #Trump for #POTUS Let's #MakeAmericaGreatAgain ! https://t.co/hsRzCdN0DT
MichelleBinMA,@mpershan Parent = Teacher + Doctor + Magician
DNosegotten,#FeelTheBern #BernieInPhilly #BernieInTheBronx #ImWithHer #NYPrimary #HillarySoQualified #HillaryResearch #bernout https://t.co/sQoKehzKkr
eGnevieve_Luyc,RT @NadelParis: Finger waggin' PinocchioCommunist needs2go #ImWithHer #millennialsforhillary #NewYorkPrimary https://t.co/6lveV70TZ3 https:‚Ä¶
EyeGloArts,RT @Politicaltwain1: #BernieOrBust #HillaryWho #BeenThereDoneThat #NeverHillary #StillSanders https://t.co/VuXzG4KFRl
1MADEINUSA,@DRJAMESCABOT THE STONES SYMPATHY FOR THE DEVIL
Bateslawfirm,"RT @greeneyes0084: They are trying to block him from their little elitist clique because they KNOW he's not in it for them, he's 4 USA http‚Ä¶"
GLCorn56,RT @ggeett37aaa: MT @Saint_Obama: Ted Cruz has the best plan. #UniteWithCruz #tcot https://t.co/H8I7EnGT54 #CruzCrew #PJNET
darla662003,RT @Ten4Ted: Congratulations @Ten4Ted now over 4000 followers. #Ten4Ted #TedCruz2016 #CruzCrew #Cruz2016 #CruzToVictory #TedCruz #ChooseCru‚Ä¶
dxniiellx,good morning!!
KyleRowln8a4d,RT @NadelParis: Finger waggin' PinocchioCommunist needs2go #ImWithHer #millennialsforhillary #NewYorkPrimary https://t.co/6lveV70TZ3 https:‚Ä¶
gabrielp13_4,RT @NadelParis: Finger waggin' PinocchioCommunist needs2go #ImWithHer #millennialsforhillary #NewYorkPrimary https://t.co/6lveV70TZ3 https:‚Ä¶
iainatwt_,RT @NadelParis: Finger waggin' PinocchioCommunist needs2go #ImWithHer #millennialsforhillary #NewYorkPrimary https://t.co/6lveV70TZ3 https:‚Ä¶
pandauapl,RT @NadelParis: Finger waggin' PinocchioCommunist needs2go #ImWithHer #millennialsforhillary #NewYorkPrimary https://t.co/6lveV70TZ3 https:‚Ä¶
moonraker691,"RT @SandraHartle: üîπ #Trump
üîπ #MAGA
üîπ #Women4Trump
üîπ #NYValues
üîπ #NYPrimary
üîπ #CruzCrew
üîπ #NJ #VA
üîπ #stayonbudget
üîπ #BigHeart
üîπ #PA https://‚Ä¶"
BearbrookT,May 14th -Bearbrook Trinity's E-Waste drop off fundraiser! @OttawaAnglican @ottawacity @NavanNugget @CumberlandON https://t.co/eqfpqtHqXw
LaraLyubanova,RT @NadelParis: Finger waggin' PinocchioCommunist needs2go #ImWithHer #millennialsforhillary #NewYorkPrimary https://t.co/6lveV70TZ3 https:‚Ä¶
vickijee,"RT @Hillary4Florida: U.S. Senator Kirsten Gillibrand on endorsing Hillary Clinton:

üòçüá∫üá∏#ImWithHer #HillYes #NYPrimary #WYCaucus #Florida ht‚Ä¶"
TheRealBizzyman,"""Bern-mentum"" is when your target is marching away from U much quicker than you are marching towards it #ImWithHer #bernie2016 #FeelTheMath"
Worldofcraze,Why did I run and become the most hated person ever? U had more respect when u were pouring slabs #ImWithHer  https://t.co/wlbYizsglK
ChasalRudy,RT @Campaign_Trump: Percentage of remaining delegates necessary to secure the nomination. #Trump2016 #TrumpTrain #MAGA https://t.co/OFfxA82‚Ä¶
WaynePerttre,RT @NadelParis: Finger waggin' PinocchioCommunist needs2go #ImWithHer #millennialsforhillary #NewYorkPrimary https://t.co/6lveV70TZ3 https:‚Ä¶
HyperSentinel2,"We would he all about #Trump the master strategist form his supporters, but Trump has weak organization at best. https://t.co/GGWMrEHzyk"
JDB10101,RT @BernieOrBust: #BernieOrBust pledge-takers in NY functioning as democracy commandos. The Clinton machine won't know what hit them. https‚Ä¶
YourVglunteers,RT @NadelParis: Finger waggin' PinocchioCommunist needs2go #ImWithHer #millennialsforhillary #NewYorkPrimary https://t.co/6lveV70TZ3 https:‚Ä¶
miababy589,RT @keksec__org: @realDonaldTrump I hope you are having a wonderful day! #MakeAmericaGreatAgain
bluevirgo75,RT @AmyDugan: #ImWithHer #ShesSoQualified  https://t.co/YijpVB98Ko
Zed_Ned,Percentages are not for the remaining. @Campaign_Trump https://t.co/EYYY6eiZz8
PatriotGinger,MT @TexasSheBandit: #UniteWithCruz the tried &amp; true #Conservative! #ChooseCruz #Cruz2016 https://t.co/wWMm5eZE5I #CruzCrew #PJNET
belladoodlemom,RT @tedcruz: Thank you Colorado for another resounding victory! https://t.co/PXWWcifJKK #ChooseCruz #CruzCrew https://t.co/zhMVq5QpeH
bndy95,"RT @ElseMarilyn: #NYValues #CAPrimary 
#NYPrimary  #PAprimary  #AlwaysTrump #PresidentTrump
#TrumpTrain #Trump2016 
#NeverCruz https://t.co‚Ä¶"
mcjaxon2,"RT @PatriotGinger2: MT @PatriotJewel: This election's too important to roll the dice, #ChooseCruz! #UniteWithTed https://t.co/nCu6jP4ceJ #C‚Ä¶"
RickAllen2014,RT @ggeett37aaa: MT @Saint_Obama: Ted Cruz has the best plan. #UniteWithCruz #tcot https://t.co/H8I7EnGT54 #CruzCrew #PJNET
pkornetka,"RT @WayneDupreeShow: Caller 2 - The media is trying to brainwashing each of us

#AlwaysTrump #TrumpTrain #MakeAmericaGreatAgain

https://t.‚Ä¶"
xmlwx75,@Fourthandwrong hahahahahahahahahaha!!!!!  Perfect. God bless this generation of indoctrinated robots. #MakeAmericaGreatAgain
othman_baloul,"RT @MR_ATL1087: The longer this primary the more #BernieOrBust looks better and better but, I know me being Black, Gay, and Atheist I'm tar‚Ä¶"
sapphire4sam,Donald Trump #TrumpTrain 2016 Large Black Custom Decal IntlShip #republican  #sgp #nra #rnc #gop #tpp https://t.co/HVKdwESPpj
PamellaTitburg,Donald Trump #TrumpTrain 2016  X-Large White Custom Decal #tea party  #rnc #Anonymous https://t.co/i4KzF2neN4
darrenfud_f,RT @NadelParis: Finger waggin' PinocchioCommunist needs2go #ImWithHer #millennialsforhillary #NewYorkPrimary https://t.co/6lveV70TZ3 https:‚Ä¶
MamaBear4Cruz,RT @AmberForAmerica: MT @CliffWilkin: CRUZ committed to smaller government. https://t.co/xqWFwE44Z7 #CruzCrew #PJNET
ludeckegun,"RT @Shoq: Yeah, that's sort of an ouchie. #FeetheBurn #ImWithHer #HillaryClinton #BernieSanders #feelthebern  https://t.co/ezpZuHNA4m"
HyperSentinel2,"RT @bloodless_coup: Yup. If Trump had the delegate-wrangling operation #CruzCrew has they'd say ""See? He's the ""doer"" he says he is."" https‚Ä¶"
pms5699,RT @AmberForAmerica: MT @jphilman0206: A man of Principle. A man of his word. A man of We The People. https://t.co/JFRvZHzCW9 #CruzCrew #PJ‚Ä¶
RandiMartos,Family started to show up.... Edelstein/Halperin family seab1016‚Ä¶ https://t.co/y3sSd3INoC
DanMartin_cards,RT @tedcruz: Thank you Colorado for another resounding victory! https://t.co/PXWWcifJKK #ChooseCruz #CruzCrew https://t.co/zhMVq5QpeH
rgirl4,@Daimyy Bij mij heeft die tweet gewoon 505 retweets.. :D
shagsterjo,RT @amrightnow: About You #TheRealDonaldTrump #trump2016 #TrumpTrain  Watch https://t.co/j58e8aacrE #VoteTrump2016 #2A #tcot https://t.co/i‚Ä¶
nwcwioa,RT @NadelParis: Finger waggin' PinocchioCommunist needs2go #ImWithHer #millennialsforhillary #NewYorkPrimary https://t.co/6lveV70TZ3 https:‚Ä¶
spicepirate00,RT @BJHare: Excellent guide what to watch iin the #NYPrimary #ImWithHer https://t.co/f4OovJ18Js
GOT7news,160410 || ŸÇŸàÿ™ ÿ≥ŸäŸÅŸäŸÜ ŸÅŸä ÿ≠ÿØÿ´ ŸÅÿßŸÜ ÿ≥ÿßŸäŸÜ ÿßŸÜÿ™ÿ¥ŸàŸÜ ( ÿ¨ŸàŸÜŸäŸàÿ± ) https://t.co/XH2Ojcv6nd
miababy589,"RT @realDonaldTrump: ""@governor_savage: @realDonaldTrump is the only person who can save us from this corrupt political mess. #MakeAmericaG‚Ä¶"
LeChatNoire4,"RT @KoriWasinger: When Dick Cheney has #ReleaseTheReturns than #BernieSanders, I'd say there's a problem.

#NYPrimary #ImWithHer https://t.‚Ä¶"
snoozinglion1,@jenilynn1001 @cologop https://t.co/dJIOy4ntpz
The_TamaraJay,@advnne u dey vex sha üòÇüòÇüòÇüòÇ
JulBjuled,RT @edwrather: Trump‚Äôs getting trounced in Indiana https://t.co/drmwPBUS5g #VoteTrump
MichelleDdennis,"RT @Shooters_Wife: .@tedcruz: If elected President, I'll veto any statute that exempts Congress. The law should apply evenly to every Ameri‚Ä¶"
MamaBear4Cruz,RT @cantontweet: MT @DanMartin_cards: There's Only One RIGHT Choice For POTUS VOTE #TEDCRUZ. #ChooseCruz https://t.co/AsZC637XNF #CruzCrew‚Ä¶
johnbonazzo,RT @BilldeBlasio: She's always been a show stopper. Thanks to @HillaryClinton for taking #InnerCircle to the next level. #ImWithHer https:/‚Ä¶
DWilloughy,"RT @Mama_Jones2013: Yes, Bernie Sanders and his supporters need to tone down the hatred and sexism.  #imwithher #EndCyBernBullying https://‚Ä¶"
WhytePantherRN,#WhytePanther #BernieOrBUST #LonelyGirl(#OutOfTheDarkness) https://t.co/E3goZ17c8D https://t.co/NN03lDWxix
SenFrankNiceley,RT @tedcruz: Thank you Colorado for another resounding victory! https://t.co/PXWWcifJKK #ChooseCruz #CruzCrew https://t.co/zhMVq5QpeH
123sdl123,"RT @SandraHartle: üîπ #Trump
üîπ #MAGA
üîπ #Women4Trump
üîπ #NYValues
üîπ #NYPrimary
üîπ #CruzCrew
üîπ #NJ #VA
üîπ #stayonbudget
üîπ #BigHeart
üîπ #PA https://‚Ä¶"
SarahStilyme,RT @NadelParis: Finger waggin' PinocchioCommunist needs2go #ImWithHer #millennialsforhillary #NewYorkPrimary https://t.co/6lveV70TZ3 https:‚Ä¶
js_stevens,Uhm...@tedcruz is that found in the Old or New Testament? #LoseWithCruz #Trump2016 #CruzeSexScandal https://t.co/96USzt34uz
808hopeful,"RT @StrayYellarDawg: Thank you @DebraMessing  &amp; #SallyField, 4 supporting #HillarySoQualified #HillYes #ImWithHer https://t.co/q0eLYKb0kc"
mjgranger1,"GOT NONFICTION? ""Saving Grace at Guantanamo Bay: Memoir of a Citizen Warrior"" https://t.co/9hHSKVkCas .@WashTimes RT https://t.co/BY6gQXINNL"
LSUproud,RT @tedcruz: Thank you Colorado for another resounding victory! https://t.co/PXWWcifJKK #ChooseCruz #CruzCrew https://t.co/zhMVq5QpeH
HeyItsEmilyyyyy,#HappyBirthdayToMe I'm 19 today entering my last teen year!! https://t.co/2RUTgsAaFe
ezridersos,RT @PatriotGinger: MT @CountingOnCruz: Ted Cruz successfully defended a law that bans partial birth abortion. https://t.co/lVtDPOvDvk #Cruz‚Ä¶
ashleypsqudrea,RT @NadelParis: Finger waggin' PinocchioCommunist needs2go #ImWithHer #millennialsforhillary #NewYorkPrimary https://t.co/6lveV70TZ3 https:‚Ä¶
Chad_59,MT @JVER1: TED WILL SUPPORT OUR FRIENDS. #ChooseCruz https://t.co/oFdXiS49TM #CruzCrew #PJNET
Chrisstypmac,"RT @sandyaschneider: WTF... Ted Cruz came in 3rd in South Carolina... But now he stole the delegates, meaning your vote does not count #Tru‚Ä¶"
CamronvaiDd,RT @NadelParis: Finger waggin' PinocchioCommunist needs2go #ImWithHer #millennialsforhillary #NewYorkPrimary https://t.co/6lveV70TZ3 https:‚Ä¶
Coondawg68,"How the #LyingTrump campaign uses conspiracy website, ""Conservative Treehouse"" to smear #TedCruz 
https://t.co/9inWQbA5jn #TrumpTrain"
iglesmatusek8v,"RT @Shoq: Yeah, that's sort of an ouchie. #FeetheBurn #ImWithHer #HillaryClinton #BernieSanders #feelthebern  https://t.co/ezpZuHNA4m"
Twin_Love3041,RT @NadelParis: Finger waggin' PinocchioCommunist needs2go #ImWithHer #millennialsforhillary #NewYorkPrimary https://t.co/6lveV70TZ3 https:‚Ä¶
msVeopressaD,RT @WayneDupreeShow: Boston Globe smears GOP front-runner Donald Trump with fake Sunday front-page headline https://t.co/AYgT1aLpMo #TrumpT‚Ä¶
unifie63d0,RT @NadelParis: Finger waggin' PinocchioCommunist needs2go #ImWithHer #millennialsforhillary #NewYorkPrimary https://t.co/6lveV70TZ3 https:‚Ä¶
Law1Gloria,"#Worlds #Leadership #Honorable @RomanJancic 
#ER 3/31/16 
Melrose/Wakefield Hospital my Heartsbeat weak #HelpMeGod #Miracles to #myself Amen"
HereMeRoaring,#Woman4Trump up the volume!!  Sheer will and  https://t.co/PioHN4jUF4   https://t.co/uTFeHrgOhx
rescuetracker81,"RT @UCitizens: We need to find RV parks, hotels, motels, and homes outside Cleveland to stage ourselves! Any ideas from Ohioans? #TrumpTrai‚Ä¶"
SistoD,RT @NomikiKonst: What was misinformed? The private prison money connection? Sorry the truth hurts.  https://t.co/TGoDgx1v30
_wzkvxn44,RT @NadelParis: Finger waggin' PinocchioCommunist needs2go #ImWithHer #millennialsforhillary #NewYorkPrimary https://t.co/6lveV70TZ3 https:‚Ä¶
yelsada,"RT @HardcoreRep: So this happened. @cologop #cogop2016 ""They did it"" Now claiming they were hacked! Please, tell us more. #TrumpTrain https‚Ä¶"
miababy589,RT @keksec__org: @realDonaldTrump I'm sure people love to see you! #MakeAmericaGreatAgain https://t.co/xIjhOKM6mz
HortonJobs,"Interested in a #Construction #job near #Portland, OR? This could be a great fit: https://t.co/88QKZZETzs #homedesign #Hiring"
DebAlwaystrump,"RT @ChristieC733: Donald Trump speaks for me.  

üî¥ #NoMorePC 

‚ö™Ô∏è #WomenForTrump 

üîµ #WisconsinForTrump 

üá∫üá∏ #MakeAmericaGreatAgain https:/‚Ä¶"
NYFarmer,Georgia's farmers told to tighten belts https://t.co/a5qToLfVth
drumquint,"RT @trump_world: Donald Trump self-funding his campaign. NOT FOR SALE! @realDonaldTrump #MakeAmericaGreatAgain  https://t.co/eIAjsuTiG9"""
bndy95,"RT @HardcoreRep: So this happened. @cologop #cogop2016 ""They did it"" Now claiming they were hacked! Please, tell us more. #TrumpTrain https‚Ä¶"
cazriia,RT @NadelParis: Finger waggin' PinocchioCommunist needs2go #ImWithHer #millennialsforhillary #NewYorkPrimary https://t.co/6lveV70TZ3 https:‚Ä¶
rerprather,RT @NadelParis: Finger waggin' PinocchioCommunist needs2go #ImWithHer #millennialsforhillary #NewYorkPrimary https://t.co/6lveV70TZ3 https:‚Ä¶
CarolBuie2,"RT @keksec__org: @realDonaldTrump Just wait, everyone will be convinced. #MakeAmericaGreatAgain https://t.co/JoWFD6oM9e"
AngelgirlD,@Eleonora7565 @pamela78432947 @simoeffe80 @PMirasole same to you Elena. üôÜüòô
StexhenMaddox,RT @NadelParis: Finger waggin' PinocchioCommunist needs2go #ImWithHer #millennialsforhillary #NewYorkPrimary https://t.co/6lveV70TZ3 https:‚Ä¶
SuckMyLEFTJuan,RT @StarArcady: This makes me smile. The top 3 have gone to us. #FeelTheBern #BernieOrBust #NotMeUs https://t.co/yzliokiebT https://t.co/PY‚Ä¶
jenellemadeone,"'She lolls doughy
...' Lmao whaat"
amypento,@juliepento97 Strive to be more than Kylie!
susanfujioka,"RT @realDonaldTrump: ""@jlopez05391: @realDonaldTrump Rochester loves you! See you tomorrow! #MakeAmericaGreatAgain #Trump2016 #TrumpTrain""‚Ä¶"
JohnPena03,"RT @realDonaldTrump: ""@governor_savage: @realDonaldTrump is the only person who can save us from this corrupt political mess. #MakeAmericaG‚Ä¶"
peacelovehopeq,"RT @realDonaldTrump: ""@jlopez05391: @realDonaldTrump Rochester loves you! See you tomorrow! #MakeAmericaGreatAgain #Trump2016 #TrumpTrain""‚Ä¶"
jacknemocomedy,@C0MEDY_CENTRAL_ follow me mate I always follow back https://t.co/9elsOY50aA
OYamourniccell,RT @WayneDupreeShow: Boston Globe smears GOP front-runner Donald Trump with fake Sunday front-page headline https://t.co/AYgT1aLpMo #TrumpT‚Ä¶
Johnsontx5Diane,"RT @PatriotGinger2: MT @PatriotJewel: This election's too important to roll the dice, #ChooseCruz! #UniteWithTed https://t.co/nCu6jP4ceJ #C‚Ä¶"
helenhaywalker,"RT @realDonaldTrump: ""@governor_savage: @realDonaldTrump is the only person who can save us from this corrupt political mess. #MakeAmericaG‚Ä¶"
goberrei,RT @NadelParis: Finger waggin' PinocchioCommunist needs2go #ImWithHer #millennialsforhillary #NewYorkPrimary https://t.co/6lveV70TZ3 https:‚Ä¶
HereMeRoaring,#Woman4Trump up the volume!!  Sheer will and  https://t.co/PioHN4jUF4   https://t.co/MKlP64Wkt1
djgrolyo,#nyprimary #feelthemath #ImWithHer  https://t.co/6JazSWmtEI
dkodd,100-@QuadrigaCoinEx
HaloOneForTrump,RT @SaraGreenwell: @EricTrump There just might be a civil war if they don't put your dad in as the nominee. And I am not kidding. #RiseUp #‚Ä¶
sgriaksh,RT @NadelParis: Finger waggin' PinocchioCommunist needs2go #ImWithHer #millennialsforhillary #NewYorkPrimary https://t.co/6lveV70TZ3 https:‚Ä¶
KwaakYola,@SenSanders @HillaryClinton #neverCruz #Trump2016 #MakeAmericaGreatAgain #Delegate https://t.co/R6GPVmSBsl
Pamjd219,"RT @SandraHartle: üîπ #Trump
üîπ #MAGA
üîπ #Women4Trump
üîπ #NYValues
üîπ #NYPrimary
üîπ #CruzCrew
üîπ #NJ #VA
üîπ #stayonbudget
üîπ #BigHeart
üîπ #PA https://‚Ä¶"
NYFarmer,@roxnrall all over it seems
ralbano98,RT @connieketchup: OK well that turned in to full blown tears #MakeAmericaGreatAgain #Trump2016 https://t.co/HcZpt5k4Gn
myclassicvibe,@Rose_GZWA beautiful rosexxxx happy sunday love
aCnnabisAgency1,RT @NadelParis: Finger waggin' PinocchioCommunist needs2go #ImWithHer #millennialsforhillary #NewYorkPrimary https://t.co/6lveV70TZ3 https:‚Ä¶
stormestone,RT @keksec__org: @realDonaldTrump I wasn't satisfied just to earn a good living. I was looking to make a statement. #MakeAmericaGreatAgain
BeABarnabus,@JuicyPieTaster @jzimme750 I can't listen 2 him. He's just another #Obama! 2yr Fresh Sen/LAWYER! Let's #MakeAmericaGreatAgain! ##USA #Trump
lotn2635599,"RT @lmoffatt2009: With the vote rigging, electioneering, media bias, I will leave Dem party &amp; write in Bernie. #BernieOrBust #HillNO https:‚Ä¶"
48THPOTUS,RT @RosemryS: Don't let these knuckleheads take us off our game! #PresidentTrump is doing this FOR US!!! #VoteTrump #StopTheSteal https://t‚Ä¶
amrightnow,Trump About You #realdonaldtrump #trump2016 #TrumpTrain Watch https://t.co/j58e8aacrE #VoteTrump2016 #A2 #tcot #A1 https://t.co/hVYTkfcO0k
lisam02184,"RT @DanScavino: LYIN' TED CRUZ ‚ù§Ô∏è's LYIN'  --  he is so good at it -- its scary! #TrumpTrain 
#MakeAmericaGreatAgain #Trump2016
https://t.c‚Ä¶"
q_rsrkbfe,RT @NadelParis: Finger waggin' PinocchioCommunist needs2go #ImWithHer #millennialsforhillary #NewYorkPrimary https://t.co/6lveV70TZ3 https:‚Ä¶
KelsH2,RT @JAmy208: Ted Cruz Wins Big for Colorado Delegates - Breitbart https://t.co/IH8b9J0euF via @BreitbartNews #CruzCrew
xmlwx75,RT @Campaign_Trump: Percentage of remaining delegates necessary to secure the nomination. #Trump2016 #TrumpTrain #MAGA https://t.co/OFfxA82‚Ä¶
mcjaxon2,RT @dansch2002: MT @CountingOnCruz: Ted Cruz successfully defended a law that bans partial birth abortion. https://t.co/6XNMtq9WPh #CruzCre‚Ä¶
TheaGood,"RT @HyperSentinel2: We would he all about #Trump the master strategist form his supporters, but Trump has weak organization at best. https:‚Ä¶"
pplenkie,"RT @realDonaldTrump: ""@jlopez05391: @realDonaldTrump Rochester loves you! See you tomorrow! #MakeAmericaGreatAgain #Trump2016 #TrumpTrain""‚Ä¶"
The_TamaraJay,Don't come at my school tho.
rgirl4,@Daimyy Waarschijnlijk als je er niemand aan  had  laten denken was niemand er achter gekomen haha
pms5699,RT @CliffWilkin: MT @FranklinMan25: The only Presidential candidate that has proposed real solutions! https://t.co/OhMQl1NmKr #CruzCrew #PJ‚Ä¶
OldSkull65,"RT @deeluttrell1960: #NeverLyingCheatingTedCruz #StopTheSteal #SneakySnakeCruz #Cruz-Ineligible 
#Cruz-UnderPressure https://t.co/OX6cTeR7FA"
sunbeltgirl,MT @KayQuirk1: Proud to endorse @heidiscruz as First Lady! https://t.co/jOCB8igvWS #CruzCrew #PJNET
drumquint,"RT @trump_world: ""Latinos For Donald Trump 2016 ""Go Out &amp; #VoteTrump"" #LatinosForTrump #Hispanics4Trump #Trump2016 #NYPrimary https://t.co/‚Ä¶"
Gramzy7,RT @nativekittens: #ChooseCruz #NewYorkPrimary #CaliforniaPrimary #PennsylvaniaPrimary #ConnecticutPrimary https://t.co/nHmwRp8Q01
CarolBuie2,"RT @22Americanfirst: ONLY
#Trump2016 #Trump #TrumpTrain #MakeAmericaGreatAgain #DonaldTrump #OnlyTrump #PresidentTrump #WomenForTrump
  htt‚Ä¶"
AltimariVincent,@KattyKayBBC @Salon @billmaher @colbertlateshow @USAInternet @CBSNews @ABC @NBCNews @mrdannyglover @DannyDeVito @SusanSarandon @Bernlennials
CheetahPizzas,"@NYDailyNews @BernieSanders,

You HATE @HillaryClinton,
you Voting against #ImWithHer #Senate #House candidates?

@ValerieJenicek @cascamike"
Freedomrings22,#NYPrimary #CTPrimary #DEprimary #MDPrimary #PAprimary #RIPrimary #VoteTrump2016  https://t.co/CJtFtLffy1
StevePerkins14,".#NYPrimary #VoteCruz 
We need true conservatives to unite the fight for Cruz and #Makedclisten https://t.co/uZmfyMhiua"
GOT7news,160410 || ŸÇŸàÿ™ ÿ≥ŸäŸÅŸäŸÜ ŸÅŸä ÿ≠ÿØÿ´ ŸÅÿßŸÜ ÿ≥ÿßŸäŸÜ ÿßŸÜÿ™ÿ¥ŸàŸÜ ( ÿ¨ŸàŸÜŸäŸàÿ± ) https://t.co/5kMIhjegUf
vleeyoung,BBC News - Is it better to run outside or on a treadmill? https://t.co/OhAKqURrbB #runchat
DWilloughy,"RT @BobbyTBD: It's time we reject the hate. It's not a plan, it's not a campaign, it's just evil. #EndCyBernBullying #ImWithHer https://t.c‚Ä¶"
HereMeRoaring,#Woman4Trump up the volume!!  Sheer will and  https://t.co/PioHN4jUF4   https://t.co/yBXonuUUJg
Johnsontx5Diane,"RT @LifeDontWasteIt: Kristol Wipes Floor W/ #Trump Mouthpiece Over Donald‚Äôs Slandering of Ted #Cruz
https://t.co/AKd4aNfiuD #CruzCrew #NEVE‚Ä¶"
CarolBuie2,"RT @22Americanfirst: #Trump2016 #Trump #TrumpTrain #MakeAmericaGreatAgain #DonaldTrump #OnlyTrump #PresidentTrump #WomenForTrump
   https:/‚Ä¶"
rjut442,RT @NadelParis: Finger waggin' PinocchioCommunist needs2go #ImWithHer #millennialsforhillary #NewYorkPrimary https://t.co/6lveV70TZ3 https:‚Ä¶
dawnellemurray,RT @O_IrishT: ‚òòüá∫üá∏üî•üëâBan elect. voting machines fixed to cap Mr.Trump ‚¨áÔ∏è 50%. Demand use of paper ballots. .#TrumpTrain .@Mferris67  https://‚Ä¶
JohnPena03,"RT @realDonaldTrump: ""@jlopez05391: @realDonaldTrump Rochester loves you! See you tomorrow! #MakeAmericaGreatAgain #Trump2016 #TrumpTrain""‚Ä¶"
Csinaco,"RT @poodlelove55: If they deny @realDonaldTrump, I believe I have no choice but to leave party that proves itself corrupt! #VoteTrumpüåü http‚Ä¶"
TheJosheithK,RT @NadelParis: Finger waggin' PinocchioCommunist needs2go #ImWithHer #millennialsforhillary #NewYorkPrimary https://t.co/6lveV70TZ3 https:‚Ä¶
jeffsonstein,nice JSON exploration tool here too https://t.co/QnAP7PRF0h
tech_strategsei,RT @NadelParis: Finger waggin' PinocchioCommunist needs2go #ImWithHer #millennialsforhillary #NewYorkPrimary https://t.co/6lveV70TZ3 https:‚Ä¶
DeneenLauren,"Can I just girl crush for a minüî•üî•oh my @Caradelevingne (IG pic cred to @InStyleMagazine )
 https://t.co/V3TJWKF2cO"
RandiMartos,"My beautiful sister Melissa , and cousins Dana &amp; Lisa! @adammartos‚Ä¶ https://t.co/ENmf4eCaxG"
jorded26,If you drink apple juice before you to bed you have the coolest and most vivid dreams
PTReid684,RT @BilldeBlasio: She's always been a show stopper. Thanks to @HillaryClinton for taking #InnerCircle to the next level. #ImWithHer https:/‚Ä¶
SupportMelania,Get on the Wall and support #Trump and  https://t.co/kELwaSacB6  https://t.co/YYJV71OOTs
NancyLRogers1,RT @nanajill211: MT @jphilman0206: He stood for us when the rest betrayed us. #TrusTed #UniteWithCruz https://t.co/dIahRe11rn #CruzCrew #PJ‚Ä¶
Gramzy7,RT @mightysparty: #NYPrimary #PAPrimary #MDPrimary #CTPrimary #DEPrimary #RIPrimary #ChooseCruz üá∫üá∏ #Cruz2016 üá∫üá∏ #Veterans  https://t.co/htV‚Ä¶
92bulldogBob,"RT @Don_Vito_08: üòç WE LOVE THE #TrumpTrain üòç
Stand Strongüí™ &amp; Together üë´
We got this üëä #NeverCruz  @realDonaldTrump @governor_savage https:/‚Ä¶"
Manni_syd,RT @immigrant4trump: New York values are American values #NewYorkValues #Trump2016 #NYPrimary #VoteTrump https://t.co/695kq5H3Xv
pms5699,RT @Doug_39: MT @JVER1: TED WILL SUPPORT OUR FRIENDS. #ChooseCruz https://t.co/88PRsRyijd #CruzCrew #PJNET
KenTitus77,"RT @realDonaldTrump: ""@jlopez05391: @realDonaldTrump Rochester loves you! See you tomorrow! #MakeAmericaGreatAgain #Trump2016 #TrumpTrain""‚Ä¶"
Bran_Power,Skrrrrrrrt
Switch2decaff,"Shame Boston Globe - no longer a news source, just a tabloid rag.  https://t.co/C0wy0HWYyo"
Takeitback99,"@JackBPR the GOP are so dishonest, even worse they treat us like gullible fools!! #StopTheSteal #OnlyTrump #NYValues #TrumpTrain #Trump2016"
doctorbitusa,RT @DanScavino: Percentage of remaining delegates necessary to secure the nomination. #Trump2016 #TrumpTrain #MAGA https://t.co/Zv1j4ieblt
SupportMelania,Get on the Wall and support #Trump and  https://t.co/kELwaSacB6  https://t.co/cBnzEMVTj7
Edgardovictori1,@misteriosa_18 preciosa como Siempre amiga
drumquint,RT @trump_world: @realDonaldTrump https://t.co/ZDMWz59RKq
yadkinfarm,RT @CliffWilkin: #NewYorkPrimary welcomes #PJNET and #CruzCrew for 2 great weeks of Fun as we #UnitewithCruz and #CruzToVictory https://t.c‚Ä¶
DWilloughy,RT @KingofPopTweets: Hillary supporters are breath of fresh air. Just what we need amidst bullying from other candidates. #ImWithHer https:‚Ä¶
1CaptD,RT @Libertea2012: MT All of a sudden these wonderful Bernie and Jane pics are all over social media. In response to HRC‚Ä¶ #BernieStrong http‚Ä¶
vickijee,RT @AmyDugan: #ImWithHer #ShesSoQualified  https://t.co/YijpVB98Ko
subadai1950,FOR YOUR FAMILIES FOR EDUCATION VOTE TRUMP https://t.co/0hOEoLuXia
Gramzy7,RT @es1999: New Yorker Trump Visits 9/11 Memorial &amp; Museum ... For the FIRST Time https://t.co/2aKd5tuwW6 #NYvalues #NYprimary #PAprimary #‚Ä¶
ELTWR659,"RT @realDonaldTrump: ""@jlopez05391: @realDonaldTrump Rochester loves you! See you tomorrow! #MakeAmericaGreatAgain #Trump2016 #TrumpTrain""‚Ä¶"
stormestone,We The People Love @realDonaldTrump https://t.co/KZuKT0lwDl
WeAreKryiet,RT @NadelParis: Finger waggin' PinocchioCommunist needs2go #ImWithHer #millennialsforhillary #NewYorkPrimary https://t.co/6lveV70TZ3 https:‚Ä¶
SupportMelania,Get on the Wall and support #Trump and  https://t.co/kELwaSacB6  https://t.co/HD8DunjHbC
SooeSnGr,RT @NadelParis: Finger waggin' PinocchioCommunist needs2go #ImWithHer #millennialsforhillary #NewYorkPrimary https://t.co/6lveV70TZ3 https:‚Ä¶
coachcant,RT @ZellnerforECDC: Another Voice: Why Clinton is the best choice for Buffalo Niagara https://t.co/nsAkfaogJT via @TheBuffaloNews #imwithher
SenFrankNiceley,He'll cut until the lights flicker in the Capitol Dome. #ChooseCruz #NYPrimary  https://t.co/k7slemK8AI
Dreamtraveler,RT @TimBartender: HRC supporters brag about results from a rigged election. Then they wonder why I'm #BernieorBust #FeelTheBern https://t.c‚Ä¶
GOT7news,160410 || ŸÇŸàÿ™ ÿ≥ŸäŸÅŸäŸÜ ŸÅŸä ÿ≠ÿØÿ´ ŸÅÿßŸÜ ÿ≥ÿßŸäŸÜ ÿßŸÜÿ™ÿ¥ŸàŸÜ ( ÿ¨Ÿä ÿ®Ÿä ) https://t.co/izeLqagWRX
pms5699,"RT @AmberForAmerica: MT @PatriotJewel: This election's too important to roll the dice, #ChooseCruz! #UniteWithTed https://t.co/3swjy4V71M #‚Ä¶"
monkey_dragon88,"RT @NeilTurner_: @realDonaldTrump https://t.co/RBt4zoJE8n Don't support puppet candidates, support Trump - #VoteTrump! https://t.co/g8VNM2T‚Ä¶"
cook_robert_l,RT @Libertea2012: MT All of a sudden these wonderful Bernie and Jane pics are all over social media. In response to HRC‚Ä¶ #BernieStrong http‚Ä¶
shawn101059301,"RT @ElseMarilyn: #NYValues #CAPrimary 
#NYPrimary  #PAprimary  #PresidentTrump
#TrumpTrain #Trump2016 

üëéCruz For More Of The Same https://‚Ä¶"
S_3dog_div,RT @tedcruz: Thank you Colorado for another resounding victory! https://t.co/PXWWcifJKK #ChooseCruz #CruzCrew https://t.co/zhMVq5QpeH
profpjya,RT @NadelParis: Finger waggin' PinocchioCommunist needs2go #ImWithHer #millennialsforhillary #NewYorkPrimary https://t.co/6lveV70TZ3 https:‚Ä¶
Amberis4LSU,"RT @poodlelove55: If they deny @realDonaldTrump, I believe I have no choice but to leave party that proves itself corrupt! #VoteTrumpüåü http‚Ä¶"
Doug_39,MT @Shooters_Wife: A #VoteTedCruz is a vote for the #Constitution! #UniteWithCruz #TCOT https://t.co/XRTMu6FAvu #CruzCrew #PJNET
pms5699,RT @Chad_59: MT @Saint_Obama: Ted Cruz is attacked by the MSM DNC &amp; GOP. Ted's my Guy! https://t.co/KSNCu1jpDc #CruzCrew #PJNET
HarlanMarVleak,RT @NadelParis: Finger waggin' PinocchioCommunist needs2go #ImWithHer #millennialsforhillary #NewYorkPrimary https://t.co/6lveV70TZ3 https:‚Ä¶
LarryCampos1950,"RT @deeluttrell1960: #NeverLyingCheatingTedCruz #StopTheSteal #SneakySnakeCruz #Cruz-Ineligible 
#Cruz-UnderPressure https://t.co/OX6cTeR7FA"
tinahuntsme,"RT @LindaSuhler: The truth is like a lion;
you don‚Äôt have to defend it.
Let it loose;
it will defend itself.

#MakeAmericaGreatAgain https:‚Ä¶"
jimboazil,RT @AnnCauley: #BurnTheGOP  #Trump2016 #MAGA #TrumpTrain #StopTheSteal https://t.co/4mQXY1luYL
hayleybrowlln1e,RT @NadelParis: Finger waggin' PinocchioCommunist needs2go #ImWithHer #millennialsforhillary #NewYorkPrimary https://t.co/6lveV70TZ3 https:‚Ä¶
cook_robert_l,RT @TweetingYarnie: Oregon Independent voters u have to be reg as Dem to vote for Bernie&gt; https://t.co/QiHMj3q7Xa #Portland #ORprimary  htt‚Ä¶
susanfujioka,"RT @realDonaldTrump: ""@governor_savage: @realDonaldTrump is the only person who can save us from this corrupt political mess. #MakeAmericaG‚Ä¶"
madscape,"RT @dawngpsalm63: üôèüèªüá∫üá∏üôèüèªüá∫üá∏üôèüèªüá∫üá∏
#MakeAmericaGreatAgain 
#WeThePeople time to kick Ass
#BurnTheGop 
#TrumpTrain 
#Trump2017 #MAGA üá∫üá∏‚ù§Ô∏èüá∫üá∏ http‚Ä¶"
CowboyHero,"RT @jstines3: A ruling rightly given...

SCOTUS appointments will be CRITICAL! #CruzCrew #TrusTED #PJNET #TCOT #CCOT #RenewUS

https://t.co‚Ä¶"
kits54,"Not worth a mention on @DRUDGE_REPORT ? 
@DRUDGE   https://t.co/yiQYKlSv7j"
Erosunique,RT @AngelTilaLove: Let's #MakeAmericaGreatAgain by petitioning for @AZEALIABANKS to get out of our country since she hates it here so much!‚Ä¶
SupportMelania,Get on the Wall and support #Trump and  https://t.co/kELwaSacB6  https://t.co/1x7GNUjnSe
tegodreaux,"RT @LindaSuhler: SHAME
Attempted Coup on Phyllis Schlafly over Trump Endorsement =&gt;#CruzCrew
#Trump2016
 https://t.co/vsPYtBcOzC https://t.‚Ä¶"
peacelovehopeq,"RT @realDonaldTrump: ""@governor_savage: @realDonaldTrump is the only person who can save us from this corrupt political mess. #MakeAmericaG‚Ä¶"
SupportMelania,Get on the Wall and support #Trump and  https://t.co/kELwaSacB6  https://t.co/39k1P5gcNB
LarryCampos1950,"RT @TrumpTrain8: Cruz continues teaming up with the establishment to steal delegates, while Trump, the TRUE outsider, refuses to sellout. #‚Ä¶"
oyukaizne,RT @NadelParis: Finger waggin' PinocchioCommunist needs2go #ImWithHer #millennialsforhillary #NewYorkPrimary https://t.co/6lveV70TZ3 https:‚Ä¶
rossr122,Scott Brown Interviews #DonaldTrump (Video/Audio)... #Trump #Trump2016 #STOPGOPe #NewYork #California #TrumpTrain https://t.co/HVOLyFczV8
HereMeRoaring,#Woman4Trump up the volume!!  Sheer will and  https://t.co/PioHN4jUF4   https://t.co/rWlaVY6lL7
WeightLossMenrt,RT @NadelParis: Finger waggin' PinocchioCommunist needs2go #ImWithHer #millennialsforhillary #NewYorkPrimary https://t.co/6lveV70TZ3 https:‚Ä¶
bloodless_coup,Trump's delegate operation is the https://t.co/aQRNURXzEu of the 2016 campaign. Utterly botched &amp; boss blames everyone else. #CruzCrew
CarolBuie2,"RT @BOSSYtxmar55: #CruxVoterFraud 
‚úîVOTE‚úî TO:
#MakeAmericaGreatAgain 
With @realDonaldTrump 
üí°#Trump2016üí°
CAN'T trust TED #NeverCruz https:‚Ä¶"
mmccdenier,@worldmeetjohn @l_stone Only time will tell my dear
DanMartin_cards,RT @cpcllc: MT @DanMartin_cards: There's Only One RIGHT Choice For POTUS VOTE #TEDCRUZ. #ChooseCruz https://t.co/gxB8YLGBm6 #CruzCrew #PJNET
SupportMelania,Get on the Wall and support #Trump and  https://t.co/kELwaSacB6  https://t.co/B1CCUd7Gkg
Stevekallay1,RT @amrightnow: About You #RealDonaldTrump #trump2016 #TrumpTrain  Watch https://t.co/j58e8aacrE #VoteTrump2016 #2A  #Wisconsin https://t.c‚Ä¶
caitlinmcceayrd,RT @NadelParis: Finger waggin' PinocchioCommunist needs2go #ImWithHer #millennialsforhillary #NewYorkPrimary https://t.co/6lveV70TZ3 https:‚Ä¶
SupportMelania,Get on the Wall and support #Trump and  https://t.co/kELwaSacB6  https://t.co/ZEAFnYdvNz
wolfmother16,"RT @HI967tree4: #LetsDoThis 
Arm yourself with #FactsOnly, links, screenshots. 
#StandYourGround 
#StandTogether
#BernieStrong https://t.co‚Ä¶"
HypnosisDigtail,RT @NadelParis: Finger waggin' PinocchioCommunist needs2go #ImWithHer #millennialsforhillary #NewYorkPrimary https://t.co/6lveV70TZ3 https:‚Ä¶
Gramzy7,"RT @CliffWilkin: MT @jphilman0206: We need a POTUS to Unite us behind American Values, Constitution, &amp; Liberty https://t.co/qj6JBbgStV #Cru‚Ä¶"
shagsterjo,"RT @ElseMarilyn: #NYValues #CAPrimary 
#NYPrimary  #PAprimary  #AlwaysTrump #PresidentTrump
#TrumpTrain #Trump2016 

#BikersForTrump https:‚Ä¶"
NeuhausBrian,"RT @niknorton: If your candidate needs a white noise machine to hide what she's promising to donors, you're in denial.  #ImWithHer #Hillary‚Ä¶"
hpilsnews,RT @NadelParis: Finger waggin' PinocchioCommunist needs2go #ImWithHer #millennialsforhillary #NewYorkPrimary https://t.co/6lveV70TZ3 https:‚Ä¶
HillUnfiltered,"@fathers4hillary Hi! I love your page! You might like this video made for team HRC, especially at the 2:34 mark :) #ImWithHer"
HrcGeneration,"RT @joelbousley: This is not very progressive. If so, count me out. He deleted his comment. Below is a screenshot. #wtf #ImWithHer https://‚Ä¶"
SenFrankNiceley,RT @CliffWilkin: #NewYorkPrimary welcomes #PJNET and #CruzCrew for 2 great weeks of Fun as we #UnitewithCruz and #CruzToVictory https://t.c‚Ä¶
oikono1885,RT @veganvecoh: Actor Lou Ferrigno Endorses Donald Trump for President. VOTE #Trump2016 #TrumpTrain #MakeAmericaGreatAgain https://t.co/QA8‚Ä¶
The_TamaraJay,@BellaDama___ don't mind em! because 1st class in CU is like oxygen.
HartelDanceKOC,RT @NadelParis: Finger waggin' PinocchioCommunist needs2go #ImWithHer #millennialsforhillary #NewYorkPrimary https://t.co/6lveV70TZ3 https:‚Ä¶
sillybabybean,Definitely in Connecticut now...seen some deer and beautiful big houses!
SarahPalinLinks,Cruz picks up all delegates in Colo.; Sanders win in Wyo.  https://t.co/oAigOIRzxr #ChooseCruz
pdjf1,RT @VetsForDonald: Somebody's out having a good time. I think the village found their missing idiot. @tedcruz #Trump #TrumpTrain #Funny htt‚Ä¶
TheChappedHide,RT @SenFrankNiceley: He'll cut until the lights flicker in the Capitol Dome. #ChooseCruz #NYPrimary  https://t.co/k7slemK8AI
WinnaWinna2016,RT @Doug_39: MT @Shooters_Wife: A #VoteTedCruz is a vote for the #Constitution! #UniteWithCruz #TCOT https://t.co/XRTMu6FAvu #CruzCrew #PJN‚Ä¶
annie5133,RT @BilldeBlasio: She's always been a show stopper. Thanks to @HillaryClinton for taking #InnerCircle to the next level. #ImWithHer https:/‚Ä¶
spicepirate00,"RT @WeNeedHillary: The New York Times endorsed Hillary Clinton. She's qualified. https://t.co/TYSJKqaLaT
#ShesWithUs #ImWithHer https://t.c‚Ä¶"
mileysgames,"RT @ScottSaxman1: The kids in my day, the parents would beat their butts and say get back to your studies!! #TrumpTrain https://t.co/fNA5Ar‚Ä¶"
myclassicvibe,@CrystalDani_ beautiful happy sunday my friend fo lifexxx crystal
dirty_bills,https://t.co/jl8Pyj5qI4 check out this link for DEC stocking information in‚Ä¶ https://t.co/EmNuWHFzjQ
zacharycrulne,RT @NadelParis: Finger waggin' PinocchioCommunist needs2go #ImWithHer #millennialsforhillary #NewYorkPrimary https://t.co/6lveV70TZ3 https:‚Ä¶
GeoValeetinn,RT @NadelParis: Finger waggin' PinocchioCommunist needs2go #ImWithHer #millennialsforhillary #NewYorkPrimary https://t.co/6lveV70TZ3 https:‚Ä¶
june_fours,"RT @realDonaldTrump: ""@jlopez05391: @realDonaldTrump Rochester loves you! See you tomorrow! #MakeAmericaGreatAgain #Trump2016 #TrumpTrain""‚Ä¶"
CliffWilkin,"MT @ChuckNellis: Yes y'all, I did get @tedcruz to autograph my Maniacs For Cruz shirt! https://t.co/2COItQL0XD #CruzCrew #PJNET"
tinahuntsme,RT @jjmfry: #Truckers4Trump #TrumpArmy #AlwaysTrump  https://t.co/6vsNeE9ni1
HereMeRoaring,#Woman4Trump up the volume!!  Sheer will and  https://t.co/PioHN4jUF4   https://t.co/MJZ50dhCCN
barrype_ik,RT @NadelParis: Finger waggin' PinocchioCommunist needs2go #ImWithHer #millennialsforhillary #NewYorkPrimary https://t.co/6lveV70TZ3 https:‚Ä¶
Richieamx,"RT @AshleyEdam: end of April @realDonaldTrump - 968 delegates...cruz - 560
end of may Trump 1140...cruz 587
With 300 dels on June 7 https:/‚Ä¶"
Gramzy7,"RT @jstines3Paints: STAND FIRM, #CruzCrew!

#PrayForTed &amp; our USA! 

#RenewUS #WakeUpAmerica #CCOT #PJNET #TCOT #TrusTed #Cruz2016

https:/‚Ä¶"
WhytePantherRN,#WhytePanther #BernieOrBUST *VIDEO* (@BernieSanders #FeelTheBern) https://t.co/4Jz8JYjchI https://t.co/uPQSXXpuIs
1MADEINUSA,@DRJAMESCABOT @TALENTEDBLONDE HEY BLONDE! CAN I DO YOUR LAUNDRY?
daphne_b1,Pres Carter is an honest man @cartercenter. #hillarysoqualified #berniestrong #wethepeople #notmeus #hillno https://t.co/2OjpKwBrM4
CiaraLilyl,RT @NadelParis: Finger waggin' PinocchioCommunist needs2go #ImWithHer #millennialsforhillary #NewYorkPrimary https://t.co/6lveV70TZ3 https:‚Ä¶
eDvisedTravle,RT @NadelParis: Finger waggin' PinocchioCommunist needs2go #ImWithHer #millennialsforhillary #NewYorkPrimary https://t.co/6lveV70TZ3 https:‚Ä¶
Americanmama521,RT @kricket205: @realDonaldTrump @dutyofyou @Americanmama521 We got your back Mr Trump! U woke up a nation! #Woman4Trump #TrumpTrain #Alway‚Ä¶
BikinInMaine,"MT @ChuckNellis: Serious times require a serious candidate, #TedCruz. #SCPrimary https://t.co/VeL20CKOcA #CruzCrew #PJNET"
subadai1950,FOR PROSPERITY FOR ALL VOTE TRUMP https://t.co/XSpA5JjnJY
angelosteele,"RT @PamelaKealer13: Thank You Clint Eastwood For Endorsing TRUMP!
#MakeAmericaGreatAgain https://t.co/WthDHs2XlB"
AlbertDeAscenti,RT @TomKeough: #ToneDownForWhat #BernieOrBust #FeelTheBern #HillNo not ever! https://t.co/8KnV2m5Xii
theyoooooshow,"Yeesh! Not a great week for Bernie. 

#ImWithHer  https://t.co/OhEWXayaMR"
203foodie,Cocktails @cantiinbport #bpt #cantiin #cocktails #drinks #ffldcounty #food #foodie #foodporn‚Ä¶ https://t.co/v7YEkDOC1X
imfugus,"RT @dawngpsalm63: üôèüèªüá∫üá∏üôèüèªüá∫üá∏üôèüèªüá∫üá∏
#MakeAmericaGreatAgain 
#WeThePeople time to kick Ass
#BurnTheGop 
#TrumpTrain 
#Trump2017 #MAGA üá∫üá∏‚ù§Ô∏èüá∫üá∏ http‚Ä¶"
shagsterjo,"RT @ElseMarilyn: #NYValues #CAPrimary 
#NYPrimary  #PAprimary  #AlwaysTrump #PresidentTrump
#TrumpTrain #Trump2016 

#BikersForTrump https:‚Ä¶"
TheChappedHide,RT @CliffWilkin: #NewYorkPrimary welcomes #PJNET and #CruzCrew for 2 great weeks of Fun as we #UnitewithCruz and #CruzToVictory https://t.c‚Ä¶
patchrhythm,"RT @Crystal4Trump: Only 14,059 Signatures on Petition to #StopTheSteal #TrumpTrain #Trump https://t.co/gnOc8wcjZI"
balbert3,"There's still nothing more fascinating than a Prince story!!

https://t.co/5tYnlT9eww"
cook_robert_l,RT @Libertea2012: MT Watch Bernie's new adüíô ‚ù§Ô∏èOUR AIM: #MakeHistory for our neighbors and our‚Ä¶ https://t.co/zDi5BALigJ #BernieStrong https:‚Ä¶
sleuth123,RT @BilldeBlasio: She's always been a show stopper. Thanks to @HillaryClinton for taking #InnerCircle to the next level. #ImWithHer https:/‚Ä¶
PamRynolds,Hillary Clinton #ImWithHer Large White Custom Decal IntlShip #democrat  #dnc #CTL #CTL #dnc #sgp https://t.co/QG2k3I8lms
stormestone,"RT @realDonaldTrump: ""@jlopez05391: @realDonaldTrump Rochester loves you! See you tomorrow! #MakeAmericaGreatAgain #Trump2016 #TrumpTrain""‚Ä¶"
decalarama,Hillary Clinton #ImWithHer Huge White Custom Decal #democrat  #tcot #TopProg #p2 https://t.co/Sh6Nes3gz3
GOT7news,160410 || ŸÇŸàÿ™ ÿ≥ŸäŸÅŸäŸÜ ŸÅŸä ÿ≠ÿØÿ´ ŸÅÿßŸÜ ÿ≥ÿßŸäŸÜ ÿßŸÜÿ™ÿ¥ŸàŸÜ ( ÿ¨Ÿä ÿ®Ÿä ) https://t.co/0myMj3Ipy9
HereMeRoaring,#Woman4Trump up the volume!!  Sheer will and  https://t.co/PioHN4jUF4   https://t.co/EQlIXS8qjV
TomKeough,#ToneDownForWhat #BernieOrBust #FeelTheBern #HillNo not ever! https://t.co/7SRptjwz0w
Dcoulibaly97,B-R-O-O-K-L-Y-N üèôüóΩüíØ
DanMartin_cards,RT @crosswindlive: MT @DanMartin_cards: There's Only One RIGHT Choice For POTUS VOTE #TEDCRUZ. #ChooseCruz https://t.co/vT3FjvlLWU #CruzCre‚Ä¶
imarkex,"RT @StevePerkins14: .#NYPrimary #VoteCruz 
We need true conservatives to unite the fight for Cruz and #Makedclisten https://t.co/uZmfyMhiua"
jayajsupeerroh,RT @NadelParis: Finger waggin' PinocchioCommunist needs2go #ImWithHer #millennialsforhillary #NewYorkPrimary https://t.co/6lveV70TZ3 https:‚Ä¶
SP_JohnSullivan,RT @CliffWilkin: #NewYorkPrimary welcomes #PJNET and #CruzCrew for 2 great weeks of Fun as we #UnitewithCruz and #CruzToVictory https://t.c‚Ä¶
DWilloughy,RT @MMViverito: And then there is this...#ImWithHer #EstoyConElla #EstamosConElla #WeAreWithHer cc: @HillaryClinton https://t.co/6c4aq5xyua
Bethieaglehawk,RT @DavidFWhitten67: I know I've built a #BridgeToBernie with a few friends who started out saying #ImWithHer and who now #FeelTheBern. The‚Ä¶
gottchakidslol,"RT @UCitizens: We need to find RV parks, hotels, motels, and homes outside Cleveland to stage ourselves! Any ideas from Ohioans? #TrumpTrai‚Ä¶"
IdiocracyNowPlz,#NeverCruz #CruzCrew #NeverKasich #StumpTheCucks #MAGA @tedcruz @JohnKasich @realDonaldTrump @GOP Down w/ plutocracy https://t.co/pTOj1vHLph
Manni_syd,"RT @YourPotus: #GOP * Buffalo For Trump

#GOPcampaign #Buffalo #BuffaloForTrump #TrumpTeam #TrumpTrain #YourPotus #BuffaloNewYork https://t‚Ä¶"
glutenfreedoc,Headed back to UB #D'Adamo Center of Excellence for day 2 of #opus23 training - woo hoo!
june_fours,RT @WeNeedTrump: I just don't understand how people can support socialism or communism... Unless they're lazy and or broke as hell. #MakeAm‚Ä¶
DanMartin_cards,RT @TNople: MT @DanMartin_cards: There's Only One RIGHT Choice For POTUS VOTE #TEDCRUZ. #ChooseCruz https://t.co/kxUs3Bwiid #CruzCrew #PJNE‚Ä¶
GoguenChris,Race day today on the edge of the Atlantic Ocean!  I can't wait to Race this afternoon.‚Ä¶ https://t.co/PKIJuj9h54
DarleneHBrook,"#CruzCrew if you haven't already PLEASE visit:
@newzealblog
@EnemiesWithinUS https://t.co/zM1m2yLGa6 #EnemiesWithin https://t.co/4mfTp7z2f4"
AdeptMarketign,RT @NadelParis: Finger waggin' PinocchioCommunist needs2go #ImWithHer #millennialsforhillary #NewYorkPrimary https://t.co/6lveV70TZ3 https:‚Ä¶
mcjaxon2,"RT @CliffWilkin: MT @ChuckNellis: Vote for God &amp; Country, Not for greed &amp; corruption. Vote @TedCruz! https://t.co/tmL5EkNvfH #CruzCrew #PJN‚Ä¶"
HereMeRoaring,#Woman4Trump up the volume!!  Sheer will and  https://t.co/PioHN4jUF4   https://t.co/A4HQA0yCus
ConserValidity,RT @LibertyUSA1776: Cruz won prominent NY straw poll.. https://t.co/BMcOwsNpAm #CruzCrew üá∫üá∏üá∫üá∏ Why #NYPrimary should #ChooseCruz üëâüèæ https://‚Ä¶
lyubomirsharav1,RT @NadelParis: Finger waggin' PinocchioCommunist needs2go #ImWithHer #millennialsforhillary #NewYorkPrimary https://t.co/6lveV70TZ3 https:‚Ä¶
oikono1885,RT @realCalvinHobbs: Governor Ralph Torres NMI R Endorses Donald Trump for President #CA https://t.co/vXCEyW9z0L #NeverCruz #TrumpTrain htt‚Ä¶
arianacabello93,@shaymitch happy birthday you gorgeous angle sent from God love u so much btw no one is aloud to look so perfect‚ù§Ô∏è‚ù§Ô∏è https://t.co/idlb0HqroM
tbroughton66,RT @Lrihendry: MUST SEE! FULL #DonaldTrump POWERFUL Interview With @JudgeJeanine https://t.co/QKeO4UgvFR #VoteTrump2016 #TCOT #MakeAmericaG‚Ä¶
GinnyQuaglia,"RT @1stbornAmerican: ""- and a better candidate, in the end, than the party‚Äôs establishment deserves."" #ChooseCruz #CruzCrew  https://t.co/g‚Ä¶"
RandiMartos,seab1016 bridal bouquet.... @adammartos #Martoswedding @ Renaissance‚Ä¶ https://t.co/tiQO6EDQOg
JDRunner34,"RT @niknorton: If your candidate needs a white noise machine to hide what she's promising to donors, you're in denial.  #ImWithHer #Hillary‚Ä¶"
bony_rabbit,"RT @GodlessNZ: #JaneSanders beautiful inside &amp; out will be smart, strong, dignified #FLOTUS &amp; #JOTUS we &lt;3 you two #FeelTheBern https://t.c‚Ä¶"
imfugus,"RT @BoCleo2: Thank you!
#MakeAmericaGreatAgain
 https://t.co/0wtP4GfxIl"
DWilloughy,"RT @JasonMDNA: When Sanders starts bashing trade deals from Clinton presidency, I send a friendly reminder. #ImWithHer #NY4Hillary https://‚Ä¶"
chrissduffy,Awful news to wake to. Rest in peace  https://t.co/1xaUQptICo
Soccerary,Here's to my last ever club volleyball tournament üèêüíô‚ù§Ô∏è
DebAlwaystrump,"RT @dawngpsalm63: I find it VERY disturbing how they portray
#Cruz as the "" Second coming of Christ""
Darkness surrounds him! üá®üá¶üêçüë©üèº‚òéÔ∏èüòà https‚Ä¶"
ivorygrace7,Today we have a meetup happening! https://t.co/Xi10gX5j67
CarolBuie2,"RT @22Americanfirst: #Trump2016 #Trump #TrumpTrain #MakeAmericaGreatAgain #DonaldTrump #OnlyTrump #PresidentTrump #WomenForTrump
   https:/‚Ä¶"
Carolde,"RT @pnicastro1: @realDonaldTrump @PennyHicks13 @Carolde @kisster1 @FoxNews 
It all starts with getting to #1237 !
Make it so! #VoteTrump #N‚Ä¶"
atabaki_b,"RT @TheCyancynic: @anondud3 @berniesanders_1 @BernieSanders What her fans call ""attacks"" we just call ""her record"".  They don't get it.  #N‚Ä¶"
MrKHs5,RT @NadelParis: Finger waggin' PinocchioCommunist needs2go #ImWithHer #millennialsforhillary #NewYorkPrimary https://t.co/6lveV70TZ3 https:‚Ä¶
ChefLadyBwrno,RT @NadelParis: Finger waggin' PinocchioCommunist needs2go #ImWithHer #millennialsforhillary #NewYorkPrimary https://t.co/6lveV70TZ3 https:‚Ä¶
amrightnow,#military #veterans https://t.co/j58e8aacrE via @YouTube #realdonaldtrump #MakeAmericaGreatAgain https://t.co/hNHAqVu5B4
casnadmo,RT @NadelParis: Finger waggin' PinocchioCommunist needs2go #ImWithHer #millennialsforhillary #NewYorkPrimary https://t.co/6lveV70TZ3 https:‚Ä¶
doctorbitusa,"RT @DanScavino: #TrumpTrainüöÇüí®üá∫üá∏üá∫üá∏üá∫üá∏üá∫üá∏üóΩ
WELCOME AMERICA'S MAYOR, Rudy Giuliani! #Trump2016 #MAGA 
#NewYorkValues https://t.co/4BvNiCAboU"
mrshobbs58,RT @rossr122: Scott Brown Interviews #DonaldTrump (Video/Audio)... #Trump #Trump2016 #STOPGOPe #NewYork #California #TrumpTrain https://t.c‚Ä¶
Bethsdream,"RT @ImagineAnna: Cruz facing disqualification for fraud in EIGHT STATES!!

#WakeUpAmerica #tcot #CruzSexScandal #TrumpTrain

https://t.co/h‚Ä¶"
patchrhythm,RT @O_IrishT: ‚òòüá∫üá∏üî•üëâBan elect. voting machines fixed to cap Mr.Trump ‚¨áÔ∏è 50%. Demand use of paper ballots. .#TrumpTrain .@Mferris67  https://‚Ä¶
GOT7news,160410 || ŸÇŸàÿ™ ÿ≥ŸäŸÅŸäŸÜ ŸÅŸä ÿ≠ÿØÿ´ ŸÅÿßŸÜ ÿ≥ÿßŸäŸÜ ÿßŸÜÿ™ÿ¥ŸàŸÜ ( ÿ®ÿßŸÖ ÿ®ÿßŸÖ ) https://t.co/buXDwlaHD4
EliadDagan,RT @nanajill211: MT @jphilman0206: He stood for us when the rest betrayed us. #TrusTed #UniteWithCruz https://t.co/dIahRe11rn #CruzCrew #PJ‚Ä¶
DevonCrdano,RT @NadelParis: Finger waggin' PinocchioCommunist needs2go #ImWithHer #millennialsforhillary #NewYorkPrimary https://t.co/6lveV70TZ3 https:‚Ä¶
mcjaxon2,RT @Network_Citizen: MT @JosephEach: @tedcruz has done exactly what he said he would do. Even when he stood alone. https://t.co/WI387C32rp‚Ä¶
CharlesHamerle,"@DavidMcMahon9 @tm00123 @marklevinshow @ASavageNation like Trump, is all about personal attack. Not slowing Cruz one bit. #ChooseCruz"
spicepirate00,RT @BJHare: Clinton leads Sanders by double-digits in new Pa. primary poll: Wednesday Morning Coffee https://t.co/lLe0VI0FEu #ImWithHer
TeamOTG,#FeelTheBern #BernieSanders #VOTEBernie #OTG4BernieSanders https://t.co/3kXnW0p3yC
Earl_59,MT @CliffWilkin: CRUZ committed to smaller government. https://t.co/ksphq3RyRr #CruzCrew #PJNET
tiptopstop,"Anybody that calls #HillaryClinton a liar: ""let him who is without sin cast the first stone"" ...bye! #Still4Hillary #ImWithHer"
omartin41,"RT @nobamanoway: Missed 165 of 1,039 roll call votes, 15.9%.
Endorsed by Jeb, Mitt, Lindsay and Ryan.
Canadian?
#CruzSexScandal https://t.c‚Ä¶"
ejninpritn,RT @NadelParis: Finger waggin' PinocchioCommunist needs2go #ImWithHer #millennialsforhillary #NewYorkPrimary https://t.co/6lveV70TZ3 https:‚Ä¶
D_Ericson,RT @PopcornOnMyBeef: #ImWithHer https://t.co/htG5m1cGUd
Ontly,RT @CliffWilkin: #NewYorkPrimary welcomes #PJNET and #CruzCrew for 2 great weeks of Fun as we #UnitewithCruz and #CruzToVictory https://t.c‚Ä¶
simplylorilee,RT @AmberForAmerica: MT @CliffWilkin: CRUZ committed to smaller government. https://t.co/xqWFwE44Z7 #CruzCrew #PJNET
BactiveorBquiet,RT @FloridaforHRC: Liberal &amp; Think @HillaryClinton Is Corrupt-You Are Rewarding 25 Yrs of GOP Smears #ImWithHer https://t.co/roANEsGp3K htt‚Ä¶
KenziPrithcrda,RT @NadelParis: Finger waggin' PinocchioCommunist needs2go #ImWithHer #millennialsforhillary #NewYorkPrimary https://t.co/6lveV70TZ3 https:‚Ä¶
PrattNature,"April 30th 5k Trail Run, Register Here https://t.co/LtTcyhHF9a   #5k #dirtdash‚Ä¶ https://t.co/ZiYxeOxuqU"
JaeCreitch,"@Ib2drtIbdrt .. @Reince &amp; @GOP r gonna take the nomination from @tedcruz also .. glad #TrumpTrain has the nerve 2 FIGHT

#Weak
#CruzCrew"
Lindar52Rowe,RT @rafealcuzr66: #CruzCrew: RT TexasTribune: .TedCruz sweeps delegates up for grabs in Colorado | PatrickSvitek reports: ‚Ä¶ https://t.co/yn‚Ä¶
Bambi4u269,"@32Dell 
Thank You, I feel Special
https://t.co/G9GwkzEhCR
#NakedOnTheBeach #GGILF #Sexy60 https://t.co/aHgVMXGNQF"
CatMaster81,RT @tedcruz: Thank you Colorado for another resounding victory! https://t.co/PXWWcifJKK #ChooseCruz #CruzCrew https://t.co/zhMVq5QpeH
bloodless_coup,Trump figured personality alone would get him to the WH. He never figured he'd actually have to... work for it. Oh well. Boo-hoo. #CruzCrew
Lindar52Rowe,"RT @Shooters_Wife: .@tedcruz: If elected President, I'll veto any statute that exempts Congress. The law should apply evenly to every Ameri‚Ä¶"
MichelleDdennis,So TRUE. #TrusTED #ChooseCruz #CruzCrew All the way! https://t.co/83vCv1MYL2
simplylorilee,RT @SenFrankNiceley: He'll cut until the lights flicker in the Capitol Dome. #ChooseCruz #NYPrimary  https://t.co/k7slemK8AI
DesignDhakaMKRT,RT @NadelParis: Finger waggin' PinocchioCommunist needs2go #ImWithHer #millennialsforhillary #NewYorkPrimary https://t.co/6lveV70TZ3 https:‚Ä¶
Stonewall_77,RT @AuntBree567: THE JOKE IS ESTABLISHMENT THINK WE DON'T GET IT.PAUL RYAN HAS 0% INTEGRITY!HE'S ALL 4 PAUL&amp;NOT 4 USA!!! ANOTHER BUM! https‚Ä¶
mssnowwhitty,"RT @fussylooksowhat: Laura Bush SLAMS The GOP, Says She‚Äôd Rather Vote For Hillary Than A Republican @HillaryClinton #ImWithHer #POTUS2016
h‚Ä¶"
mmccdenier,@worldmeetjohn @krisluvsskiing @Kursk1939 Just wondering how many times you trashed Harper in the past...if you can't take it....
adviseagainstit,RT @Trump20never101: @PolitiBunny @realDonaldTrump @AnnCoulter #trump20never101 #NeverTrump #CruzCrew https://t.co/8ttqamNBNv
GlennSilva76,RT @Chad_59: MT @JVER1: TED WILL SUPPORT OUR FRIENDS. #ChooseCruz https://t.co/oFdXiS49TM #CruzCrew #PJNET
Edgardovictori1,@GiorgiaPiscina @wbff @Domin8TheStage nice body my friend
aquarharris688,Different states have different cost of living! Its called common sense! #ImWithHer  https://t.co/7hUN3FrWfi
stormestone,"RT @realDonaldTrump: ""@governor_savage: @realDonaldTrump is the only person who can save us from this corrupt political mess. #MakeAmericaG‚Ä¶"
LindaGarriss,"RT @SandraHartle: üîπ #Trump
üîπ #MAGA
üîπ #Women4Trump
üîπ #NYValues
üîπ #NYPrimary
üîπ #CruzCrew
üîπ #NJ #VA
üîπ #stayonbudget
üîπ #BigHeart
üîπ #PA https://‚Ä¶"
Lindar52Rowe,RT @cindiperez48: It's Time For A President Who Has Actually Studied The Constitution! Vote TED CRUZ 2016! #CruzCrew #PJNET https://t.co/X9‚Ä¶
bristola48,"RT @JJManring: #ThisHillary
#HillarySoQualified 
#HillYes #üëçüèªüëçüèª
My expanded (Lemon Freshüçã) opinion piece on why I support #Hillary https://‚Ä¶"
AmberForAmerica,RT @cpcllc: MT @PatriotJewel: Thank God we finally have a constitutional conservative running! #UniteWithTed https://t.co/yilAvcJolA #CruzC‚Ä¶
D_Ericson,RT @SouthSeaGold: #ImWithHer https://t.co/0NUu1nhpPK
subadai1950,DONT LET REPUBLICAN LEADERS STEEL YOUR VOTE VOTE TRUMP https://t.co/xM6wKCvZuy
TetackPi,RT @NadelParis: Finger waggin' PinocchioCommunist needs2go #ImWithHer #millennialsforhillary #NewYorkPrimary https://t.co/6lveV70TZ3 https:‚Ä¶
staywavybaby__,im literally always home if im not home im with my bestfriend &amp; we're always in her house.
jody_rossel,RT @Micha_Joy: Why do I support @realDonaldTrump ? My children's future is at stake. #MakeAmericaGreatAgain https://t.co/0qwN3botKf
DebAlwaystrump,"RT @deeluttrell1960: #NeverLyingCheatingTedCruz #StopTheSteal #SneakySnakeCruz #Cruz-Ineligible 
#Cruz-UnderPressure https://t.co/OX6cTeR7FA"
restartyurifle,RT @NadelParis: Finger waggin' PinocchioCommunist needs2go #ImWithHer #millennialsforhillary #NewYorkPrimary https://t.co/6lveV70TZ3 https:‚Ä¶
Lindar52Rowe,RT @CruzinAhead: Freinds don't let friends vote for a con artist! Do your part &amp; convince a friend! #NeverTrump #ChooseCruz https://t.co/9a‚Ä¶
Fjartino,RT @Pitt4Hillary: OMG ...Hilarious lol üòÇüòùü§ó #BernieSanders ‚û°Ô∏è #FeelTheMath #ImWithHer  https://t.co/4vcIuviBeD
somethingclever,#BernieOrBust  #ImWithHer  #HillNo https://t.co/zd7x3Pchw8
geekiestwoman,"RT @ChristieC733: Donald Trump speaks for me.  

üî¥ #NoMorePC 

‚ö™Ô∏è #WomenForTrump 

üîµ #WisconsinForTrump 

üá∫üá∏ #MakeAmericaGreatAgain https:/‚Ä¶"
Manni_syd,RT @joshgremillion: Let's welcome @RealRudyGiulian to #TeamTrump- the winning team. #MakeAmericaGreatAgain #Trump2016  #NewYorkPrimary http‚Ä¶
techtherapiste,RT @NadelParis: Finger waggin' PinocchioCommunist needs2go #ImWithHer #millennialsforhillary #NewYorkPrimary https://t.co/6lveV70TZ3 https:‚Ä¶
D_Ericson,"RT @PopcornOnMyBeef: When Bernie Bros say ""She is unqualified,"" they are really speaking to sexism. It's shameful. #ImWithHer https://t.co/‚Ä¶"
sunshinette,RT @immigrant4trump: New York values are American values #NewYorkValues #Trump2016 #NYPrimary #VoteTrump https://t.co/695kq5H3Xv
djgrolyo,As of 2day-HC lead in NY is growing again. Avg of 20+ lead based on 6 current polling averages.  #ImWithHer #NYPrimary #HillarySoQualified
GinaGatesAurhot,RT @NadelParis: Finger waggin' PinocchioCommunist needs2go #ImWithHer #millennialsforhillary #NewYorkPrimary https://t.co/6lveV70TZ3 https:‚Ä¶
khakisalmon,Only Bernie can win yet still lose. #HillarySoQualified #ImWithHer  https://t.co/WXlfpehbJX
yodasworld,"RT @jamesbarnes2: Enough Said!!!!

#ImWithHer #UniteBlue https://t.co/SQN4zZ7sR5"
VIPSLSIB,RT @NadelParis: Finger waggin' PinocchioCommunist needs2go #ImWithHer #millennialsforhillary #NewYorkPrimary https://t.co/6lveV70TZ3 https:‚Ä¶
griffinjoshua55,RT @bloodless_coup: Kasich finished 4th in a 3-man race again. Donny-the-Magnificent? Joins Kasich: COULDN'T EVEN BEAT MARCO. #CruzCrew htt‚Ä¶
ogspvceghxst,@tiffyMontana we out you got any already ?
patchrhythm,RT @immigrant4trump: New York values are American values #NewYorkValues #Trump2016 #NYPrimary #VoteTrump https://t.co/695kq5H3Xv
CliffWilkin,RT @MichelleDdennis: So TRUE. #TrusTED #ChooseCruz #CruzCrew All the way! https://t.co/83vCv1MYL2
heckstalllo,"RT @Shoq: Yeah, that's sort of an ouchie. #FeetheBurn #ImWithHer #HillaryClinton #BernieSanders #feelthebern  https://t.co/ezpZuHNA4m"
Syd_is_FNEI,RT @NadelParis: Finger waggin' PinocchioCommunist needs2go #ImWithHer #millennialsforhillary #NewYorkPrimary https://t.co/6lveV70TZ3 https:‚Ä¶
69donald420,anus licking #makeamericagreatagain
D_Ericson,"RT @BobbyTBD: No matter what list I'm put on, what threat is made or what slur is used. #ImWithHer #WYCaucus #Wyoming #NYPrimary https://t.‚Ä¶"
ogi_gogi,"RT @The99forBernie: Idk Hillary, for some reason Bernie feels perfectly fine when people bring up his record #BernieOrBust #FeelTheBern htt‚Ä¶"
mssnowwhitty,@fussylooksowhat @HillaryClinton #ImWithHer
JackieLCannella,@davidiansimpso3 @cagerhanssen @Dwarskijker1 üëç.  together we will #MakeAmericaGreatAgain .
JReckas,"So the #CruzCrew is good that Ted waves the Constitution while stealing delegates disenfranchising voters, &amp; speaks against free speech? WoW"
xusafsmokeeater,"RT @realDonaldTrump: ""@governor_savage: @realDonaldTrump is the only person who can save us from this corrupt political mess. #MakeAmericaG‚Ä¶"
TheRealBizzyman,"And when you win an OPEN CAUCUS in a WHITE state by a mere 56-44, sorry Bernie you are Berntout in your Bern-mentum #ImWithHer #Bernie2016"
Blarney51,RT @LibertyUSA1776: Cruz won prominent NY straw poll.. https://t.co/BMcOwsNpAm #CruzCrew üá∫üá∏üá∫üá∏ Why #NYPrimary should #ChooseCruz üëâüèæ https://‚Ä¶
wrs1260,"RT @carlie_orsini: Things are getting very ugly, it's  hard to wrap my mind around their sinister scheme#Trump2016‚ú®üá∫üá∏‚ú® https://t.co/OHSvZhB‚Ä¶"
fitzrandolph4,"RT @Don_Vito_08: üòçWE LOVE THE #TrumpTrain üòç Strongüí™üèæ and Together üë´
We got this!! üëä #NewYorkValues #NYPrimary #NeverCruz @tedcruz https://t‚Ä¶"
BanditGolf,RT @angelathomas22: @MileHighStriker @BanditGolf @Taniel @MattMackowiak @SteveDeaceShow THANK YOU! Well earned victory! #CruzCrew
Lindar52Rowe,RT @AmberForAmerica: MT @sunbeltgirl: A principled constitutional conservative fighter in Senate endorsed @tedcruz. https://t.co/5h1lEJ7qUf‚Ä¶
BarbieKayB,RT @HereMeRoaring: #Woman4Trump up the volume!!  Sheer will and  https://t.co/PioHN4jUF4   https://t.co/Hp54RyhCp8
psmsinglepatrne,RT @NadelParis: Finger waggin' PinocchioCommunist needs2go #ImWithHer #millennialsforhillary #NewYorkPrimary https://t.co/6lveV70TZ3 https:‚Ä¶
CarmineZozzora,"RT @HardcoreRep: So this happened. @cologop #cogop2016 ""They did it"" Now claiming they were hacked! Please, tell us more. #TrumpTrain https‚Ä¶"
jessicabergm,RT @BobbyTBD: Sorry @BernieSanders u don't own us all! #ImWithHer #Millennials4Hillary #MillennalsForHillary @HillaryClinton https://t.co/6‚Ä¶
EastTNWomenDems,"Bernie Sanders will be supporting Hillary Clinton if she wins the Democrat nomination. 

#TN #TFDW #ImWithHer... https://t.co/24gc5WxK5A"
